:020000040800F2
:1000000000000220E9070108CD070108CF07010819
:10001000D1070108D3070108D50701080000000037
:10002000000000000000000000000000C13A0008CD
:10003000D707010800000000413D0008A73D000867
:100040003908010839080108390801083908010888
:100050003908010839080108390801083908010878
:100060003908010839080108390801083908010868
:100070003908010839080108390801083908010858
:100080003908010839080108390801083908010848
:100090003908010839080108390801083908010838
:1000A0003908010839080108390801083908010828
:1000B0003908010839080108390801083908010818
:1000C0003908010839080108390801083908010808
:1000D00039080108390801083908010839080108F8
:1000E00039080108390801083908010839080108E8
:1000F00039080108390801083908010839080108D8
:1001000039080108390801083908010839080108C7
:10011000390801083908010839080108D907010818
:1001200039080108390801083908010839080108A7
:100130003908010839080108390801083908010897
:100140003908010839080108390801083908010887
:100150003908010839080108390801083908010877
:100160003908010839080108390801083908010867
:1001700039080108390801083908010800000000A1
:080180003908010839080108E3
:100190000348044B834202D0034B03B11847704716
:1001A0001000002010000020000000000548064B51
:1001B0001B1AD90F01EBA301491002D0034B03B165
:1001C00018477047100000201000002000000000B9
:1001D00010B5064C237843B9FFF7DAFF044B13B18F
:1001E0000448AFF300800123237010BD10000020ED
:1001F00000000000B008010808B5044B1BB1044919
:100200000448AFF30080BDE80840CFE700000000DD
:1002100014000020B008010880B58CB004AFF8606D
:10022000B9603B601346FB80FB889B00184603F0D7
:1002300075F978617B69002B13D0682003F06EF9A3
:10024000F861FB69002B08D068220021F86910F0E2
:10025000F4FAFB697A691A6305E0786903F01AFA1F
:1002600001E00023FB61FB69002B13D0FA88002317
:100270000393FB690293FB6A0193BB6A00933B689B
:10028000B968F86800F00EF8F86900F093F80123F7
:10029000BB6102E04FF0FF33BB61BB6918462037FA
:1002A000BD4680BD80B588B000AFF860B9607A60A7
:1002B0003B603B6B1A6B7B6803F18043013B9B0007
:1002C0001344BB61BB6923F00703BB61BB6903F047
:1002D0000703002B0BD04FF0500383F31188BFF3BB
:1002E0006F8FBFF34F8F7B6100BF00BFFDE7BB681F
:1002F000002B1ED00023FB6112E0BA68FB69134497
:1003000019783A6BFB69134434330A461A70BA6899
:10031000FB6913441B78002B06D0FB690133FB619A
:10032000FB690F2BE9D900E000BF3B6B002283F88B
:100330004320BB6A1F2B0BD94FF0500383F3118866
:10034000BFF36F8FBFF34F8F3B6100BF00BFFDE76F
:10035000BB6A1F2B01D91F23BB623B6BBA6ADA62EF
:100360003B6BBA6A5A643B6B0433184603F053FE86
:100370003B6B1833184603F04EFE3B6B3A6B1A6129
:10038000BB6AC3F120023B6B9A613B6B3A6B5A62CA
:100390003A68F968B86903F033FB02463B6B1A60B0
:1003A000FB6A002B02D0FB6A3A6B1A6000BF203751
:1003B000BD4680BD80B584B000AF786003F066FCB8
:1003C0003E4B1B6801333D4A13603D4B1B68002BBD
:1003D00009D13B4A7B681360384B1B68012B10D155
:1003E00001F0CCFB0DE0374B1B68002B09D1344BDF
:1003F0001B68DA6A7B68DB6A9A4202D8304A7B68FB
:100400001360314B1B6801332F4A13607B68DB6A32
:1004100001229A402D4B1B6813432C4A13607B68C2
:10042000DA6A2B4913469B0013449B000B440433A8
:100430001B68FB607B68FA689A60FB689A687B6857
:10044000DA60FB689B687A6804325A607B681A1D20
:10045000FB689A607B68DA6A13469B0013449B0032
:100460001B4A1A447B685A617B68DA6A184913464A
:100470009B0013449B000B441B68591C14481346F3
:100480009B0013449B000344196003F02FFC0D4BA9
:100490001B68002B0ED00A4B1B68DA6A7B68DB6A8C
:1004A0009A4207D20B4B4FF080521A60BFF34F8F26
:1004B000BFF36F8F00BF1037BD4680BD2003002003
:1004C0002C0000202C0300203C03002028030020E7
:1004D0003000002004ED00E080B584B000AF78600B
:1004E00003F0D4FB7B68002B03D13C4B1B68FB6003
:1004F00001E07B68FB60FB680433184603F0F2FD03
:100500000346002B15D1FB68DA6A354913469B0078
:1005100013449B000B441B68002B0AD1FB68DB6A69
:10052000012202FA03F3DA432E4B1B6813402D4AD3
:100530001360FB689B6A002B04D0FB6818331846D5
:1005400003F0D0FD284B1B680133274A1360234B6F
:100550001B68FA689A420BD1FB680433194623489A
:1005600003F065FD224B1B680133214A136006E04E
:10057000204B1B68013B1F4A136001F07DFB03F019
:10058000B5FB164B1B68FA689A4202D0F86801F076
:1005900063FB194B1B68002B1CD0104B1B68FA68BF
:1005A0009A4217D1154B1B68002B0BD04FF050030C
:1005B00083F31188BFF36F8FBFF34F8FBB6000BF12
:1005C00000BFFDE70E4B4FF080521A60BFF34F8F14
:1005D000BFF36F8F00BF1037BD4680BD2C000020D9
:1005E00030000020280300203C030020F4020020FB
:1005F00008030020200300202C03002048030020D3
:1006000004ED00E080B58AB000AF78603960002367
:100610007B627B68002B0BD14FF0500383F3118872
:10062000BFF36F8FBFF34F8F7B6100BF00BFFDE74C
:100630003B68002B0BD14FF0500383F31188BFF3BD
:100640006F8FBFF34F8F3B6100BF00BFFDE72B4BA8
:100650001B68002B0BD04FF0500383F31188BFF3BE
:100660006F8FBFF34F8FFB6000BF00BFFDE700F04F
:1006700003FC234B1B683B627B681B683A6813448E
:10068000FB617B681B683A6A9A420BD27B681B68E5
:10069000FA699A4211D2FA693B6A9A420DD901234A
:1006A0007B620AE07B681B68FA699A4203D3FA69A5
:1006B0003B6A9A4201D901237B627B68FA691A601E
:1006C0007B6A002B06D0FA693B6AD31A00211846D0
:1006D00002F024FA00F0DEFBB861BB69002B07D101
:1006E000084B4FF080521A60BFF34F8FBFF36F8FEC
:1006F0007B6A18462837BD4680BD00BF48030020EE
:100700002403002004ED00E080B584B000AF7860E1
:100710000023FB607B68002B18D0144B1B68002B58
:100720000BD04FF0500383F31188BFF36F8FBFF3EB
:100730004F8FBB6000BF00BFFDE700F09DFB0021B5
:10074000786802F0EBF900F0A5FBF860FB68002B7D
:1007500007D1074B4FF080521A60BFF34F8FBFF3A2
:100760006F8F00BF1037BD4680BD00BF480300201B
:1007700004ED00E080B584B000AF786003F086FA45
:100780007B68002B03D1084B1B68FB6001E07B6892
:10079000FB60FB68DB6ABB6003F0A8FABB68184625
:1007A0001037BD4680BD00BF2C00002080B588B04A
:1007B00000AF786003F03FFBEFF311824FF050037E
:1007C00083F31188BFF36F8FBFF34F8F3A61FB60E4
:1007D0003B69BB617B68002B03D10A4B1B68FB6143
:1007E00001E07B68FB61FB69DB6A7B61BB69BB6025
:1007F000BB6883F3118800BF7B6918462037BD466C
:1008000080BD00BF2C00002080B588B000AF7860AC
:1008100039600023BB613B681F2B0BD94FF050039D
:1008200083F31188BFF36F8FBFF34F8FBB6000BF9F
:1008300000BFFDE73B681F2B01D91F233B6003F07E
:1008400025FA7B68002B03D1554B1B68FB6101E047
:100850007B68FB61FB695B6C7B617A693B689A42F0
:1008600000F098803A687B699A420DD94C4B1B681E
:10087000FA699A420FD04A4B1B68DB6A3A689A427F
:1008800009D30123BB6106E0454B1B68FA699A4214
:1008900001D10123BB61FB69DB6A3B61FB695A6CD7
:1008A000FB69DB6A9A4202D1FB693A68DA62FB694A
:1008B0003A685A64FB699B69002B04DB3B68C3F10F
:1008C0002002FB699A61FB6959693A6913469B00EA
:1008D00013449B00334A1344994250D1FB690433BB
:1008E000184603F0FFFB0346002B09D101223B69A8
:1008F00002FA03F3DA432C4B1B6813402A4A1360B5
:10090000FB69DB6A01229A40274B1B681343264A86
:100910001360FB69DA6A234913469B0013449B006A
:100920000B4404331B68FB60FB69FA689A60FB6840
:100930009A68FB69DA60FB689B68FA6904325A605E
:10094000FB691A1DFB689A60FB69DA6A13469B0013
:1009500013449B00134A1A44FB695A61FB69DA6A23
:10096000104913469B0013449B000B441B68591C01
:100970000C4813469B0013449B0003441960BB6959
:10098000002B07D0094B4FF080521A60BFF34F8FF6
:10099000BFF36F8F03F0AAF900BF2037BD4680BDBB
:1009A0002C000020300000202803002004ED00E08F
:1009B00080B586B000AF786003F068F97B68002BE3
:1009C00003D1444B1B687B6101E07B687B617B69E1
:1009D0000433184603F086FB0346002B15D17B69D0
:1009E000DA6A3D4913469B0013449B000B441B6885
:1009F000002B0AD17B69DB6A012202FA03F3DA4396
:100A0000364B1B681340354A13607B699B6A002B89
:100A100004D07B691833184603F064FB7B69043308
:100A200019462F4803F003FB00233B6110E07A696D
:100A30003B69134464331B78DBB2012B05D17A691F
:100A40003B691344643300221A703B6901333B61F4
:100A50003B69002BEBDD03F049F9224B1B68002BAF
:100A600005D003F013F901F007F903F03FF9194B32
:100A70001B687A699A4228D11A4B1B68002B18D040
:100A8000194B1B68002B0BD04FF0500383F31188D8
:100A9000BFF36F8FBFF34F8FFB6000BF00BFFDE759
:100AA000124B4FF080521A60BFF34F8FBFF36F8F1E
:100AB0000BE00B4B1A680E4B1B689A4203D1054B97
:100AC00000221A6001E000F07DFC00BF1837BD462F
:100AD00080BD00BF2C000020300000202803002033
:100AE0000C0300202C0300204803002004ED00E04C
:100AF0002003002080B487B000AF786000237B61C2
:100B00007B683B617B68002B0BD14FF0500383F374
:100B10001188BFF36F8FBFF34F8FFB6000BF00BF23
:100B2000FDE73B695B690A4A93420AD13B699B6ACC
:100B3000084A934205D03B699B6A002B01D10123EF
:100B40007B617B6918461C37BD4680BC704700BF7F
:100B50000C030020E002002080B586B000AF786072
:100B60007B687B617B68002B0BD14FF0500383F3D4
:100B70001188BFF36F8FBFF34F8FFB6000BF00BFC3
:100B8000FDE7344B1B687A699A425FD07B69002B82
:100B90005CD003F07BF87869FFF7ACFF0346002BCD
:100BA00052D07B690433184603F09CFA7B69DB6AF8
:100BB00001229A40284B1B681343274A13607B6924
:100BC000DA6A264913469B0013449B000B44043306
:100BD0001B683B617B693A699A603B699A687B69EB
:100BE000DA603B699B687A6904325A607B691A1D36
:100BF0003B699A607B69DA6A13469B0013449B0049
:100C0000164A1A447B695A617B69DA6A13491346AA
:100C10009B0013449B000B441B68591C0F48134650
:100C20009B0013449B00034419607B69DA6A094BFB
:100C30001B68DB6A9A4207D3094B4FF080521A6057
:100C4000BFF34F8FBFF36F8F03F050F800BF18371B
:100C5000BD4680BD2C00002028030020300000206D
:100C600004ED00E080B58AB000AF786000237B62BD
:100C70007B683B627B68002B0BD14FF0500383F302
:100C80001188BFF36F8FBFF34F8F7B6100BF00BF31
:100C9000FDE703F0D0F8EFF311824FF0500383F338
:100CA0001188BFF36F8FBFF34F8F3A61FB603B69D1
:100CB000FB61386AFFF71EFF0346002B5AD0334B07
:100CC0001B68002B50D13B6ADA6A314B1B68DB6A28
:100CD0009A4204D301237B622E4B01221A603B6AA5
:100CE0000433184603F0FEF93B6ADB6A01229A409E
:100CF000294B1B681343284A13603B6ADA6A274969
:100D000013469B0013449B000B4404331B68BB61D8
:100D10003B6ABA699A60BB699A683B6ADA60BB69E8
:100D20009B683A6A04325A603B6A1A1DBB699A6032
:100D30003B6ADA6A13469B0013449B00174A1A4425
:100D40003B6A5A613B6ADA6A144913469B001344B2
:100D50009B000B441B68591C104813469B0013440E
:100D60009B000344196005E03B6A183319460C48A0
:100D700003F05DF9FB69BB60BB6883F3118800BFBA
:100D80007B6A18462837BD4680BD00BF4803002057
:100D90002C00002034030020280300203000002015
:100DA000E002002080B586B002AF204B0193002303
:100DB0000093002380221E491E48FFF72DFAF86099
:100DC000FB68012B02D101F029FFF860FB68012BC1
:100DD00016D14FF0500383F31188BFF36F8FBFF329
:100DE0004F8FBB6000BF144B4FF0FF321A60134BA4
:100DF00001221A60124B00221A6002F088FE0FE0F6
:100E0000FB68B3F1FF3F0BD14FF0500383F3118820
:100E1000BFF36F8FBFF34F8F7B6000BF00BFFDE755
:100E2000084B1B6800BF1037BD4680BD440300203F
:100E3000CC080108991A0008400300202C03002068
:100E400024030020C808010880B582B000AF4FF02D
:100E5000500383F31188BFF36F8FBFF34F8F7B6015
:100E600000BF044B00221A6002F0F4FE00BF0837F6
:100E7000BD4680BD2C03002080B400AF044B1B682E
:100E80000133034A136000BFBD4680BC704700BFFA
:100E90004803002080B588B000AF0023FB61002329
:100EA000BB61714B1B68002B0BD14FF0500383F3D8
:100EB0001188BFF36F8FBFF34F8F7B6000BF00BF00
:100EC000FDE702F0E3FE684B1B68013B664A1360D6
:100ED000654B1B68002B40F0C080644B1B68002BE7
:100EE00000F0BB808AE0624BDB68DB68FB61FB697A
:100EF0009B6A3B61FB69DB69FA69126A9A60FB696C
:100F00001B6AFA69D2695A603B695A68FB691833EF
:100F10009A4203D1FB691A6A3B695A60FB69002255
:100F20009A623B691B685A1E3B691A60FB695B69E0
:100F3000FB60FB699B68FA69D2689A60FB69DB68B1
:100F4000FA6992685A60FB685A68FB6904339A42EE
:100F500003D1FB69DA68FB685A60FB6900225A61B9
:100F6000FB681B685A1EFB681A60FB69DB6A01227A
:100F70009A40404B1B6813433E4A1360FB69DA6A90
:100F80003D4913469B0013449B000B4404331B68EC
:100F9000BB60FB69BA689A60BB689A68FB69DA60F3
:100FA000BB689B68FA6904325A60FB691A1DBB680A
:100FB0009A60FB69DA6A13469B0013449B002E4A31
:100FC0001A44FB695A61FB69DA6A2B4913469B0094
:100FD00013449B000B441B68591C274813469B0075
:100FE00013449B0003441960FB69DA6A234B1B68B6
:100FF000DB6A9A4202D3224B01221A601C4B1B6807
:10100000002B7FF470AFFB69002B01D000F034FEA1
:101010001C4B1B687B617B69002B10D000F0B2F881
:101020000346002B02D0164B01221A607B69013B5C
:101030007B617B69002BF1D1124B00221A60104BAF
:101040001B68002B09D00123BB610F4B4FF080526E
:101050001A60BFF34F8FBFF36F8F02F047FEBB697B
:1010600018462037BD4680BD4803002020030020DD
:10107000E002002028030020300000202C00002087
:10108000340300203003002004ED00E080B483B07E
:1010900000AF044B1B687B607B6818460C37BD466D
:1010A00080BC70472403002080B582B000AF02F0FE
:1010B000C2FE00237B60044B1B683B603B68184604
:1010C0000837BD4680BD00BF2403002080B400AFB8
:1010D000024B1B681846BD4680BC704720030020A9
:1010E00080B485B000AF78607B68002B03D10E4BD5
:1010F0001B68FB6001E07B68FB60FB68002B0BD189
:101100004FF0500383F31188BFF36F8FBFF34F8FFE
:10111000BB6000BF00BFFDE7FB68343318461437DF
:10112000BD4680BC704700BF2C00002080B584B055
:1011300000AF7860114B1B68002B0BD04FF05003B1
:1011400083F31188BFF36F8FBFF34F8FBB6000BF76
:1011500000BFFDE7FFF790FE02F098FD084B1A680C
:101160007B681344064A136002F0C0FDFFF792FE4D
:10117000F860FB6818461037BD4680BD4803002064
:101180003003002080B58AB000AF00237B62824B21
:101190001B68002B40F0F380804B1B6801333B62DF
:1011A0007E4A3B6A13603B6A002B21D17C4B1B6853
:1011B0001B68002B0BD04FF0500383F31188BFF353
:1011C0006F8FBFF34F8F7B6000BF00BFFDE7744B95
:1011D0001B68FB61734B1B68714A1360714AFB69A2
:1011E0001360714B1B6801336F4A136000F044FDBC
:1011F0006E4B1B683A6A9A42C0F0A680684B1B6827
:101200001B68002B04D1694B4FF0FF321A609BE042
:10121000634B1B68DB68DB68BB61BB695B687B6138
:101220003A6A7B699A4203D2604A7B6913608BE019
:10123000BB695B693B61BB699B68BA69D2689A60AC
:10124000BB69DB68BA6992685A603B695A68BB69D6
:1012500004339A4203D1BB69DA683B695A60BB69BF
:1012600000225A613B691B685A1E3B691A60BB69C0
:101270009B6A002B1ED0BB699B6AFB60BB69DB6964
:10128000BA69126A9A60BB691B6ABA69D2695A6004
:10129000FB685A68BB6918339A4203D1BB691A6A62
:1012A000FB685A60BB6900229A62FB681B685A1E81
:1012B000FB681A60BB69DB6A01229A403C4B1B68E1
:1012C00013433B4A1360BB69DA6A3A4913469B00F1
:1012D00013449B000B4404331B68BB60BB69BA68B2
:1012E0009A60BB689A68BB69DA60BB689B68BA6938
:1012F00004325A60BB691A1DBB689A60BB69DA6A1E
:1013000013469B0013449B002A4A1A44BB695A6146
:10131000BB69DA6A274913469B0013449B000B44C0
:101320001B68591C234813469B0013449B0003442D
:101330001960BB69DA6A204B1B68DB6A9A427FF648
:101340005DAF01237B6259E71B4B1B68DA6A1949C1
:1013500013469B0013449B000B441B68012B01D9CF
:1013600001237B62154B1B68002B01D10FF052F952
:10137000134B1B68002B09D001237B6206E00F4B47
:101380001B6801330D4A13600FF044F97B6A18465D
:101390002837BD4680BD00BF48030020240300203D
:1013A000D8020020DC020020380300204003002087
:1013B00028030020300000202C00002030030020F3
:1013C0003403002080B487B000AF274B1B68002B8C
:1013D00003D0264B01221A6040E0244B00221A6001
:1013E000234B1B68FB60FB68B3FA83F3FB72FB7A49
:1013F000C3F11F037B611F497A6913469B001344A5
:101400009B000B441B68002B0BD14FF0500383F360
:101410001188BFF36F8FBFF34F8F7B6000BF00BF9A
:10142000FDE77A6913469B0013449B00114A13445D
:101430003B613B695B685A683B695A603B695A6823
:101440003B6908339A4204D13B695B685A683B693F
:101450005A603B695B68DB68074A136000BF1C3752
:10146000BD4680BC704700BF480300203403002005
:1014700028030020300000202C00002080B584B01C
:1014800000AF786039607B68002B0BD14FF05003C0
:1014900083F31188BFF36F8FBFF34F8FFB6000BFE3
:1014A00000BFFDE7074B1B6818331946786802F048
:1014B000E1FD0121386801F031FB00BF1037BD4666
:1014C00080BD00BF2C00002080B588B000AFF86060
:1014D000B9607A60FB68002B0BD14FF0500383F3A7
:1014E0001188BFF36F8FBFF34F8FBB6100BF00BF89
:1014F000FDE71F4B1B68002B0BD14FF0500383F30C
:101500001188BFF36F8FBFF34F8F7B6100BF00BFA8
:10151000FDE7184B1B68BA6842F000429A61FB680D
:101520005B68FB61134B1B68FA69DA61114B1B683E
:10153000FA6992681A620F4B1A68FB699B68183245
:101540005A600C4B1B6803F11802FB699A60094B47
:101550001B68FA689A62FB681B685A1CFB681A6071
:101560000121786801F0DAFA00BF2037BD4680BD5E
:10157000480300202C00002080B586B000AFF86042
:10158000B9607A60FB68002B0BD14FF0500383F3F6
:101590001188BFF36F8FBFF34F8F3B6100BF00BF58
:1015A000FDE7FB685B687B61154B1B687A69DA6154
:1015B000134B1B687A6992681A62114B1A687B692F
:1015C0009B6818325A600E4B1B6803F118027B6946
:1015D0009A600B4B1B68FA689A62FB681B685A1C7E
:1015E000FB681A607B68002B02D04FF0FF33BB60B2
:1015F0007968B86801F092FA00BF1837BD4680BD1F
:101600002C00002080B48BB000AF78607B68DB6872
:10161000DB683B623B6A002B0BD14FF0500383F336
:101620001188BFF36F8FBFF34F8FFB6000BF00BF08
:10163000FDE73B6A9B6AFB613B6ADB693A6A126AB7
:101640009A603B6A1B6A3A6AD2695A60FB695A68B7
:101650003B6A18339A4203D13B6A1A6AFB695A60A3
:101660003B6A00229A62FB691B685A1EFB691A607A
:10167000494B1B68002B5ED13B6A5B697B613B6A0F
:101680009B683A6AD2689A603B6ADB683A6A9268F9
:101690005A607B695A683B6A04339A4203D13B6AB9
:1016A000DA687B695A603B6A00225A617B691B6871
:1016B0005A1E7B691A603B6ADB6A01229A40374BEB
:1016C0001B681343354A13603B6ADA6A3449134690
:1016D0009B0013449B000B4404331B683B613B6A33
:1016E0003A699A603B699A683B6ADA603B699B6831
:1016F0003A6A04325A603B6A1A1D3B699A603B6A37
:10170000DA6A13469B0013449B00254A1A443B6A3D
:101710005A613B6ADA6A224913469B0013449B00D4
:101720000B441B68591C1E4813469B0013449B0026
:10173000034419601BE01B4B5B68BB613B6ABA69E1
:10174000DA61BB699A683B6A1A62BB699B683A6A4C
:1017500018325A603B6A03F11802BB699A603B6A0F
:10176000104A9A620F4B1B6801330E4A13603B6AA2
:10177000DA6A0D4B1B68DB6A9A4205D901237B624A
:101780000A4B01221A6001E000237B627B6A184643
:101790002C37BD4680BC704748030020280300203A
:1017A00030000020E00200202C0000203403002044
:1017B00080B489B000AF78603960594B1B68002B4A
:1017C0000BD14FF0500383F31188BFF36F8FBFF33A
:1017D0004F8FFB6000BF00BFFDE73B6843F0004256
:1017E0007B681A607B68DB68FB61FB69002B0BD1AF
:1017F0004FF0500383F31188BFF36F8FBFF34F8F08
:10180000BB6000BF00BFFDE77B681B69BB617B68F5
:101810005B687A6892689A607B689B687A685268AD
:101820005A60BB695B687A689A4203D17B689A68A0
:10183000BB695A607B6800221A61BB691B685A1E2B
:10184000BB691A60FB695B697B61FB699B68FA692C
:10185000D2689A60FB69DB68FA6992685A607B69B2
:101860005A68FB6904339A4203D1FB69DA687B69E1
:101870005A60FB6900225A617B691B685A1E7B69AA
:101880001A60FB69DB6A01229A40264B1B681343EE
:10189000244A1360FB69DA6A234913469B00134408
:1018A0009B000B4404331B683B61FB693A699A60F7
:1018B0003B699A68FB69DA603B699B68FA690432A4
:1018C0005A60FB691A1D3B699A60FB69DA6A134624
:1018D0009B0013449B00144A1A44FB695A61FB693C
:1018E000DA6A114913469B0013449B000B441B68A2
:1018F000591C0D4813469B0013449B000344196078
:10190000FB69DA6A094B1B68DB6A9A4202D9084B09
:1019100001221A6000BF2437BD4680BC704700BF5B
:101920004803002028030020300000202C00002065
:101930003403002080B584B000AF78607B68002B52
:101940000BD14FF0500383F31188BFF36F8FBFF3B8
:101950004F8FFB6000BF00BFFDE702F097F9074B18
:101960001A687B681A60064B1A687B685A6002F036
:10197000BDF900BF1037BD4680BD00BF3803002051
:101980002403002080B483B000AF7860064B1A684F
:101990007B681A60054B1A687B685A6000BF0C3779
:1019A000BD4680BC704700BF3803002024030020E0
:1019B00080B588B000AF786039607B68002B0BD1B0
:1019C0004FF0500383F31188BFF36F8FBFF34F8F36
:1019D0003B6100BF00BFFDE73B68002B0BD14FF020
:1019E000500383F31188BFF36F8FBFF34F8FFB60FA
:1019F00000BF00BFFDE702F049F91F4B1B68BB6148
:101A00007B685B68BA69D31A7B613B681B68B3F17A
:101A1000FF3F02D10023FB6126E07B681A68174B69
:101A20001B689A420AD07B685B68BA699A4205D300
:101A30000123FB613B6800221A6015E03B681B68CC
:101A40007A699A420BD23B681A687B69D21A3B6862
:101A50001A607868FFF796FF0023FB6104E03B689B
:101A600000221A600123FB6102F040F9FB6918466D
:101A70002037BD4680BD00BF24030020380300206E
:101A800080B400AF034B01221A6000BFBD4680BC8A
:101A9000704700BF3403002080B582B000AF78608B
:101AA00000F0ACF8064B1B68012BF9D9054B4FF041
:101AB00080521A60BFF34F8FBFF36F8FF0E700BF04
:101AC0003000002004ED00E080B487B000AFF86083
:101AD000B9607A60BB68002B21DBBB68042B1EDC7D
:101AE000FB68002B03D1104B1B687B6101E0FB6896
:101AF0007B617B69002B0BD14FF0500383F311887E
:101B0000BFF36F8FBFF34F8F3B6100BF00BFFDE797
:101B10007A69BB6812339B0013447A685A6000BF2D
:101B20001C37BD4680BC70472C00002080B485B0B7
:101B300000AF786039600023FB603B68002B13DB4B
:101B40003B68042B10DC7B68002B03D10A4B1B681D
:101B5000BB6001E07B68BB60BA683B6812339B00E6
:101B600013445B68FB6001E00023FB60FB681846E0
:101B70001437BD4680BC70472C00002080B582B071
:101B800000AF00237B600CE07A6813469B0013448F
:101B90009B00124A1344184602F01EFA7B68013378
:101BA0007B607B681F2BEFD90D4802F015FA0D48BA
:101BB00002F012FA0C4802F00FFA0C4802F00CFA8C
:101BC0000B4802F009FA0B4B054A1A600A4B054A0A
:101BD0001A6000BF0837BD4680BD00BF300000203E
:101BE000B0020020C4020020E0020020F402002025
:101BF0000C030020D8020020DC02002080B582B057
:101C000000AF19E002F042F8104BDB68DB687B6044
:101C10007B680433184602F065FA0D4B1B68013BE4
:101C20000B4A13600B4B1B68013B0A4A136002F01E
:101C30005DF8786800F010F8064B1B68002BE1D1C6
:101C400000BF00BF0837BD4680BD00BFF4020020C2
:101C5000200300200803002080B582B000AF786028
:101C60007B681B6B184601F015FD786801F012FDCA
:101C700000BF0837BD4680BD80B400AF094B1B686C
:101C80001B68002B04D1084B4FF0FF321A6005E0AF
:101C9000044B1B68DB681B68034A136000BFBD462A
:101CA00080BC7047D80200204003002080B483B07D
:101CB00000AF044B1B687B607B6818460C37BD4641
:101CC00080BC70472C00002080B483B000AF0B4B69
:101CD0001B68002B02D101237B6008E0084B1B68C6
:101CE000002B02D102237B6001E000237B607B6834
:101CF00018460C37BD4680BC704700BF2C0300203F
:101D00004803002080B586B000AF78607B683B61F7
:101D100000237B617B68002B00F087803B69DA6AD7
:101D2000444B1B68DB6A9A4276D23B699B69002B65
:101D300006DB404B1B68DB6AC3F120023B699A61FA
:101D40003B6959693B69DA6A13469B0013449B005F
:101D5000394A1344994257D13B690433184602F07B
:101D6000C1F90346002B0AD13B69DB6A012202FA62
:101D700003F3DA43314B1B681340304A13602D4B99
:101D80001B68DA6A3B69DA623B69DB6A01229A40C6
:101D90002A4B1B681343294A13603B69DA6A2649B8
:101DA00013469B0013449B000B4404331B68FB60E9
:101DB0003B69FA689A60FB689A683B69DA60FB687D
:101DC0009B683A6904325A603B691A1DFB689A6045
:101DD0003B69DA6A13469B0013449B00164A1A4477
:101DE0003B695A613B69DA6A134913469B00134405
:101DF0009B000B441B68591C0F4813469B0013445F
:101E00009B000344196004E00A4B1B68DA6A3B69D3
:101E1000DA6201237B6108E03B695A6C054B1B6861
:101E2000DB6A9A4201D201237B617B69184618372D
:101E3000BD4680BD2C00002030000020280300207B
:101E400080B588B000AF78607B68BB610023FB6120
:101E50007B68002B00F08E80494B1B68BA699A4260
:101E60000BD04FF0500383F31188BFF36F8FBFF394
:101E70004F8F3B6100BF00BFFDE7BB699B6C002B30
:101E80000BD14FF0500383F31188BFF36F8FBFF373
:101E90004F8FFB6000BF00BFFDE7BB699B6C5A1E04
:101EA000BB699A64BB69DA6ABB695B6C9A4261D0B0
:101EB000BB699B6C002B5DD1BB690433184602F0F3
:101EC00011F90346002B0AD1BB69DB6A012202FA31
:101ED00003F3DA432B4B1B6813402A4A1360BB6998
:101EE0005A6CBB69DA62BB69DB6AC3F12002BB6969
:101EF0009A61BB69DB6A01229A40224B1B6813433B
:101F0000204A1360BB69DA6A1F4913469B001344D9
:101F10009B000B4404331B687B61BB697A699A6040
:101F20007B699A68BB69DA607B699B68BA6904322D
:101F30005A60BB691A1D7B699A60BB69DA6A1346ED
:101F40009B0013449B00104A1A44BB695A61BB6949
:101F5000DA6A0D4913469B0013449B000B441B682F
:101F6000591C094813469B0013449B000344196005
:101F70000123FB61FB6918462037BD4680BD00BFC9
:101F80002C000020280300203000002080B58AB0FB
:101F900000AF786039607B683B620123FB617B683E
:101FA000002B00F0A3803B6A9B6C002B0BD14FF001
:101FB000500383F31188BFF36F8FBFF34F8F3B61E3
:101FC00000BF00BFFDE73B6A5B6C3A689A4202D9EA
:101FD0003B687B6202E03B6A5B6C7B623B6ADB6A6C
:101FE0007A6A9A4200F082803B6A9B6CFA699A4254
:101FF0007CD1404B1B683A6A9A420BD14FF0500398
:1020000083F31188BFF36F8FBFF34F8FFB6000BF67
:1020100000BFFDE73B6ADB6ABB613B6A7A6ADA6252
:102020003B6A9B69002B04DB7B6AC3F120023B6A9D
:102030009A613B6A5969BA6913469B0013449B0035
:102040002D4A1344994251D13B6A0433184602F099
:1020500049F80346002B0AD13B6ADB6A012202FAE7
:1020600003F3DA43254B1B681340244A13603B6A91
:10207000DB6A01229A40214B1B6813431F4A1360FD
:102080003B6ADA6A1C4913469B0013449B000B44CD
:1020900004331B687B613B6A7A699A607B699A6842
:1020A0003B6ADA607B699B683A6A04325A603B6A31
:1020B0001A1D7B699A603B6ADA6A13469B001344D7
:1020C0009B000D4A1A443B6A5A613B6ADA6A0A4924
:1020D00013469B0013449B000B441B68591C064885
:1020E00013469B0013449B000344196000BF28372C
:1020F000BD4680BD2C0000203000002028030020B9
:1021000080B483B000AF094B1B689B697B60074BB1
:102110001B68DA6A054B1B68C2F120029A617B6872
:1021200018460C37BD4680BC704700BF2C0000200D
:1021300080B400AF074B1B68002B04D0054B1B6815
:102140009A6C01329A64034B1B681846BD4680BCEA
:10215000704700BF2C00002080B586B000AFF8604B
:10216000B9607A60FB68002B0BD04FF0500383F30B
:102170001188BFF36F8FBFF34F8F3B6100BF00BF6C
:10218000FDE701F083FD264B1B68FA68183253F80F
:102190002230002B15D1224B1A68FB68134464339C
:1021A00001221A707B68002B0BD00121786800F0A7
:1021B000B5FC1C4B4FF080521A60BFF34F8FBFF33A
:1021C0006F8F01F093FD01F061FD154B1B68FA68FC
:1021D000183253F822307B617B69002B12D0BB6828
:1021E000002B07D00E4B1B68FA681832002143F809
:1021F000221007E00A4B1B687A69511EFA681832F0
:1022000043F82210064B1A68FB681344643300221B
:102210001A7001F06BFD7B6918461837BD4680BD0A
:102220002C00002004ED00E080B586B000AFF8601F
:10223000B9607A603B60FB68002B0BD04FF0500315
:1022400083F31188BFF36F8FBFF34F8F3B6100BFE4
:1022500000BFFDE701F01AFD314B1A68FB6813441B
:1022600064331B78DBB2022B22D02D4B1B68FA683B
:10227000183253F82210BA68D2431140FA68183263
:1022800043F82210264B1A68FB681344643301227A
:102290001A703B6A002B0BD00121386A00F03EFC1B
:1022A000204B4FF080521A60BFF34F8FBFF36F8FF8
:1022B00001F01CFD01F0EAFC3B68002B07D0184B35
:1022C0001B68FA68183253F822203B681A60144BD6
:1022D0001A68FB68134464331B78DBB2022B02D00C
:1022E00000237B610EE00E4B1B68FA68183253F82E
:1022F00022107A68D2431140FA68183243F822104B
:1023000001237B61064B1A68FB6813446433002287
:102310001A7001F0EBFC7B6918461837BD4680BD8A
:102320002C00002004ED00E080B58EB000AFF86016
:10233000B9607A60FB7001237B63BB68002B0BD014
:102340004FF0500383F31188BFF36F8FBFF34F8FAC
:102350003B6200BF00BFFDE7FB68002B0BD14FF0D5
:10236000500383F31188BFF36F8FBFF34F8FFB616F
:1023700000BF00BFFDE7FB683B6301F087FC3B6CDF
:10238000002B06D03B6BBA68183253F822203B6C06
:102390001A603A6BBB68134464331B7887F82F309C
:1023A0003A6BBB681344643302221A70FB78042B27
:1023B0002ED0042B3ADC032B23D0032B36DC022B4C
:1023C00013D0022B32DC002B40D0012B2ED13B6BE3
:1023D000BA68183253F822207B6842EA03013B6B4B
:1023E000BA68183243F8221033E03B6BBA681832EF
:1023F00053F82230591C3B6BBA68183243F822104C
:1024000027E03B6BBA681832796843F8221020E065
:1024100097F82F30022B06D03B6BBA6818327968D8
:1024200043F8221015E000237B6312E04D4B1B683C
:10243000002B0DD04FF0500383F31188BFF36F8F43
:10244000BFF34F8FBB6100BF00BFFDE700BF00E0DF
:1024500000BF97F82F30012B7CD13B6B5B69BB62CF
:102460003B6B9B683A6BD2689A603B6BDB683A6B5C
:1024700092685A60BB6A5A683B6B04339A4203D134
:102480003B6BDA68BB6A5A603B6B00225A61BB6ADD
:102490001B685A1EBB6A1A603B6BDB6A01229A40BA
:1024A000314B1B681343304A13603B6BDA6A2F4988
:1024B00013469B0013449B000B4404331B687B6250
:1024C0003B6B7A6A9A607B6A9A683B6BDA607B6ADC
:1024D0009B683A6B04325A603B6B1A1D7B6A9A60A8
:1024E0003B6BDA6A13469B0013449B001F4A1A4455
:1024F0003B6B5A613B6BDA6A1C4913469B001344E1
:102500009B000B441B68591C184813469B0013443E
:102510009B00034419603B6B9B6A002B0BD04FF070
:10252000500383F31188BFF36F8FBFF34F8F7B612D
:1025300000BF00BFFDE73B6BDA6A0D4B1B68DB6A2F
:102540009A4207D90B4B4FF080521A60BFF34F8F5E
:10255000BFF36F8F01F0CAFB7B6B18463837BD465F
:1025600080BD00BF2403002028030020300000208D
:102570002C00002004ED00E080B592B000AFF860C0
:10258000B9607A60FB7001237B64FB68002B0BD180
:102590004FF0500383F31188BFF36F8FBFF34F8F5A
:1025A000BB6200BF00BFFDE7BB68002B0BD04FF044
:1025B000500383F31188BFF36F8FBFF34F8F7B629C
:1025C00000BF00BFFDE701F036FCFB683B64EFF3A2
:1025D00011824FF0500383F31188BFF36F8FBFF365
:1025E0004F8F3A62FB613B6AFB633B6D002B06D069
:1025F0003B6CBA68183253F822203B6D1A603A6C73
:10260000BB68134464331B7887F83B303A6CBB6873
:102610001344643302221A70FB78042B2ED0042B4F
:102620003ADC032B23D0032B36DC022B13D0022BF6
:1026300032DC002B40D0012B2ED13B6CBA68183213
:1026400053F822207B6842EA03013B6CBA681832D7
:1026500043F8221033E03B6CBA68183253F822304A
:10266000591C3B6CBA68183243F8221027E03B6CC7
:10267000BA681832796843F8221020E097F83B30A6
:10268000022B06D03B6CBA681832796843F82210E6
:1026900015E000237B6412E0604B1B68002B0DD01B
:1026A0004FF0500383F31188BFF36F8FBFF34F8F49
:1026B000BB6100BF00BFFDE700BF00E000BF97F8AF
:1026C0003B30012B40F09F803B6C9B6A002B0BD072
:1026D0004FF0500383F31188BFF36F8FBFF34F8F19
:1026E0007B6100BF00BFFDE74D4B1B68002B5ED137
:1026F0003B6C5B693B633B6C9B683A6CD2689A604D
:102700003B6CDB683A6C92685A603B6B5A683B6C76
:1027100004339A4203D13B6CDA683B6B5A603B6CE2
:1027200000225A613B6B1B685A1E3B6B1A603B6C64
:10273000DB6A01229A403B4B1B681343394A136002
:102740003B6CDA6A384913469B0013449B000B44E8
:1027500004331B68FB623B6CFA6A9A60FB6A9A68F6
:102760003B6CDA60FB6A9B683A6C04325A603B6CE3
:102770001A1DFB6A9A603B6CDA6A13469B0013448D
:102780009B00294A1A443B6C5A613B6CDA6A264921
:1027900013469B0013449B000B441B68591C2248A2
:1027A00013469B0013449B00034419601BE01F4B1E
:1027B0005B687B633B6C7A6BDA617B6B9A683B6C22
:1027C0001A627B6B9B683A6C18325A603B6C03F15F
:1027D00018027B6B9A603B6C144A9A62134B1B681D
:1027E0000133124A13603B6CDA6A114B1B68DB6AD7
:1027F0009A4208D97B6D002B02D07B6D01221A60B2
:102800000C4B01221A60FB6B3B613B6983F311881F
:1028100000BF7B6C18464837BD4680BD24030020AE
:10282000480300202803002030000020E0020020A0
:102830002C0000203403002080B590B000AFF86079
:10284000B9607A60FB68002B0BD14FF0500383F323
:102850001188BFF36F8FBFF34F8F7B6200BF00BF44
:10286000FDE7BB68002B0BD04FF0500383F31188BA
:10287000BFF36F8FBFF34F8F3B6200BF00BFFDE719
:1028800001F0D9FAFB68FB63EFF311824FF05003BC
:1028900083F31188BFF36F8FBFF34F8FFA61BB6172
:1028A000FB69BB63FA6BBB68134464331B7887F81E
:1028B0003730FA6BBB681344643302221A70FB6B27
:1028C000BA68183253F82230591CFB6BBA681832B8
:1028D00043F8221097F83730012B40F09F80FB6BB4
:1028E0009B6A002B0BD04FF0500383F31188BFF38A
:1028F0006F8FBFF34F8F7B6100BF00BFFDE74C4B75
:102900001B68002B5ED1FB6B5B69FB62FB6B9B68FA
:10291000FA6BD2689A60FB6BDB68FA6B92685A605C
:10292000FB6A5A68FB6B04339A4203D1FB6BDA688B
:10293000FB6A5A60FB6B00225A61FB6A1B685A1ED5
:10294000FB6A1A60FB6BDB6A01229A40394B1B68F9
:102950001343384A1360FB6BDA6A374913469B000E
:1029600013449B000B4404331B68BB62FB6BBA6AC5
:102970009A60BB6A9A68FB6BDA60BB6A9B68FA6B09
:1029800004325A60FB6B1A1DBB6A9A60FB6BDA6AF1
:1029900013469B0013449B00274A1A44FB6B5A6161
:1029A000FB6BDA6A244913469B0013449B000B44DB
:1029B0001B68591C204813469B0013449B0003448A
:1029C00019601BE01D4B5B683B63FB6B3A6BDA6184
:1029D0003B6B9A68FB6B1A623B6B9B68FA6B183215
:1029E0005A60FB6B03F118023B6B9A60FB6B134A56
:1029F0009A62124B1B680133104A1360FB6BDA6A50
:102A00000F4B1B68DB6A9A4208D97B68002B02D007
:102A10007B6801221A600B4B01221A60BB6B3B6181
:102A20003B6983F3118800BF00BF4037BD4680BDBE
:102A3000480300202803002030000020E00200208E
:102A40002C0000203403002080B586B000AF7860F1
:102A500039603B68002B0BD04FF0500383F3118893
:102A6000BFF36F8FBFF34F8FFB6000BF00BFFDE769
:102A70007B68002B03D1114B1B687B6101E07B68F5
:102A80007B6101F003F97A693B68134464331B7876
:102A9000DBB2022B08D17A693B681344643300220D
:102AA0001A7001233B6101E000233B6101F01EF934
:102AB0003B6918461837BD4680BD00BF2C0000207A
:102AC00080B586B000AFF860B9607A60FB68002B13
:102AD00003D1114B1B687B6101E0FB687B6101F056
:102AE000D5F87B69BA68183253F822303B617B69AC
:102AF000BA68183253F822207B68DB4302EA0301EC
:102B00007B69BA68183243F8221001F0EFF83B698C
:102B100018461837BD4680BD2C00002080B586B011
:102B200000AF78603960364B1B687B61354B1B68A2
:102B30000433184601F0D6FA0346002B0BD1314B73
:102B40001B68DB6A012202FA03F3DA432E4B1B688F
:102B500013402D4A13607B68B3F1FF3F24D13B68DB
:102B6000002B21D0294B5B683B61264B1B683A69DF
:102B70009A60244B1B683A699268DA60214B1A68A4
:102B80003B699B6804325A601E4B1B681A1D3B69E7
:102B90009A601C4B1B681D4A5A611C4B1B68013311
:102BA0001A4A136000BF26E07A697B681344FB6011
:102BB000144B1B68FA685A60FA687B699A4209D21A
:102BC000134B1A680F4B1B6804331946104601F06B
:102BD00051FA10E00F4B1A680A4B1B680433194670
:102BE000104601F047FA0C4B1B68FA689A4202D271
:102BF000094AFB68136000BF1837BD4680BD00BF9F
:102C0000240300202C000020280300200C030020B7
:102C1000DC020020D80200204003002080B584B0F0
:102C200002AF00237B6000F0D7FB124B1B68002B28
:102C30000BD0114B01931F23009300234FF480729C
:102C40000E490F48FDF7E8FA78607B68002B0BD13E
:102C50004FF0500383F31188BFF36F8FBFF34F8F93
:102C60003B6000BF00BFFDE77B6818460837BD46E4
:102C700080BD00BF7C03002080030020D408010831
:102C80002D30000880B588B002AFF860B9607A6076
:102C90003B60282000F042FC78617B69002B0DD05E
:102CA0007B69002283F824207B6901933B6A0093AF
:102CB0003B687A68B968F86800F005F87B691846DF
:102CC0001837BD4680BD80B586B000AFF860B960EA
:102CD0007A603B60BB68002B0BD14FF0500383F34D
:102CE0001188BFF36F8FBFF34F8F7B6100BF00BFB1
:102CF000FDE700F071FB7B6AFA681A607B6ABA68CC
:102D00009A617B6A3A68DA617B6A3A6A1A627B6A1C
:102D10000433184601F07FF97B68002B08D07B6AEA
:102D200093F8243043F00403DAB27B6A83F824205A
:102D300000BF1837BD4680BD80B58AB000AFF860CF
:102D4000B9607A603B6000237B62FB68002B0BD18B
:102D50004FF0500383F31188BFF36F8FBFF34F8F92
:102D60003B6200BF00BFFDE7194B1B68002B2AD058
:102D7000BB687B617B68BB61FB68FB61BB68052B43
:102D800018DCFEF7A1FF0346022B09D1104B18688F
:102D900007F1140100233A6B01F09EFB786212E008
:102DA0000B4B186807F114010023002201F094FB7B
:102DB000786208E0064B186807F1140100233A68AE
:102DC00001F0A8FC78627B6A18462837BD4680BDB2
:102DD0007C03002080B483B000AF0B4B1B68002B3A
:102DE0000BD14FF0500383F31188BFF36F8FBFF304
:102DF0004F8F7B6000BF00BFFDE7034B1B68184689
:102E00000C37BD4680BC70478003002080B485B07D
:102E100000AF78607B68FB607B68002B0BD14FF0C4
:102E2000500383F31188BFF36F8FBFF34F8FBB60E5
:102E300000BF00BFFDE7FB689B6918461437BD461D
:102E400080BC704780B584B000AF786039607B6823
:102E5000FB607B68002B0BD14FF0500383F311888C
:102E6000BFF36F8FBFF34F8FBB6000BF00BFFDE7A5
:102E700000F00CFF3B68002B09D0FB6893F824306E
:102E800043F00403DAB2FB6883F8242008E0FB680F
:102E900093F8243023F00403DAB2FB6883F824208B
:102EA00000F024FF00BF1037BD4680BD80B586B05E
:102EB00000AF78607B683B617B68002B0BD14FF0E3
:102EC000500383F31188BFF36F8FBFF34F8FFB6005
:102ED00000BF00BFFDE700F0D9FE3B6993F8243046
:102EE00003F00403002B02D100237B6101E00123E6
:102EF0007B6100F0FBFE7B6918461837BD4680BD3C
:102F000080B582B000AF78607868FFF7CFFF0346E6
:102F100018460837BD4680BD80B487B000AF7860E2
:102F20007B687B617B68002B0BD14FF0500383F3F0
:102F30001188BFF36F8FBFF34F8FFB6000BF00BFDF
:102F4000FDE77B695B683B613B6918461C37BD4602
:102F500080BC704780B485B000AF78607B68FB6050
:102F60007B68002B0BD14FF0500383F31188BFF324
:102F70006F8FBFF34F8FBB6000BF00BFFDE7FB68E3
:102F80001B6818461437BD4680BC704780B584B0B6
:102F900000AFF860B9607A6008E0FB689B69BA68C6
:102FA0001344BB60FB681B6AF8689847FB689A6922
:102FB000BB68D118BB687A68F86800F0DBF8034694
:102FC000002BEAD100BF00BF1037BD4680BD80B5E1
:102FD00084B000AF78603960134B1B68DB68DB6836
:102FE000FB60FB680433184601F07CF8FB6893F83B
:102FF000243003F00403002B05D03A687968F868A0
:10300000FFF7C4FF08E0FB6893F8243023F00103C6
:10301000DAB2FB6883F82420FB681B6AF8689847DB
:1030200000BF1037BD4680BD7403002080B584B05A
:1030300000AF786007F10803184600F059F8F8600F
:10304000BB681946F86800F004F800F0D5F800BF36
:10305000F0E780B584B000AF78603960FDF70CFF11
:1030600007F10803184600F065F8F860BB68002B0C
:1030700031D13B68002B0AD17A68FB689A4206D8A6
:10308000FDF708FFF9687868FFF7A1FF25E03B68C6
:10309000002B09D0134B1B681B68002B02D10123A6
:1030A0003B6001E000233B600F4B18687A68FB68C7
:1030B000D31A3A68194602F037FBFDF7EBFE0346D8
:1030C000002B0AD1094B4FF080521A60BFF34F8F8B
:1030D000BFF36F8F01E0FDF7DDFE00BF1037BD4687
:1030E00080BD00BF780300207C03002004ED00E0D9
:1030F00080B485B000AF78600D4B1B681B68002B57
:1031000001D1012200E000227B681A607B681B6805
:10311000002B05D1064B1B68DB681B68FB6001E0D8
:103120000023FB60FB6818461437BD4680BC70471F
:103130007403002080B584B000AF7860FDF7A6FF6F
:10314000F8600B4B1B68FA689A4205D200F01EF932
:103150007B6801221A6002E07B6800221A60044A40
:10316000FB681360FB6818461037BD4680BD00BF82
:103170008403002080B586B000AFF860B9607A6043
:103180003B6000237B61FB68BA685A60FB68FA68A1
:103190001A61BA687B689A4212D87A683B68D21A78
:1031A000FB689B699A4202D301237B611BE0104BB1
:1031B0001A68FB6804331946104600F05BFF12E002
:1031C0007A683B689A4206D2BA683B689A4202D350
:1031D00001237B6107E0074B1A68FB68043319463B
:1031E000104600F047FF7B6918461837BD4680BD82
:1031F000780300207403002080B588B000AFB1E0F0
:10320000BB68002BC0F2AE803B69FB61FB695B6968
:10321000002B04D0FB690433184600F063FF3B1D0C
:103220001846FFF787FFB861BB68092B5CD0092BF4
:1032300000F39580082B4DD0082B00F39080072BCE
:1032400000F38D80062B11DA052B73D0052B00F3CC
:103250008680042B48D0042B00F38180022B02DCF3
:10326000002B03DC7BE0032B34D078E0FB6993F880
:10327000243043F00103DAB2FB6983F82420FA68B2
:10328000FB699B69D118FB68BA69F869FFF772FF9F
:103290000346002B65D0FB6993F8243003F0040348
:1032A000002B09D0FA68FB699B691344BA69194677
:1032B000F869FFF76BFE08E0FB6993F8243023F010
:1032C0000103DAB2FB6983F82420FB691B6AF86901
:1032D000984746E0FB6993F8243023F00103DAB203
:1032E000FB6983F824203DE0FB6993F8243043F028
:1032F0000103DAB2FB6983F82420FA68FB699A615A
:10330000FB699B69002B0BD14FF0500383F31188AD
:10331000BFF36F8FBFF34F8F7B6100BF00BFFDE72F
:10332000FB699A69BB69D118BB69BA69F869FFF78B
:1033300021FF17E0FB6993F8243003F00203002B10
:1033400003D1F86900F0A6F90CE0FB6993F824308A
:1033500023F00103DAB2FB6983F8242002E000BF06
:1033600000E000BF084B1B6807F108010022184667
:1033700001F056FB0346002B7FF442AF00BF00BFB5
:103380002037BD4680BD00BF7C03002080B582B0E1
:1033900000AF09E00E4B1B68DB681B683B604FF019
:1033A000FF313868FFF713FE094B1B681B68002BC1
:1033B000F0D1074B1B687B60064B1B68044A136007
:1033C000044A7B68136000BF0837BD4680BD00BF5C
:1033D000740300207803002080B500AF00F056FC95
:1033E000124B1B68002B1DD1114800F0F5FD114850
:1033F00000F0F2FD104B0E4A1A60104B0D4A1A6095
:1034000000220C210A2000F029FF0346074A13601E
:10341000064B1B68002B05D0044B1B680849184657
:1034200002F0C8F800F062FC00BF80BD7C03002001
:103430004C03002060030020740300207803002068
:10344000DC08010880B586B000AF78607B683B611E
:103450007B68002B0BD14FF0500383F31188BFF32F
:103460006F8FBFF34F8FFB6000BF00BFFDE700F021
:103470000DFC3B6993F8243003F00103002B02D1CB
:1034800000237B6101E001237B6100F02FFC7B695D
:1034900018461837BD4680BD80B586B000AF78604D
:1034A0007B687B617B68002B0BD14FF0500383F36B
:1034B0001188BFF36F8FBFF34F8FFB6000BF00BF5A
:1034C000FDE700F0E3FB7B69DB693B6100F00EFC8C
:1034D0003B6918461837BD4680BD80B584B000AF43
:1034E000786039607B68FB607B68002B0BD14FF004
:1034F000500383F31188BFF36F8FBFF34F8FBB600F
:1035000000BF00BFFDE700F0C1FBFB683A68DA616D
:1035100000F0ECFB00BF1037BD4680BD80B58AB01F
:1035200000AF78600023FB61FDF7A6FC544B1B68DD
:10353000002B01D100F052F97B68002B12D0082239
:103540007B6803F00703D31A0833BB61BB69DB4315
:103550007A689A4204D87A68BB6913447B6001E0B8
:1035600000237B607B68002B71DB7B68002B6ED0B7
:10357000444B1B687A689A4269D8434B3B62424B82
:103580001B687B6204E07B6A3B627B6A1B687B6230
:103590007B6A5B687A689A4203D97B6A1B68002B56
:1035A000F1D1374B1B687A6A9A4250D03B6A1B684C
:1035B00008221344FB617B6A1A683B6A1A607B6AC3
:1035C0005A687B68D21A08235B009A4220D97A6A2B
:1035D0007B6813447B617B6903F00703002B0BD0EE
:1035E0004FF0500383F31188BFF36F8FBFF34F8FFA
:1035F0003B6100BF00BFFDE77B6A5A687B68D21A57
:103600007B695A607B6A7A685A60786900F042F98F
:103610001C4B1A687B6A5B68D31A1A4A1360194BF1
:103620001A681A4B1B689A4203D2164B1B68174A3A
:1036300013607B6A5B6843F000427B6A5A607B6A76
:1036400000221A60124B1B680133114A1360FDF708
:1036500021FCFB6903F00703002B0BD04FF0500354
:1036600083F31188BFF36F8FBFF34F8FFB6000BFF1
:1036700000BFFDE7FB6918462837BD4680BD00BF87
:10368000903F0020943F0020883F0020983F00207A
:103690009C3F002080B586B000AF78607B687B617E
:1036A0007B68002B47D008235B427A6913447B6117
:1036B0007B693B613B695B68002B0BDB4FF0500380
:1036C00083F31188BFF36F8FBFF34F8FFB6000BF91
:1036D00000BFFDE73B691B68002B0BD04FF0500388
:1036E00083F31188BFF36F8FBFF34F8FBB6000BFB1
:1036F00000BFFDE73B695B68002B1CDA3B691B6878
:10370000002B18D13B695B6823F000423B695A608B
:10371000FDF7B2FB3B695A68094B1B681344084A22
:103720001360386900F0B6F8064B1B680133054A90
:103730001360FDF7AFFB00BF1837BD4680BD00BF6B
:10374000943F0020A03F002080B400AF024B1B68D4
:103750001846BD4680BC7047943F002080B400AF3F
:10376000024B1B681846BD4680BC7047983F00203E
:1037700080B400AF00BFBD4680BC704780B584B048
:1037800000AF786039600023FB607B68002B09D0B4
:103790004FF0FF327B68B2FBF3F33A689A4201D9EB
:1037A000012300E00023002B13D17B683A6802FB61
:1037B00003F31846FFF7B2FEF860FB68002B08D051
:1037C0007B683A6802FB03F31A460021F8680DF0A3
:1037D00034F8FB6818461037BD4680BD80B485B00C
:1037E00000AF4FF47053BB60254BFB60FB6803F0E8
:1037F0000703002B0CD0FB680733FB60FB6823F04A
:103800000703FB60BA68FB68D31A1D4A1344BB6008
:10381000FB687B601B4A7B6813601A4B00225A606E
:103820007B68BA681344FB600822FB689B1AFB6044
:10383000FB6823F00703FB60FB68134A1360124B1D
:103840001B6800225A60104B1B6800221A607B68BC
:103850003B603B68FA68D21A3B685A600A4B1A68A8
:103860003B681A603B685B68084A13603B685B68AA
:10387000074A136000BF1437BD4680BC704700BFC5
:1038800088030020883F0020903F0020983F0020C0
:10389000943F002080B485B000AF7860274BFB6078
:1038A00002E0FB681B68FB60FB681B687A689A4251
:1038B000F7D8FB68BB60FB685B68BA6813447A683A
:1038C0009A4208D1FB685A687B685B681A44FB68B7
:1038D0005A60FB687B607B68BB607B685B68BA682A
:1038E0001A44FB681B689A4218D1FB681A68144B8B
:1038F0001B689A420DD07B685A68FB681B685B683E
:103900001A447B685A60FB681B681A687B681A60F7
:1039100008E00B4B1A687B681A6003E0FB681A68C2
:103920007B681A60FA687B689A4202D0FB687A6802
:103930001A6000BF1437BD4680BC7047883F002026
:10394000903F002080B586B000AF786000233B61D7
:103950000023FB604FF0FF33BB60FDF78DFA224B75
:103960001B687B617B69002B1BD015E03B69013331
:103970003B617B695B68FA689A4202D27B695B684B
:10398000FB607B695B68BA689A4202D97B695B68B5
:10399000BB607B691B687B61144B1B687A699A4228
:1039A000E4D1FDF777FA7B68FA685A607B68BA68F9
:1039B0009A607B683A69DA6000F068F90C4B1A6823
:1039C0007B681A600B4B1A687B685A610A4B1A684D
:1039D0007B689A61094B1A687B681A6100F086F966
:1039E00000BF1837BD4680BD883F0020903F0020B3
:1039F000943F00209C3F0020A03F0020983F0020E3
:103A000080B485B000AFF860B9607A60FB68043BB1
:103A1000FB60FB684FF080721A60FB68043BFB6040
:103A2000BB6823F00102FB681A60FB68043BFB6083
:103A30000C4AFB681A60FB68143BFB607A68FB6801
:103A40001A60FB68043BFB60FB686FF002021A60BF
:103A5000FB68203BFB60FB6818461437BD4680BC02
:103A6000704700BF693A000880B485B000AF0023FA
:103A70007B60124B1B68B3F1FF3F0BD04FF050033C
:103A800083F31188BFF36F8FBFF34F8FFB6000BFCD
:103A900000BFFDE74FF0500383F31188BFF36F8F32
:103AA000BFF34F8FBB6000BF00BF7B68002BFCD013
:103AB00000BF00BF1437BD4680BC70470000002027
:103AC000074B19680868B0E8F04F80F30988BFF326
:103AD0006F8F4FF0000080F311887047AFF30080C4
:103AE0002C00002000BF08480068006880F30888A8
:103AF0004FF0000080F3148862B661B6BFF34F8FB9
:103B0000BFF36F8F00DF00BF08ED00E000BF80B59E
:103B100086B000AF464B1B68464A93420BD14FF02C
:103B2000500383F31188BFF36F8FBFF34F8FFB6098
:103B300000BF00BFFDE73E4B1B683F4A93420BD1DD
:103B40004FF0500383F31188BFF36F8FBFF34F8F94
:103B50003B6100BF00BFFDE7384B7B617B691B7891
:103B6000DBB27B607B69FF221A707B691B78DBB25A
:103B7000FB70FB78DBB203F05003DAB2304B1A7003
:103B8000304B07221A6009E02E4B1B68013B2D4A7F
:103B90001360FB78DBB25B00DBB2FB70FB78DBB25F
:103BA00003F08003802BEFD0264B1B68032B0BD038
:103BB0004FF0500383F31188BFF36F8FBFF34F8F24
:103BC000BB6000BF00BFFDE71E4B1B681B021D4A08
:103BD00013601C4B1B6803F4E0631A4A13607B6894
:103BE000DAB27B691A70184B1B68174A43F47003EA
:103BF0001360154B1B68144A43F07043136000F0C8
:103C0000F5F8124B00221A6000F00AF9104B1B68FD
:103C10000F4A43F040431360FFF765FFFDF7D2FB07
:103C2000FFF722FF002318461837BD4680BD00BFAE
:103C300000ED00E071C20F4170C20F4100E400E0EE
:103C4000A43F0020A83F002020ED00E0000000205D
:103C500034EF00E080B483B000AF0B4B1B68B3F5CA
:103C60007A7F0BD04FF0500383F31188BFF36F8F2F
:103C7000BFF34F8F7B6000BF00BFFDE700BF0C3775
:103C8000BD4680BC704700BF0000002080B483B0F8
:103C900000AF4FF0500383F31188BFF36F8FBFF372
:103CA0004F8F7B6000BF0F4B1B6801330D4A1360C1
:103CB0000C4B1B68012B10D10B4B1B68DBB2002B8C
:103CC0000BD04FF0500383F31188BFF36F8FBFF316
:103CD0004F8F3B6000BF00BFFDE700BF0C37BD4604
:103CE00080BC70470000002004ED00E080B483B089
:103CF00000AF124B1B68002B0BD14FF0500383F326
:103D00001188BFF36F8FBFF34F8F7B6000BF00BF81
:103D1000FDE70A4B1B68013B084A1360074B1B6811
:103D2000002B05D100233B603B6883F3118800BF63
:103D300000BF0C37BD4680BC704700BF00000020AC
:103D4000EFF30980BFF36F8F154B1A681EF0100F49
:103D500008BF20ED108A20E9F04F106009B44FF041
:103D6000500080F31188BFF34F8FBFF36F8FFDF7C3
:103D700029FB4FF0000080F3118809BC196808681E
:103D8000B0E8F04F1EF0100F08BFB0EC108A80F3BF
:103D90000988BFF36F8F7047AFF30080AFF30080E7
:103DA0002C00002000BF80B582B000AF4FF0500360
:103DB00083F31188BFF36F8FBFF34F8F7B6000BF1A
:103DC000FDF7E0F90346002B03D0074B4FF080527C
:103DD0001A6000233B603B6883F3118800BF00BF7B
:103DE0000837BD4680BD00BF04ED00E080B400AFE1
:103DF000074B00221A60074B00221A60064B074A45
:103E00001A60034B07221A6000BFBD4680BC704792
:103E100010E000E018E000E014E000E03F90020055
:103E2000DFF80C00016841F4700101607047000088
:103E300088ED00E000BF80B485B000AFEFF30583EC
:103E4000FB60FB680F2B15D9174AFB6813441B78DE
:103E5000FB72164B1B78FA7A9A420BD24FF0500342
:103E600083F31188BFF36F8FBFF34F8F7B6000BF69
:103E700000BFFDE70E4B1B6803F4E0620D4B1B68AF
:103E80009A420BD94FF0500383F31188BFF36F8F21
:103E9000BFF34F8F3B6000BF00BFFDE700BF14378B
:103EA000BD4680BC704700BFF0E300E0A43F0020A7
:103EB0000CED00E0A83F002080B400AF054BD3F824
:103EC0008830044A43F47003C2F8883000BFBD460E
:103ED00080BC704700ED00E080B487B000AF0023E5
:103EE0003B6100237B610223FB600023BB60022354
:103EF0007B60344B9B6803F00C033B613B69082BF0
:103F000011D03B69082B44D83B69002B03D03B6997
:103F1000042B04D03DE02C4B2C4A1A603DE02A4B88
:103F20002B4A1A6039E0274B5B689B0D03F00103B5
:103F3000BB60244B5B6803F03F037B60BB68002BD6
:103F40000CD0234A7B68B2FBF3F31E4A52689209F5
:103F5000C2F3080202FB03F37B610BE01B4A7B68A0
:103F6000B2FBF3F3174A52689209C2F3080202FB4C
:103F700003F37B61134B5B681B0C03F003030133FA
:103F80005B00FB607A69FB68B2FBF3F30E4A1360D7
:103F900003E00D4B0D4A1A6000BF0A4B9B681B09DA
:103FA00003F00F030B4AD35C3B61074B1A683B6974
:103FB00022FA03F3044A136000BF1C37BD4680BCDD
:103FC000704700BF00380240040000200024F400C5
:103FD00000127A00E408010880B483B000AF786072
:103FE0007B6803F108027B685A607B684FF0FF3200
:103FF0009A607B6803F108027B68DA607B6803F1F2
:1040000008027B681A617B6800221A6000BF0C37C7
:10401000BD4680BC704780B483B000AF78607B68D9
:1040200000221A6100BF0C37BD4680BC704780B4C7
:1040300085B000AF786039607B685B68FB603B6887
:10404000FA685A60FB689A683B689A60FB689B68EC
:104050003A685A60FB683A689A603B687A681A6105
:104060007B681B685A1C7B681A6000BF1437BD460A
:1040700080BC704780B485B000AF786039603B6821
:104080001B68BB60BB68B3F1FF3F03D17B681B6952
:10409000FB600CE07B680833FB6002E0FB685B6858
:1040A000FB60FB685B681B68BA689A42F6D2FB68E3
:1040B0005A683B685A603B685B683A689A603B683C
:1040C000FA689A60FB683A685A603B687A681A61D5
:1040D0007B681B685A1C7B681A6000BF1437BD469A
:1040E00080BC704780B485B000AF78607B681B6986
:1040F000FB607B685B687A6892689A607B689B6803
:104100007A6852685A60FB685B687A689A4203D1A1
:104110007B689A68FB685A607B6800221A61FB68BA
:104120001B685A1EFB681A60FB681B681846143728
:10413000BD4680BC7047000080B586B000AF786097
:10414000396001237B617B683B613B69002B0BD1AC
:104150004FF0500383F31188BFF36F8FBFF34F8F7E
:10416000FB6000BF00BFFDE73B69002B5DD03B69F2
:10417000DB6B002B59D03B691A6C3B69DB6B002170
:10418000A3FB0223002B00D001210B46002B4CD1B6
:10419000FFF77CFD3B691A683B69DB6B3969096C89
:1041A00001FB03F31A443B699A603B6900229A635E
:1041B0003B691A683B695A603B691A683B69DB6B6B
:1041C000013B3969096C01FB03F31A443B69DA606E
:1041D0003B69FF2283F844203B69FF2283F8452096
:1041E0003B68002B14D13B691B69002B1AD03B693B
:1041F00010331846FDF706FA0346002B12D0164B73
:104200004FF080521A60BFF34F8FBFF36F8F09E0FA
:104210003B6910331846FFF7DFFE3B69243318462D
:10422000FFF7DAFEFFF762FD01E000237B617B69A7
:10423000002B0BD14FF0500383F31188BFF36F8F26
:10424000BFF34F8FBB6000BF00BFFDE77B6918461F
:104250001837BD4680BD00BF04ED00E080B58AB0D0
:1042600002AFF860B9601346FB710023FB61FB6885
:10427000002B2ED00021BA68FB68A3FB0223002B81
:1042800000D001210B46002B23D1FB68BA6802FB4A
:1042900003F313F14D0F1CD8FB68BA6802FB03F35C
:1042A000BB61BB694C331846FFF738F9F861FB690D
:1042B000002B1DD0FB697B617B694C337B61FA79F4
:1042C000FB69009313467A69B968F86800F015F83D
:1042D0000EE0FB69002B0BD14FF0500383F31188E4
:1042E000BFF36F8FBFF34F8F3B6100BF00BFFDE790
:1042F000FB6918462037BD4680BD80B584B000AF4D
:10430000F860B9607A60FB70BB68002B03D1BB69B1
:10431000BA691A6002E0BB697A681A60BB69FA6818
:10432000DA63BB69BA681A640121B869FFF704FF50
:10433000BB6900229A6400BF1037BD4680BD80B5BE
:1043400082B000AF78607B68002B0ED07B680022C3
:104350009A607B6800221A607B680022DA60002382
:1043600000220021786800F0B7F800BF0837BD468A
:1043700080BD80B586B000AF0346FB7101237B6131
:1043800000233B61FB791A4639697869FFF766FFBC
:10439000F860F868FFF7D3FFFB6818461837BD468A
:1043A00080BD90B587B000AF78607B683B613B69AA
:1043B000002B0BD14FF0500383F31188BFF36F8FA5
:1043C000BFF34F8FFB6000BF00BFFDE73B699C68F8
:1043D000FDF76CFC03469C4211D13B69DB685A1E19
:1043E0003B69DA603B69DB68002B05D100230022C2
:1043F0000021386900F070F801237B6101E000239F
:104400007B617B6918461C37BD4690BD90B587B06F
:1044100000AF786039607B683B613B69002B0BD152
:104420004FF0500383F31188BFF36F8FBFF34F8FAB
:10443000FB6000BF00BFFDE73B699C68FDF736FCF1
:1044400003469C4207D13B69DB685A1C3B69DA6032
:1044500001237B610CE03968386900F0C3FB7861A7
:104460007B69002B04D03B69DB685A1C3B69DA602E
:104470007B6918461C37BD4690BD80B584B000AF3F
:10448000786039600023FB607B68002B10D03A68AD
:104490007B689A420CD8022200217868FFF7DEFE82
:1044A000F860FB68002B12D0FB683A689A630EE054
:1044B000FB68002B0BD14FF0500383F31188BFF33F
:1044C0006F8FBFF34F8FBB6000BF00BFFDE7FB687E
:1044D00018461037BD4680BD80B58EB000AFF8607D
:1044E000B9607A603B6000237B63FB683B633B6B96
:1044F000002B0BD14FF0500383F31188BFF36F8F64
:10450000BFF34F8F7B6200BF00BFFDE7BB68002B8E
:1045100003D13B6B1B6C002B01D1012300E0002376
:10452000002B0BD14FF0500383F31188BFF36F8F33
:10453000BFF34F8F3B6200BF00BFFDE73B68022B1C
:1045400003D13B6BDB6B012B01D1012300E0002386
:10455000002B0BD14FF0500383F31188BFF36F8F03
:10456000BFF34F8FFB6100BF00BFFDE7FDF7ACFB62
:104570000346002B02D17B68002B01D1012300E010
:104580000023002B0BD14FF0500383F31188BFF3AE
:104590006F8FBFF34F8FBB6100BF00BFFDE7FFF719
:1045A00075FB3B6B9A6B3B6BDB6B9A4202D33B68B0
:1045B000022B45D13B6B9B6BFB623A68B968386B49
:1045C00000F091FEB8623B6B9B6C002B14D03B68F3
:1045D000022B02D1FB6A002B2ED1386B01F051F96E
:1045E0000346002B28D04A4B4FF080521A60BFF38D
:1045F0004F8FBFF36F8F1FE03B6B5B6A002B10D0B8
:104600003B6B24331846FCF7FDFF0346002B13D009
:104610003F4B4FF080521A60BFF34F8FBFF36F8F45
:104620000AE0BB6A002B07D0394B4FF080521A606A
:10463000BFF34F8FBFF36F8FFFF758FB012363E08A
:104640007B68002B03D1FFF751FB00235CE07B6B01
:10465000002B06D107F110031846FDF793F901234B
:104660007B63FFF743FBFCF707FCFFF70FFB3B6B9C
:1046700093F844305BB2B3F1FF3F03D13B6B0022B0
:1046800083F844203B6B93F845305BB2B3F1FF3FB6
:1046900003D13B6B002283F84520FFF727FB3A1D2F
:1046A00007F1100311461846FDF782F90346002B67
:1046B00024D1386B00F040FF0346002B18D03B6B31
:1046C00010337A6811461846FCF7D8FE386B00F0B4
:1046D0009AFEFCF7DFFB0346002B7FF460AF0C4B28
:1046E0004FF080521A60BFF34F8FBFF36F8F56E7C2
:1046F000386B00F088FEFCF7CDFB50E7386B00F01C
:1047000082FEFCF7C7FB002318463837BD4680BD44
:1047100004ED00E080B592B000AFF860B9607A6057
:104720003B60FB683B643B6C002B0BD14FF05003AC
:1047300083F31188BFF36F8FBFF34F8FFB6200BF0E
:1047400000BFFDE7BB68002B03D13B6C1B6C002B4B
:1047500001D1012300E00023002B0BD14FF05003C7
:1047600083F31188BFF36F8FBFF34F8FBB6200BF1E
:1047700000BFFDE73B68022B03D13B6CDB6B012BD9
:1047800001D1012300E00023002B0BD14FF0500397
:1047900083F31188BFF36F8FBFF34F8F7B6200BF2E
:1047A00000BFFDE7FFF747FBEFF311824FF0500327
:1047B00083F31188BFF36F8FBFF34F8F3A62FB61B2
:1047C0003B6AFB633B6C9A6B3B6CDB6B9A4202D39C
:1047D0003B68022B5ED13B6C93F8453087F83B3049
:1047E0003B6C9B6B7B633A68B968386C00F07BFD6F
:1047F00097F93B30B3F1FF3F29D13B6C9B6C002B09
:1048000012D03B68022B02D17B6B002B3FD1386C5E
:1048100001F037F80346002B39D07B68002B36D0E7
:104820007B6801221A6032E03B6C5B6A002B2ED061
:104830003B6C24331846FCF7E5FE0346002B26D0DC
:104840007B68002B23D07B6801221A601FE0FCF7F5
:104850003DFC386397F93B303A6B9A4217D997F988
:104860003B307F2B0BD14FF0500383F31188BFF304
:104870006F8FBFF34F8FBB6100BF00BFFDE797F89D
:104880003B300133DBB25AB23B6C83F84520012345
:104890007B6401E000237B64FB6B7B617B6983F3BA
:1048A000118800BF7B6C18464837BD4680BD80B577
:1048B00090B000AF786039607B68BB63BB6B002B46
:1048C0000BD14FF0500383F31188BFF36F8FBFF309
:1048D0004F8F7B6200BF00BFFDE7BB6B1B6C002BE3
:1048E0000BD04FF0500383F31188BFF36F8FBFF3EA
:1048F0004F8F3B6200BF00BFFDE7BB6B1B68002B07
:1049000003D1BB6B9B68002B01D1012300E0002386
:10491000002B0BD14FF0500383F31188BFF36F8F3F
:10492000BFF34F8FFB6100BF00BFFDE7FFF783FAC6
:10493000EFF311824FF0500383F31188BFF36F8FB1
:10494000BFF34F8FBA617B61BB697B63BB6B9B6BB2
:104950003B63BB6BDB6B3A6B9A4254D2BB6B93F8F5
:10496000453087F82F303B6B5A1CBB6B9A6397F925
:104970002F30B3F1FF3F23D1BB6B9B6C002B0CD0CE
:10498000B86B00F07EFF0346002B39D03B68002B4C
:1049900036D03B6801221A6032E0BB6B5B6A002BA9
:1049A0002ED0BB6B24331846FCF72CFE0346002B9D
:1049B00026D03B68002B23D03B6801221A601FE001
:1049C000FCF784FBB86297F92F30BA6A9A4217D97C
:1049D00097F92F307F2B0BD14FF0500383F31188C1
:1049E000BFF36F8FBFF34F8F3B6100BF00BFFDE789
:1049F00097F82F300133DBB25AB2BB6B83F84520F6
:104A00000123FB6301E00023FB637B6BFB60FB681E
:104A100083F3118800BFFB6B18464037BD4680BD4D
:104A200080B58CB000AFF860B9607A600023FB629B
:104A3000FB68BB62BB6A002B0BD14FF0500383F3C2
:104A40001188BFF36F8FBFF34F8F3B6200BF00BF72
:104A5000FDE7BB68002B03D1BB6A1B6C002B01D1A7
:104A6000012300E00023002B0BD14FF0500383F310
:104A70001188BFF36F8FBFF34F8FFB6100BF00BF83
:104A8000FDE7FDF721F90346002B02D17B68002BDF
:104A900001D1012300E00023002B0BD14FF0500384
:104AA00083F31188BFF36F8FBFF34F8FBB6100BFDC
:104AB00000BFFDE7FFF7EAF8BB6A9B6B7B627B6A8E
:104AC000002B1FD0B968B86A00F077FC7B6A5A1EC9
:104AD000BB6A9A63BB6A1B69002B0FD0BB6A103399
:104AE0001846FCF78FFD0346002B07D03C4B4FF0D8
:104AF00080521A60BFF34F8FBFF36F8FFFF7F6F846
:104B0000012369E07B68002B03D1FFF7EFF8002356
:104B100062E0FB6A002B06D107F110031846FCF790
:104B200031FF0123FB62FFF7E1F8FCF7A5F9FFF77E
:104B3000ADF8BB6A93F844305BB2B3F1FF3F03D1E9
:104B4000BB6A002283F84420BB6A93F845305BB20D
:104B5000B3F1FF3F03D1BB6A002283F84520FFF782
:104B6000C5F83A1D07F1100311461846FCF720FF5F
:104B70000346002B23D1B86A00F0A4FC0346002BA7
:104B800017D0BB6A24337A6811461846FCF776FCC6
:104B9000B86A00F038FCFCF77DF90346002B89D198
:104BA0000F4B4FF080521A60BFF34F8FBFF36F8FE0
:104BB00080E7B86A00F027FCFCF76CF97AE7B86A7E
:104BC00000F021FCFCF766F9B86A00F07BFC0346B4
:104BD000002B3FF46FAF002318463037BD4680BD31
:104BE00004ED00E080B58CB000AF78603960002340
:104BF000FB627B687B620023BB627B6A002B0BD16C
:104C00004FF0500383F31188BFF36F8FBFF34F8FC3
:104C1000BB6100BF00BFFDE77B6A1B6C002B0BD0A4
:104C20004FF0500383F31188BFF36F8FBFF34F8FA3
:104C30007B6100BF00BFFDE7FDF746F80346002B90
:104C400002D13B68002B01D1012300E00023002B9F
:104C50000BD14FF0500383F31188BFF36F8FBFF375
:104C60004F8F3B6100BF00BFFDE7FFF70FF87B6A86
:104C70009B6B3B623B6A002B24D03B6A5A1E7B6ACB
:104C80009A637B6A1B68002B04D1FDF751FA024638
:104C90007B6A9A607B6A1B69002B0FD07B6A10339A
:104CA0001846FCF7AFFC0346002B07D04C4B4FF0E7
:104CB00080521A60BFF34F8FBFF36F8FFFF716F864
:104CC000012389E03B68002B03D1FFF70FF8002395
:104CD00082E0FB6A002B06D107F108031846FCF7B7
:104CE00051FE0123FB62FFF701F8FCF7C5F8FEF760
:104CF000CDFF7B6A93F844305BB2B3F1FF3F03D141
:104D00007B6A002283F844207B6A93F845305BB2CB
:104D1000B3F1FF3F03D17B6A002283F84520FEF701
:104D2000E5FF3A4607F1080311461846FCF740FE36
:104D30000346002B32D1786A00F0C4FB0346002BF7
:104D400026D07B6A1B68002B09D1FEF79FFF7B6A88
:104D50009B681846FCF7D6FFB862FEF7C7FF7B6A70
:104D600024333A6811461846FCF788FB786A00F04D
:104D70004AFBFCF78FF80346002B7FF476AF184B05
:104D80004FF080521A60BFF34F8FBFF36F8F6CE705
:104D9000786A00F038FBFCF77DF866E7786A00F087
:104DA00032FBFCF777F8786A00F08CFB0346002BA7
:104DB0003FF45BAFBB6A002B0DD0FEF767FF786A4C
:104DC00000F07AFAF8617B6A9B68F9691846FDF78A
:104DD000DDF8FEF78BFF002318463037BD4680BD57
:104DE00004ED00E080B58EB000AFF860B9607A6085
:104DF00000237B63FB683B633B6B002B0BD14FF0C5
:104E0000500383F31188BFF36F8FBFF34F8F7B6223
:104E100000BF00BFFDE7BB68002B03D13B6B1B6CE1
:104E2000002B01D1012300E00023002B0BD14FF018
:104E3000500383F31188BFF36F8FBFF34F8F3B6233
:104E400000BF00BFFDE7FCF73FFF0346002B02D188
:104E50007B68002B01D1012300E00023002B0BD144
:104E60004FF0500383F31188BFF36F8FBFF34F8F61
:104E7000FB6100BF00BFFDE7FEF708FF3B6B9B6BCC
:104E8000FB62FB6A002B21D03B6BDB68BB62B9681D
:104E9000386B00F092FA3B6BBA6ADA603B6B5B6A84
:104EA000002B0FD03B6B24331846FCF7ABFB0346BB
:104EB000002B07D03C4B4FF080521A60BFF34F8F4E
:104EC000BFF36F8FFEF712FF012369E07B68002BB1
:104ED00003D1FEF70BFF002362E07B6B002B06D1B2
:104EE00007F114031846FCF74DFD01237B63FEF721
:104EF000FDFEFBF7C1FFFEF7C9FE3B6B93F84430A4
:104F00005BB2B3F1FF3F03D13B6B002283F8442037
:104F10003B6B93F845305BB2B3F1FF3F03D13B6B82
:104F2000002283F84520FEF7E1FE3A1D07F1140345
:104F300011461846FCF73CFD0346002B23D1386B85
:104F400000F0C0FA0346002B17D03B6B24337A687D
:104F500011461846FCF792FA386B00F054FAFBF74A
:104F600099FF0346002B87D10F4B4FF080521A60F8
:104F7000BFF34F8FBFF36F8F7EE7386B00F043FABC
:104F8000FBF788FF78E7386B00F03DFAFBF782FF0C
:104F9000386B00F097FA0346002B3FF46DAF002307
:104FA00018463837BD4680BD04ED00E080B590B0AE
:104FB00000AFF860B9607A60FB68BB63BB6B002B25
:104FC0000BD14FF0500383F31188BFF36F8FBFF302
:104FD0004F8F7B6200BF00BFFDE7BB68002B03D192
:104FE000BB6B1B6C002B01D1012300E00023002BC5
:104FF0000BD14FF0500383F31188BFF36F8FBFF3D2
:105000004F8F3B6200BF00BFFDE7FEF714FFEFF3D9
:1050100011824FF0500383F31188BFF36F8FBFF3FA
:105020004F8FFA61BB61FB697B63BB6B9B6B3B631F
:105030003B6B002B47D0BB6B93F8443087F82F3085
:10504000B968B86B00F0B9F93B6B5A1EBB6B9A6339
:1050500097F92F30B3F1FF3F12D1BB6B1B69002BC7
:105060002ED0BB6B10331846FCF7CCFA0346002B4E
:1050700026D07B68002B23D07B6801221A601FE0BA
:10508000FCF724F8B86297F92F30BA6A9A4217D918
:1050900097F92F307F2B0BD14FF0500383F31188FA
:1050A000BFF36F8FBFF34F8F7B6100BF00BFFDE782
:1050B00097F82F300133DBB25AB2BB6B83F8442030
:1050C0000123FB6301E00023FB637B6B3B613B69D6
:1050D00083F3118800BFFB6B18464037BD4680BD87
:1050E00080B58CB000AF786039607B68BB62BB6A0A
:1050F000002B0BD14FF0500383F31188BFF36F8F58
:10510000BFF34F8FFB6100BF00BFFDE73B68002B83
:1051100003D1BB6A1B6C002B01D1012300E00023EB
:10512000002B0BD14FF0500383F31188BFF36F8F27
:10513000BFF34F8FBB6100BF00BFFDE7BB6A1B6CB5
:10514000002B0BD14FF0500383F31188BFF36F8F07
:10515000BFF34F8F7B6100BF00BFFDE7FEF76BFE23
:10516000EFF311824FF0500383F31188BFF36F8F79
:10517000BFF34F8F3A61FB603B697B62BB6A9B6BFD
:10518000002B0CD0BB6ADB683B623968B86A00F060
:1051900014F9BB6A3A6ADA600123FB6201E000237A
:1051A000FB627B6ABB60BB6883F3118800BFFB6A4C
:1051B00018463037BD4680BD80B584B000AF7860FA
:1051C0007B68002B0BD14FF0500383F31188BFF3A2
:1051D0006F8FBFF34F8FBB6000BF00BFFDE7FEF7CF
:1051E00055FD7B689B6BFB60FEF780FDFB681846F6
:1051F0001037BD4680BD80B586B000AF78607B6853
:105200007B617B69002B0BD14FF0500383F3118836
:10521000BFF36F8FBFF34F8FFB6000BF00BFFDE791
:10522000FEF734FD7B69DA6B7B699B6BD31A3B61BC
:10523000FEF75CFD3B6918461837BD4680BD80B45B
:1052400087B000AF78607B687B617B69002B0BD1F6
:105250004FF0500383F31188BFF36F8FBFF34F8F6D
:10526000FB6000BF00BFFDE77B699B6B3B613B6957
:1052700018461C37BD4680BC704780B584B000AF6F
:1052800078607B68FB60FB68002B0BD14FF050030C
:1052900083F31188BFF36F8FBFF34F8FBB6000BFE5
:1052A00000BFFDE7F86800F007FAF868FEF7F2F9CA
:1052B00000BF1037BD4680BD80B485B000AF7860B8
:1052C0007B685B6A002B06D07B681B6B1B68C3F195
:1052D0002003FB6001E00023FB60FB6818461437E5
:1052E000BD4680BC704780B586B000AFF860B9603D
:1052F0007A6000237B61FB689B6B3B61FB681B6CE6
:10530000002B0DD1FB681B68002B4DD1FB689B68FF
:105310001846FCF795FD7861FB6800229A6043E02F
:105320007B68002B19D1FB685868FB681B6C1A4618
:10533000B9680BF0AFFAFB685A68FB681B6C1A443B
:10534000FB685A60FB685A68FB689B689A422BD3DB
:10535000FB681A68FB685A6026E0FB68D868FB683F
:105360001B6C1A46B9680BF095FAFB68DA68FB68A3
:105370001B6C5B421A44FB68DA60FB68DA68FB6806
:105380001B689A4207D2FB689A68FB681B6C5B42F9
:105390001A44FB68DA607B68022B05D13B69002B5D
:1053A00002D03B69013B3B613B695A1CFB689A6335
:1053B0007B6918461837BD4680BD80B582B000AF06
:1053C000786039607B681B6C002B18D07B68DA68CA
:1053D0007B681B6C1A447B68DA607B68DA687B68E0
:1053E0009B689A4203D37B681A687B68DA607B68A3
:1053F000D9687B681B6C1A4638680BF04BFA00BF03
:105400000837BD4680BD80B584B000AF7860FEF738
:105410003DFC7B6893F84530FB731EE07B689B6C1A
:10542000002B08D0786800F02CFA0346002B10D02F
:10543000FCF726FB0DE07B685B6A002B12D07B68D3
:1054400024331846FCF7DEF80346002B01D0FCF7A6
:1054500017FBFB7B013BDBB2FB7397F90F30002B93
:10546000DCDC00E000BF7B68FF2283F84520FEF70C
:105470003DFCFEF70BFC7B6893F84430BB7311E0F6
:105480007B681B69002B12D07B6810331846FCF731
:10549000B9F80346002B01D0FCF7F2FABB7B013BC5
:1054A000DBB2BB7397F90E30002BE9DC00E000BFE4
:1054B0007B68FF2283F84420FEF718FC00BF1037FA
:1054C000BD4680BD80B584B000AF7860FEF7DEFBDE
:1054D0007B689B6B002B02D10123FB6001E0002362
:1054E000FB60FEF703FCFB6818461037BD4680BD25
:1054F00080B487B000AF78607B683B613B69002B6C
:105500000BD14FF0500383F31188BFF36F8FBFF3BC
:105510004F8FFB6000BF00BFFDE73B699B6B002B1B
:1055200002D101237B6101E000237B617B69184686
:105530001C37BD4680BC704780B584B000AF786032
:10554000FEF7A4FB7B689A6B7B68DB6B9A4202D107
:105550000123FB6001E00023FB60FEF7C7FBFB6853
:1055600018461037BD4680BD80B487B000AF786064
:105570007B683B613B69002B0BD14FF0500383F3F9
:105580001188BFF36F8FBFF34F8FFB6000BF00BF69
:10559000FDE73B699A6B3B69DB6B9A4202D10123C1
:1055A0007B6101E000237B617B6918461C37BD46A7
:1055B00080BC704780B487B000AF7860396000234A
:1055C0003B617B68002B0BD14FF0500383F31188B4
:1055D000BFF36F8FBFF34F8FFB6000BF00BFFDE7CE
:1055E0003B68002B24D000237B611EE0174A7B69B7
:1055F000DB0013445B687A689A4205D17B69DB0063
:10560000124A13443B6113E03B69002B0AD10F4A55
:105610007B6952F83330002B04D17B69DB000B4AE5
:1056200013443B617B6901337B617B69072BDDD9C7
:105630003B69002B05D03B693A681A603B697A6880
:105640005A6000BF1C37BD4680BC7047AC3F00208D
:1056500080B487B000AF786000233B617B68002B8B
:105660000BD14FF0500383F31188BFF36F8FBFF35B
:105670004F8FFB6000BF00BFFDE700237B6110E0A0
:105680000C4A7B69DB0013445B687A689A4205D157
:10569000084A7B6952F833303B6105E07B6901338E
:1056A0007B617B69072BEBD93B6918461C37BD46EC
:1056B00080BC7047AC3F002080B485B000AF7860FC
:1056C0007B68002B0BD14FF0500383F31188BFF39D
:1056D0006F8FBFF34F8FBB6000BF00BFFDE700239C
:1056E000FB6016E00F4AFB68DB0013445B687A68D6
:1056F0009A420BD10B4AFB68002142F83310094A49
:10570000FB68DB00134400225A6006E0FB680133AB
:10571000FB60FB68072BE5D900BF00BF1437BD460F
:1057200080BC7047AC3F002080B586B000AFF86009
:10573000B9607A60FB687B61FEF7A8FA7B6993F831
:1057400044305BB2B3F1FF3F03D17B69002283F8A1
:1057500044207B6993F845305BB2B3F1FF3F03D13E
:105760007B69002283F84520FEF7C0FA7B699B6BBA
:10577000002B06D17B6924337A68B9681846FBF799
:10578000FBFE7869FFF73FFE00BF1837BD4680BDBE
:1057900080B584B000AF7860002204217868FEF7FD
:1057A0005DFDF860FB6818461037BD4680BD80B5CA
:1057B00084B000AF78603960FEF768FA7B689B6C54
:1057C000002B02D00023FB600BE07B689B6B002B5F
:1057D00002D00023FB6004E07B683A689A640123EE
:1057E000FB60FEF783FAFB6818461037BD4680BDA4
:1057F00080B584B000AF786039607B68BB60BB68FF
:105800009B6C3A689A4202D00023FB600FE0BB68B1
:105810009B6B002B02D00023FB6008E0FEF736FAFA
:10582000BB6800229A64FEF761FA0123FB60FB6803
:1058300018461037BD4680BD80B584B000AF786093
:1058400039600023FB6007F10C033A681946786859
:10585000FFF7E6F8FB6818461037BD4680BD80B5F7
:1058600084B000AF78600023FB6007F10C030022D6
:1058700019467868FFF79AFBFB6818461037BD4653
:1058800080BD80B58AB000AF78607B689B6C3B625E
:1058900000237B623B6A002B0BD14FF0500383F354
:1058A0001188BFF36F8FBFF34F8F7B6100BF00BFC5
:1058B000FDE73B6A9A6B3B6ADB6B9A420BD34FF076
:1058C000500383F31188BFF36F8FBFF34F8F3B619A
:1058D00000BF00BFFDE73B6A9A6B3B6ADB6B9A42F5
:1058E0003DD23B6A93F84530FB773B1D00221946B9
:1058F000386AFFF7F8FC786297F91F30B3F1FF3F81
:105900000ED13B6A5B6A002B29D03B6A24331846D0
:10591000FBF778FE0346002B21D001237B621EE0BB
:10592000FBF7D4FBB86197F91F30BA699A4216D9D0
:1059300097F91F307F2B0BD14FF0500383F3118861
:10594000BFF36F8FBFF34F8FFB6000BF00BFFDE75A
:10595000FB7F0133DBB25AB23B6A83F845207B6A96
:1059600018462837BD4680BD80B500AF0E4B1B687A
:105970000D4A43F4007313600B4B1B680A4A43F44F
:1059800080631360084B1B68074A43F480731360FD
:10599000032000F0A1FB0F2000F042F800F034F8E3
:1059A0000023184680BD00BF003C024080B500AF18
:1059B000114B124A1A62104B00221A620E4B104A07
:1059C0005A620D4B00225A620B4B0E4A1A610A4B67
:1059D00000221A61084BC1225A61074B00225A610A
:1059E000054B01229A61044B00229A6100F012F8E3
:1059F0000023184680BD00BF00380240FFC9FEF6F4
:105A000033797704FF11602280B400AF00BFBD4638
:105A100080BC704780B400AF00BFBD4680BC7047FB
:105A200080B582B000AF7860124B1A68124B1B78B9
:105A300019464FF47A73B3FBF1F3B2FBF3F3184654
:105A400000F091FB0346002B01D001230EE07B68A0
:105A50000F2B0AD8002279684FF0FF3000F047FB87
:105A6000064A7B681360002300E0012318460837CC
:105A7000BD4680BD040000200C000020080000206E
:105A800080B400AF054B1B781A46054B1B681344C6
:105A9000034A136000BFBD4680BC70470C00002065
:105AA000EC3F002080B400AF024B1B681846BD4697
:105AB00080BC7047EC3F002080B400AF024B1B68F5
:105AC0001846BD4680BC70470800002080B584B0F1
:105AD00000AF0346FB710023FB730E4B1B78FA7972
:105AE0009A4212D00B4B1B78BB730A4AFB79137096
:105AF000094B1B681846FFF793FF0346FB73FB7BBC
:105B0000002B02D0034ABB7B1370FB7B1846103777
:105B1000BD4680BD0C0000200800002080B400AF0E
:105B2000024B1B781846BD4680BC70470C00002015
:105B300080B584B000AF7860FFF7B4FFB8607B68D1
:105B4000FB60FB68B3F1FF3F05D00A4B1B781A4698
:105B5000FB681344FB6000BFFFF7A4FF0246BB686D
:105B6000D31AFA689A42F7D800BF00BF1037BD4673
:105B700080BD00BF0C00002080B400AF044B1B6848
:105B8000034A23F00203136000BFBD4680BC704788
:105B900010E000E080B400AF044B1B68034A43F000
:105BA0000203136000BFBD4680BC704710E000E0F8
:105BB00080B400AF024B1846BD4680BC704700BFA2
:105BC0000002080180B400AF034B1B681B0C184691
:105BD000BD4680BC704700BF002004E080B400AF29
:105BE000034B1B68C3F30B031846BD4680BC7047CC
:105BF000002004E080B400AF044B5B68034A43F02C
:105C00000103536000BFBD4680BC7047002004E024
:105C100080B400AF044B5B68034A23F00103536078
:105C200000BFBD4680BC7047002004E080B400AFD8
:105C3000044B5B68034A43F00203536000BFBD4658
:105C400080BC7047002004E080B400AF044B5B6868
:105C5000034A23F00203536000BFBD4680BC704777
:105C6000002004E080B400AF044B5B68034A43F0BB
:105C70000403536000BFBD4680BC7047002004E0B1
:105C800080B400AF044B5B68034A23F00403536005
:105C900000BFBD4680BC7047002004E080B400AF68
:105CA000034B01221A6000BFBD4680BC704700BF95
:105CB0000004274280B400AF034B00221A6000BFEB
:105CC000BD4680BC704700BF0004274280B400AFCF
:105CD000024B1B681846BD4680BC7047107AFF1FF8
:105CE00080B400AF024B1B681846BD4680BC7047AD
:105CF000147AFF1F80B400AF024B1B681846BD46E4
:105D000080BC7047187AFF1F80B485B000AF786000
:105D10007B6803F00703FB600C4BDB68BB60BA6871
:105D20004FF6FF031340BB60FB681A02BB681343C6
:105D300043F0BF6343F40033BB60044ABB68D360E5
:105D400000BF1437BD4680BC704700BF00ED00E0C7
:105D500080B400AF044BDB681B0A03F0070318464E
:105D6000BD4680BC704700BF00ED00E080B483B04A
:105D700000AF0346FB7197F90730002B0BDBFB7973
:105D800003F01F02064997F907305B09012000FA6A
:105D900002F241F8232000BF0C37BD4680BC70479B
:105DA00000E100E080B483B000AF0346FB7197F9D7
:105DB0000730002B12DBFB7903F01F020A4997F929
:105DC00007305B09012000FA02F2203341F823205A
:105DD000BFF34F8F00BFBFF36F8F00BF00BF0C3703
:105DE000BD4680BC704700BF00E100E080B483B0D6
:105DF00000AF0346FB7197F90730002B0EDB0A4A10
:105E000097F907305B09403352F82320FB7903F000
:105E10001F0322FA03F303F0010300E000231846F6
:105E20000C37BD4680BC704700E100E080B483B011
:105E300000AF0346FB7197F90730002B0CDBFB79B1
:105E400003F01F02074997F907305B09012000FAA8
:105E500002F2403341F8232000BF0C37BD4680BC1E
:105E6000704700BF00E100E080B483B000AF03469C
:105E7000FB7197F90730002B0CDBFB7903F01F0255
:105E8000074997F907305B09012000FA02F26033F5
:105E900041F8232000BF0C37BD4680BC704700BFCF
:105EA00000E100E080B483B000AF0346FB7197F9D6
:105EB0000730002B0EDB0A4A97F907305B09803365
:105EC00052F82320FB7903F01F0322FA03F303F0B7
:105ED000010300E0002318460C37BD4680BC704724
:105EE00000E100E080B483B000AF03463960FB718D
:105EF00097F90730002B0ADB3B68DAB20C4997F9B7
:105F000007301201D2B20B4483F800230AE03B6849
:105F1000DAB20849FB7903F00F03043B1201D2B255
:105F20000B441A7600BF0C37BD4680BC704700BFDB
:105F300000E100E000ED00E080B483B000AF034674
:105F4000FB7197F90730002B09DB0C4A97F90730F2
:105F5000134493F80033DBB21B09DBB209E0084AB3
:105F6000FB7903F00F03043B13441B7EDBB21B09D8
:105F7000DBB218460C37BD4680BC704700E100E03C
:105F800000ED00E080B489B000AFF860B9607A60DD
:105F9000FB6803F007037B617B69033B042B04D898
:105FA0007B69C3F10703FB6101E00423FB617B69AB
:105FB0000433062B03D97B69033BBB6101E000235B
:105FC000BB614FF0FF32FB6902FA03F3DA43BB68AF
:105FD0001A40BB699A404FF0FF31BB6901FA03F3E5
:105FE000D9437B680B40134318462437BD4680BC19
:105FF000704780B489B000AFF860B9607A603B60E8
:10600000BB6803F007037B617B69033B042B04D867
:106010007B69C3F10703FB6101E00423FB617B693A
:106020000433062B03D97B69033BBB6101E00023EA
:10603000BB61FA68BB69DA404FF0FF31FB6901FAD6
:1060400003F3DB431A407B681A604FF0FF32BB69F1
:1060500002FA03F3DA43FB681A403B681A6000BF98
:106060002437BD4680BC704780B400AFBFF34F8F6C
:1060700000BF064BDB6803F4E0620449044B1343A2
:10608000CB60BFF34F8F00BF00BFFDE700ED00E026
:106090000400FA0580B582B000AF78607B68013BF0
:1060A000B3F1807F01D301230FE00A4A7B68013BF3
:1060B00053600F214FF0FF30FFF714FF054B002214
:1060C0009A60044B07221A60002318460837BD4621
:1060D00080BD00BF10E000E080B582B000AF786006
:1060E0007868FFF711FE00BF0837BD4680BD80B558
:1060F00086B000AF0346B9607A60FB7300237B6112
:10610000FFF726FE78617A68B9687869FFF73AFF89
:10611000024697F90F3011461846FFF7E3FE00BF1D
:106120001837BD4680BD80B582B000AF0346FB7115
:1061300097F907301846FFF719FE00BF0837BD462C
:1061400080BD80B582B000AF0346FB7197F9073080
:106150001846FFF727FE00BF0837BD4680BD80B553
:1061600000AFFFF781FF80B582B000AF786078683C
:10617000FFF790FF034618460837BD4680BD80B440
:1061800000AFBFF35F8F00BF064B5B6A054A23F485
:1061900080335362044B00225A6000BFBD4680BC6E
:1061A000704700BF00ED00E090ED00E080B483B0E8
:1061B00000AF78600A4A7B6843F001035360094BE3
:1061C0005B6A084A43F480335362BFF34F8F00BFCA
:1061D000BFF36F8F00BF00BF0C37BD4680BC704758
:1061E00090ED00E000ED00E080B483B000AF786097
:1061F0007B685A781D4B9A607B681B78002B29D0EE
:106200001A4A7B685B68D3607B681B7B1A077B68D4
:10621000DB7A1B061A437B689B7ADB041A437B6894
:106220005B7B9B041A437B689B7B5B041A437B6804
:10623000DB7B1B041A437B685B7A1B021A437B6877
:106240001B7A5B0013437A6812781146074A0B43A6
:10625000136105E0054B0022DA60044B00221A614D
:1062600000BF0C37BD4680BC704700BF90ED00E01A
:1062700080B400AF40BF20BF00BFBD4680BC7047A8
:1062800080B500AFFFF764FD0346184680BD80B5BA
:1062900084B000AFB9607A603B600346FB7397F946
:1062A0000F301846FFF748FE3B687A68B968FFF779
:1062B000A0FE00BF1037BD4680BD80B582B000AFE4
:1062C0000346FB7197F907301846FFF7AFFD00BF93
:1062D0000837BD4680BD80B582B000AF0346FB7174
:1062E00097F907301846FFF781FD0346184608372F
:1062F000BD4680BD80B582B000AF0346FB7197F903
:1063000007301846FFF7B0FD00BF0837BD4680BD17
:1063100080B582B000AF0346FB7197F9073018468D
:10632000FFF7C0FD034618460837BD4680BD80B460
:1063300083B000AF78607B68042B06D1084B1B68E4
:10634000074A43F00403136005E0054B1B68044A49
:1063500023F00403136000BF0C37BD4680BC7047B8
:1063600010E000E080B500AF00F002F800BF80BD93
:1063700080B400AF00BFBD4680BC704780B489B018
:1063800000AF7860396000237B6100233B6100230C
:10639000BB610023FB616BE10122FB6902FA03F39D
:1063A0007B613B681B687A6913403B613A697B6992
:1063B0009A4240F05A813B685B6803F00303012B6B
:1063C00005D03B685B6803F00303022B30D17B6888
:1063D0009B68BB61FB695B00032202FA03F3DB43AA
:1063E000BA691340BB613B68DA68FB695B0002FA7B
:1063F00003F3BA691343BB617B68BA699A607B682F
:106400005B68BB610122FB6902FA03F3DB43BA69F3
:106410001340BB613B685B681B0903F00102FB6929
:1064200002FA03F3BA691343BB617B68BA695A6025
:106430003B685B6803F00303032B17D07B68DB68C2
:10644000BB61FB695B00032202FA03F3DB43BA6919
:106450001340BB613B689A68FB695B0002FA03F377
:10646000BA691343BB617B68BA69DA603B685B68F1
:1064700003F00303022B23D1FB69DA087B6808329F
:1064800053F82230BB61FB6903F007039B000F2226
:1064900002FA03F3DB43BA691340BB613B681A6934
:1064A000FB6903F007039B0002FA03F3BA69134385
:1064B000BB61FB69DA087B680832B96943F82210CE
:1064C0007B681B68BB61FB695B00032202FA03F374
:1064D000DB43BA691340BB613B685B6803F00302AE
:1064E000FB695B0002FA03F3BA691343BB617B6883
:1064F000BA691A603B685B6803F44033002B00F014
:10650000B4800023FB605F4B5B6C5E4A43F48043C6
:1065100053645C4B5B6C03F48043FB60FB685A4A3A
:10652000FB699B08023352F82330BB61FB6903F01F
:1065300003039B000F2202FA03F3DB43BA69134003
:10654000BB617B68514A93422BD07B68504A93428F
:1065500025D07B684F4A93421FD07B684E4A9342B6
:1065600019D07B684D4A934213D07B684C4A9342C2
:106570000DD07B684B4A934207D07B684A4A9342CE
:1065800001D107230EE008230CE006230AE00523CF
:1065900008E0042306E0032304E0022302E00123D1
:1065A00000E00023FA6902F0030292009340BA6906
:1065B0001343BB613449FB699B080233BA6941F854
:1065C00023203A4B9B68BB613B69DB43BA691340AC
:1065D000BB613B685B6803F48013002B03D0BA698E
:1065E0003B691343BB61314ABB6993602F4BDB6846
:1065F000BB613B69DB43BA691340BB613B685B68C5
:1066000003F40013002B03D0BA693B691343BB6149
:10661000264ABB69D360254B5B68BB613B69DB43A2
:10662000BA691340BB613B685B6803F40033002B1D
:1066300003D0BA693B691343BB611C4ABB69536011
:106640001A4B1B68BB613B69DB43BA691340BB61F2
:106650003B685B6803F48033002B03D0BA693B6965
:106660001343BB61114ABB691360FB690133FB61D2
:10667000FB690F2B7FF690AE00BF00BF2437BD46ED
:1066800080BC7047003802400038014000000240E2
:106690000004024000080240000C024000100240CA
:1066A0000014024000180240001C0240003C01405F
:1066B00080B487B000AF7860396000233B6100236D
:1066C000FB600023BB6000237B61CDE001227B697E
:1066D00002FA03F33B613A683B691340FB60FA68D6
:1066E0003B699A4240F0BD80644A7B699B08023353
:1066F00052F82330BB607B6903F003039B000F2239
:1067000002FA03F3BA681340BB607B685C4A9342A9
:106710002BD07B685B4A934225D07B685A4A9342D0
:106720001FD07B68594A934219D07B68584A9342DC
:1067300013D07B68574A93420DD07B68564A9342E8
:1067400007D07B68554A934201D107230EE0082306
:106750000CE006230AE0052308E0042306E00323F7
:1067600004E0022302E0012300E000237A6902F042
:10677000030292009340BA689A4232D1484B1A6899
:10678000FB68DB43464913400B60454B5A68FB6886
:10679000DB43434913404B60414BDA68FB68DB4302
:1067A0003F491340CB603E4B9A68FB68DB433C4952
:1067B00013408B607B6903F003039B000F2202FAF6
:1067C00003F3BB602D4A7B699B08023352F8231008
:1067D000BB68DA4329487B699B080A40023340F8CA
:1067E00023207B681A687B695B00032101FA03F3AD
:1067F000DB431A407B681A607B69DA087B680832E1
:1068000053F822107B6903F007039B000F2202FA62
:1068100003F3DB437A69D20819407B68083243F8F6
:1068200022107B68DA687B695B00032101FA03F3BD
:10683000DB431A407B68DA607B685A6801217B6918
:1068400001FA03F3DB431A407B685A607B689A685D
:106850007B695B00032101FA03F3DB431A407B6889
:106860009A607B6901337B617B690F2B7FF62EAFCA
:1068700000BF00BF1C37BD4680BC704700380140D8
:10688000000002400004024000080240000C0240E8
:10689000001002400014024000180240001C024098
:1068A000003C014080B485B000AF78600B467B802F
:1068B0007B681A697B881340002B02D00123FB738D
:1068C00001E00023FB73FB7B18461437BD4680BCF8
:1068D000704780B483B000AF78600B467B8013466E
:1068E0007B707B78002B03D07A887B689A6103E009
:1068F0007B881A047B689A6100BF0C37BD4680BC58
:10690000704780B485B000AF78600B467B807B68B1
:106910005B69FB607A88FB6813401A04FB68D94303
:106920007B880B401A437B689A6100BF1437BD46D1
:1069300080BC704780B485B000AF78600B467B8028
:106940004FF48033FB607A88FB681343FB60FA687E
:106950007B68DA617A887B68DA61FA687B68DA6179
:106960007B68DB69FB607B68DB6903F48033002BA9
:1069700001D0002300E0012318461437BD4680BC37
:10698000704780B582B000AF0346FB80084B5A6960
:10699000FB881340002B06D0054AFB885361FB8817
:1069A000184600F007F800BF0837BD4680BD00BF9D
:1069B000003C014080B483B000AF0346FB8000BFC1
:1069C0000C37BD4680BC704780B400AF002318462A
:1069D000BD4680BC704780B586B000AF78607B68EC
:1069E000002B01D1012368E27B681B6803F00103DF
:1069F000002B75D0884B9B6803F00C03042B0CD044
:106A0000854B9B6803F00C03082B12D1824B5B680B
:106A100003F48003B3F5800F0BD17F4B1B6803F4A5
:106A20000033002B5BD07B685B68002B57D10123C0
:106A300043E27B685B68B3F5803F06D1764B1B6809
:106A4000754A43F4803313601DE07B685B68B3F5DF
:106A5000A02F0CD1704B1B686F4A43F48023136046
:106A60006D4B1B686C4A43F4803313600BE06A4B38
:106A70001B68694A23F480331360674B1B68664ABE
:106A800023F4802313607B685B68002B13D0FFF72F
:106A900009F8386108E0FFF705F802463B69D31AA8
:106AA000642B01D9032308E25B4B1B6803F400331A
:106AB000002BF0D014E0FEF7F5FF386108E0FEF798
:106AC000F1FF02463B69D31A642B01D90323F4E199
:106AD000514B1B6803F40033002BF0D100E000BFE2
:106AE0007B681B6803F00203002B63D04A4B9B6852
:106AF00003F00C03002B0BD0474B9B6803F00C03F7
:106B0000082B1CD1444B5B6803F48003002B16D187
:106B1000414B1B6803F00203002B05D07B68DB6848
:106B2000012B01D00123C8E13B4B1B6823F0F80285
:106B30007B681B69DB00384913430B603AE07B68D4
:106B4000DB68002B20D0354B01221A60FEF7AAFF2C
:106B5000386108E0FEF7A6FF02463B69D31A022B14
:106B600001D90323A9E12C4B1B6803F00203002B7E
:106B7000F0D0294B1B6823F0F8027B681B69DB000F
:106B8000254913430B6015E0244B00221A60FEF7E1
:106B900089FF386108E0FEF785FF02463B69D31A9A
:106BA000022B01D9032388E11B4B1B6803F002036E
:106BB000002BF0D17B681B6803F00803002B37D053
:106BC0007B685B69002B16D0154B01221A60FEF71B
:106BD00069FF386108E0FEF765FF02463B69D31A9A
:106BE000022B01D9032368E10B4B5B6F03F0020317
:106BF000002BF0D01CE00A4B00221A60FEF752FF77
:106C000038610FE0FEF74EFF02463B69D31A022BB4
:106C100008D9032351E100BF003802400000474279
:106C2000800E4742884B5B6F03F00203002BE9D1D3
:106C30007B681B6803F00403002B00F0978000239F
:106C4000FB75814B1B6C03F08053002B0FD100238D
:106C5000BB607D4B1B6C7C4A43F0805313647A4BC2
:106C60001B6C03F08053BB60BB680123FB75774B43
:106C70001B6803F48073002B18D1744B1B68734A94
:106C800043F480731360FEF70DFF386108E0FEF7F0
:106C900009FF02463B69D31A022B01D903230CE1F9
:106CA0006A4B1B6803F48073002BF0D07B689B68F1
:106CB000012B06D1644B1B6F634A43F0010313673A
:106CC0001CE07B689B68052B0CD15F4B1B6F5E4AF9
:106CD00043F0040313675C4B1B6F5B4A43F00103F3
:106CE00013670BE0584B1B6F574A23F001031367E0
:106CF000554B1B6F544A23F0040313677B689B6852
:106D0000002B15D0FEF7CEFE38610AE0FEF7CAFE72
:106D100002463B69D31A41F28832934201D90323D8
:106D2000CBE0494B1B6F03F00203002BEED014E0C5
:106D3000FEF7B8FE38610AE0FEF7B4FE02463B6992
:106D4000D31A41F28832934201D90323B5E03E4B76
:106D50001B6F03F00203002BEED1FB7D012B05D14D
:106D6000394B1B6C384A23F0805313647B689B6952
:106D7000002B00F0A180344B9B6803F00C03082B20
:106D80005CD07B689B69022B41D1314B00221A6099
:106D9000FEF788FE386108E0FEF784FE02463B6994
:106DA000D31A022B01D9032387E0274B1B6803F07A
:106DB0000073002BF0D17B68DA697B681B6A1A4389
:106DC0007B685B6A9B011A437B689B6A5B08013B9B
:106DD0001B041A437B68DB6A1B061B4913434B6089
:106DE0001B4B01221A60FEF75DFE386108E0FEF7DA
:106DF00059FE02463B69D31A022B01D903235CE0FA
:106E0000114B1B6803F00073002BF0D054E0104BC3
:106E100000221A60FEF746FE386108E0FEF742FEE7
:106E200002463B69D31A022B01D9032345E0064BE6
:106E30001B6803F00073002BF0D13DE07B689B6979
:106E4000012B07D1012338E00038024000700040D8
:106E5000600047421B4B5B68FB607B689B69012BB2
:106E600028D0FB6803F480027B68DB699A4221D159
:106E7000FB6803F03F027B681B6A9A421AD1FA68EA
:106E800047F6C07313407A68526A9201934211D157
:106E9000FB6803F440327B689B6A5B08013B1B0480
:106EA0009A4207D1FB6803F070627B68DB6A1B06BD
:106EB0009A4201D0012300E0002318461837BD464E
:106EC00080BD00BF0038024080B584B000AF78605C
:106ED00039607B68002B01D10123CCE0684B1B6833
:106EE00003F007033A689A420CD9654B3A68D2B26C
:106EF0001A70634B1B6803F007033A689A4201D08B
:106F00000123B8E07B681B6803F00203002B20D04C
:106F10007B681B6803F00403002B05D0594B9B686A
:106F2000584A43F4E05393607B681B6803F00803FE
:106F3000002B05D0534B9B68524A43F46043936047
:106F4000504B9B6823F0F0027B689B684D491343CC
:106F50008B607B681B6803F00103002B44D07B68C7
:106F60005B68012B07D1474B1B6803F40033002BF0
:106F700019D101237FE07B685B68022B03D07B681B
:106F80005B68032B07D13F4B1B6803F00073002B9A
:106F900009D101236FE03B4B1B6803F00203002B78
:106FA00001D1012367E0374B9B6823F003027B6824
:106FB0005B68344913438B60FEF774FDF8600AE0A8
:106FC000FEF770FD0246FB68D31A41F28832934205
:106FD00001D903234FE02B4B9B6803F00C027B6825
:106FE0005B689B009A42EBD1254B1B6803F00703BB
:106FF0003A689A420CD2224B3A68D2B21A70204BAD
:107000001B6803F007033A689A4201D0012332E07B
:107010007B681B6803F00403002B08D0194B9B68A6
:1070200023F4E0527B68DB68164913438B607B686E
:107030001B6803F00803002B09D0124B9B6823F454
:1070400060427B681B69DB000E4913438B6000F0D4
:10705000A1F802460B4B9B681B0903F00F030A497A
:10706000CB5C22FA03F3094A1360094B1B681846EC
:10707000FEF7D6FC002318461037BD4680BD00BF82
:10708000003C024000380240E408010804000020EF
:107090000800002080B58CB000AFF860B9607A605D
:1070A000FB68002B29D10023BB612B4B1B6B2A4AA9
:1070B00043F001031363284B1B6B03F00103BB6117
:1070C000BB694FF48073FB6102233B620323BB6205
:1070D00000237B620023FB6207F11C0319461F4853
:1070E000FFF74CF91C4B9B6823F0EC62B9687B6896
:1070F0000B43194913438B6029E000237B61164B36
:107100001B6B154A43F004031363134B1B6B03F013
:1071100004037B617B694FF40073FB6102233B62D4
:107120000323BB6200237B620023FB6207F11C0385
:1071300019460B48FFF722F9074B9B6823F078426A
:107140007B68D900BB680B43034913438B6000BFC6
:107150003037BD4680BD00BF00380240000002400D
:107160000008024080B400AF034B01221A6000BF48
:10717000BD4680BC704700BF4C00474280B400AFA2
:10718000034B00221A6000BFBD4680BC704700BFA1
:107190004C0047422DE9B04F94B000AF00237B6410
:1071A0000023FB6400233B640023BB64794B9B6892
:1071B00003F00C03082B0DD0082B00F2E180002B0C
:1071C00002D0042B03D0DBE0734BBB64DBE0734BDA
:1071D000BB64D8E06F4B5B6803F03F037B646D4B8F
:1071E0005B6803F48003002B63D06A4B5B689B09E8
:1071F0000022BB63FA63BB6BC3F308033B6300234A
:107200007B63D7E90C4522462B464FF000004FF038
:107210000001590141EAD261500102460B46214664
:10722000511A3961294663EB01037B614FF000027B
:107230004FF00003D7E904AB59468B01514643EAAE
:10724000916351468A015146B2EB0108594663EBFE
:1072500001094FF000024FF000034FEAC90343EA6F
:1072600058734FEAC80290469946234618EB030329
:10727000BB602B4649EB0303FB604FF000024FF06D
:107280000003D7E9024529464B02214643EAD15380
:1072900021464A02104619467B6C0022BB62FA6204
:1072A000D7E90A2308F0D0FF02460B461346FB64D9
:1072B00058E0384B5B689B09002218461146C0F322
:1072C00008033B6200237B62D7E9088942464B46AC
:1072D0004FF000004FF00001590141EAD261500126
:1072E00002460B464146B2EB010A494663EB010BED
:1072F0004FF000024FF000034FEA8B1343EA9A630A
:107300004FEA8A12B2EB0A0463EB0B054FF000025E
:107310004FF00003EB0043EA5473E20014461D46AD
:107320004346E3183B604B4645EB03037B604FF05D
:1073300000024FF00003D7E9004529468B022146A1
:1073400043EA915321468A02104619467B6C00227B
:10735000BB61FA61D7E9062308F076FF02460B46C7
:107360001346FB640B4B5B681B0C03F003030133F8
:107370005B003B64FA6C3B6CB2FBF3F3BB6402E072
:10738000054BBB6400BFBB6C18465037BD46BDE81B
:10739000B08F00BF003802400024F40000127A00D1
:1073A00080B400AF024B1B681846BD4680BC7047D6
:1073B0000400002080B500AFFFF7F2FF0246054B46
:1073C0009B689B0A03F007030349CB5C22FA03F393
:1073D000184680BD00380240F408010880B500AFAF
:1073E000FFF7DEFF0246054B9B685B0B03F00703CC
:1073F0000349CB5C22FA03F3184680BD00380240F3
:10740000F408010880B483B000AF78607B680F2275
:107410001A60454B1B6803F48023B3F5802F04D119
:107420007B684FF4A0225A600EE03F4B1B6803F4C8
:107430008033B3F5803F04D17B684FF480325A60CB
:1074400002E07B6800225A60374B1B6803F001039F
:10745000012B03D17B680122DA6002E07B68002205
:10746000DA60314B1B68DB0803F01F027B681A618E
:107470002D4B1B6F03F00403042B03D17B68052203
:107480009A600CE0284B1B6F03F00103012B03D122
:107490007B6801229A6002E07B6800229A60224B9E
:1074A0005B6F03F00103012B03D17B6801225A615A
:1074B00002E07B6800225A611B4B1B6803F080735B
:1074C000B3F1807F03D17B6802229A6102E07B687E
:1074D00001229A61144B5B6803F480027B68DA61D5
:1074E000114B5B6803F03F027B681A620E4B5B68CE
:1074F0009B09C3F308027B685A620B4B5B6803F479
:10750000403303F580335B001A0C7B689A62064BAC
:107510005B681B0E03F00F027B68DA6200BF0C375A
:10752000BD4680BC704700BF0038024080B483B0C5
:1075300000AF786039607B680F221A60114B9B683E
:1075400003F003027B685A600E4B9B6803F0F00265
:107550007B689A600B4B9B6803F4E0527B68DA60AF
:10756000084B9B68DB0803F4E0527B681A61064B0A
:107570001B6803F007023B681A6000BF0C37BD466A
:1075800080BC704700380240003C024080B500AF2C
:10759000064BDB6803F08003802B04D100F00AF86F
:1075A000034B80221A7000BF80BD00BF003802402C
:1075B0000E38024080B400AF00BFBD4680BC7047AB
:1075C00080B582B000AF78607B68002B01D10123C9
:1075D00041E07B6893F83D30DBB2002B06D17B683D
:1075E000002283F83C20786809F0D0F87B680222FA
:1075F00083F83D207B681A687B680433194610467F
:1076000005F036F97B68012283F846207B68012269
:1076100083F83E207B68012283F83F207B680122AB
:1076200083F840207B68012283F841207B68012297
:1076300083F842207B68012283F843207B68012283
:1076400083F844207B68012283F845207B6801226F
:1076500083F83D20002318460837BD4680BD80B51D
:1076600082B000AF78607B68022283F83D207B689F
:107670001B681A6A41F211131340002B0FD17B686B
:107680001B681A6A40F244431340002B07D17B6801
:107690001B681A687B681B6822F001021A60786810
:1076A00000F03AF87B68002283F846207B680022CD
:1076B00083F83E207B68002283F83F207B6800220D
:1076C00083F840207B68002283F841207B680022F9
:1076D00083F842207B68002283F843207B680022E5
:1076E00083F844207B68002283F845207B680022D1
:1076F00083F83D207B68002283F83C200023184655
:107700000837BD4680BD80B483B000AF786000BF4D
:107710000C37BD4680BC704780B483B000AF786042
:1077200000BF0C37BD4680BC704780B485B000AF49
:1077300078607B6893F83D30DBB2012B01D00123E8
:1077400046E07B68022283F83D207B681B68234A61
:10775000934222D07B681B68B3F1804F1DD07B68B9
:107760001B681F4A934218D07B681B681D4A9342CE
:1077700013D07B681B681C4A93420ED07B681B6841
:107780001A4A934209D07B681B68194A934204D075
:107790007B681B68174A934211D17B681B689B6802
:1077A00003F00703FB60FB68062B10D07B681B68A7
:1077B0001A687B681B6842F001021A6007E07B6868
:1077C0001B681A687B681B6842F001021A6000237C
:1077D00018461437BD4680BC704700BF000001400A
:1077E0000004004000080040000C0040000401407C
:1077F000004001400018004080B483B000AF7860C2
:107800007B681B681A6A41F211131340002B0FD1D9
:107810007B681B681A6A40F244431340002B07D16F
:107820007B681B681A687B681B6822F001021A607B
:107830007B68012283F83D20002318460C37BD46A3
:1078400080BC704780B485B000AF78607B6893F8E7
:107850003D30DBB2012B01D001234EE07B680222D8
:1078600083F83D207B681B68DA687B681B6842F000
:107870000102DA607B681B68224A934222D07B684F
:107880001B68B3F1804F1DD07B681B681E4A934272
:1078900018D07B681B681D4A934213D07B681B6815
:1078A0001B4A93420ED07B681B681A4A934209D048
:1078B0007B681B68184A934204D07B681B68174A90
:1078C000934211D17B681B689B6803F00703FB6040
:1078D000FB68062B10D07B681B681A687B681B68E6
:1078E00042F001021A6007E07B681B681A687B6837
:1078F0001B6842F001021A60002318461437BD4687
:1079000080BC7047000001400004004000080040B7
:10791000000C0040000401400040014000180040FD
:1079200080B483B000AF78607B681B68DA687B68DE
:107930001B6822F00102DA607B681B681A6A41F258
:1079400011131340002B0FD17B681B681A6A40F299
:1079500044431340002B07D17B681B681A687B687F
:107960001B6822F001021A607B68012283F83D2027
:10797000002318460C37BD4680BC704780B586B0E2
:1079800000AFF860B9601346FB80FB6893F83D30A8
:10799000DBB2022B01D102237AE0FB6893F83D3081
:1079A000DBB2012B25D1BB68002B02D0FB88002B5A
:1079B00001D101236CE0FB68022283F83D20FB68C3
:1079C0001B6A354ADA63FB681B6A344A1A64FB682F
:1079D0001B6A334ADA64FB68186AB968FB681B687B
:1079E0002C331A46FB8807F01AFF0346002B04D0FD
:1079F00001E001234CE001234AE0FB681B68DA68E0
:107A0000FB681B6842F48072DA60FB681B68254AD9
:107A1000934222D0FB681B68B3F1804F1DD0FB68F6
:107A20001B68214A934218D0FB681B681F4A934287
:107A300013D0FB681B681E4A93420ED0FB681B687C
:107A40001C4A934209D0FB681B681B4A934204D02E
:107A5000FB681B68194A934211D1FB681B689B683D
:107A600003F007037B617B69062B10D0FB681B6862
:107A70001A68FB681B6842F001021A6007E0FB68A5
:107A80001B681A68FB681B6842F001021A60002339
:107A900018461837BD4680BDDDC700080BC8000872
:107AA0000BC5000800000140000400400008004031
:107AB000000C00400004014000400140001800405C
:107AC00080B582B000AF78607B681B68DA687B683D
:107AD0001B6822F48072DA607B681B6A184607F024
:107AE00066FF7B681B681A6A41F211131340002B72
:107AF0000FD17B681B681A6A40F244431340002B85
:107B000007D17B681B681A687B681B6822F001023A
:107B10001A607B68012283F83D200023184608374D
:107B2000BD4680BD80B582B000AF78607B68002B19
:107B300001D1012341E07B6893F83D30DBB2002B9B
:107B400006D17B68002283F83C20786800F08DF82D
:107B50007B68022283F83D207B681A687B680433C7
:107B60001946104604F084FE7B68012283F8462003
:107B70007B68012283F83E207B68012283F83F2046
:107B80007B68012283F840207B68012283F8412032
:107B90007B68012283F842207B68012283F843201E
:107BA0007B68012283F844207B68012283F845200A
:107BB0007B68012283F83D20002318460837BD4624
:107BC00080BD80B582B000AF78607B68022283F808
:107BD0003D207B681B681A6A41F211131340002B89
:107BE0000FD17B681B681A6A40F244431340002B94
:107BF00007D17B681B681A687B681B6822F001024A
:107C00001A60786800F03AF87B68002283F8462012
:107C10007B68002283F83E207B68002283F83F20A7
:107C20007B68002283F840207B68002283F8412093
:107C30007B68002283F842207B68002283F843207F
:107C40007B68002283F844207B68002283F845206B
:107C50007B68002283F83D207B68002283F83C206B
:107C6000002318460837BD4680BD80B483B000AFFE
:107C7000786000BF0C37BD4680BC704780B483B0CD
:107C800000AF786000BF0C37BD4680BC704780B540
:107C900084B000AF786039603B68002B09D17B6805
:107CA00093F83E30DBB2012B14BF01230023DBB27B
:107CB00022E03B68042B09D17B6893F83F30DBB2AC
:107CC000012B14BF01230023DBB215E03B68082B16
:107CD00009D17B6893F84030DBB2012B14BF01233C
:107CE0000023DBB208E07B6893F84130DBB2012B64
:107CF00014BF01230023DBB2002B01D001237CE061
:107D00003B68002B04D17B68022283F83E2013E0FD
:107D10003B68042B04D17B68022283F83F200BE0F0
:107D20003B68082B04D17B68022283F8402003E0E3
:107D30007B68022283F841207B681B680122396836
:107D4000184605F038FA7B681B682E4A934204D027
:107D50007B681B682C4A934201D1012300E0002379
:107D6000002B07D07B681B685A6C7B681B6842F449
:107D700000425A647B681B68224A934222D07B6887
:107D80001B68B3F1804F1DD07B681B681F4A93426C
:107D900018D07B681B681E4A934213D07B681B680F
:107DA0001C4A93420ED07B681B68174A934209D045
:107DB0007B681B68184A934204D07B681B68174A8B
:107DC000934211D17B681B689B6803F00703FB603B
:107DD000FB68062B10D07B681B681A687B681B68E1
:107DE00042F001021A6007E07B681B681A687B6832
:107DF0001B6842F001021A60002318461037BD4686
:107E000080BD00BF000001400004014000040040AC
:107E100000080040000C00400040014000180040F5
:107E200080B582B000AF786039607B681B68002243
:107E30003968184605F0BFF97B681B682E4A9342E3
:107E400004D07B681B682D4A934201D1012300E0D6
:107E50000023002B17D07B681B681A6A41F21113AC
:107E60001340002B0FD17B681B681A6A40F2444311
:107E70001340002B07D17B681B685A6C7B681B681A
:107E800022F400425A647B681B681A6A41F211139B
:107E90001340002B0FD17B681B681A6A40F24443E1
:107EA0001340002B07D17B681B681A687B681B682E
:107EB00022F001021A603B68002B04D17B6801228A
:107EC00083F83E2013E03B68042B04D17B68012239
:107ED00083F83F200BE03B68082B04D17B6801222C
:107EE00083F8402003E07B68012283F841200023CF
:107EF00018460837BD4680BD00000140000401401F
:107F000080B584B000AF786039600023FB733B68B4
:107F1000002B09D17B6893F83E30DBB2012B14BFF4
:107F200001230023DBB222E03B68042B09D17B68EC
:107F300093F83F30DBB2012B14BF01230023DBB2E7
:107F400015E03B68082B09D17B6893F84030DBB221
:107F5000012B14BF01230023DBB208E07B6893F8F8
:107F60004130DBB2012B14BF01230023DBB2002B15
:107F700001D00123B9E03B68002B04D17B680222C9
:107F800083F83E2013E03B68042B04D17B68022277
:107F900083F83F200BE03B68082B04D17B6802226A
:107FA00083F8402003E07B68022283F841203B688D
:107FB0000C2B2AD03B680C2B30D83B68082B1BD0ED
:107FC0003B68082B2AD83B68002B03D03B68042B66
:107FD00009D023E07B681B68DA687B681B6842F085
:107FE0000202DA601DE07B681B68DA687B681B6848
:107FF00042F00402DA6014E07B681B68DA687B6890
:108000001B6842F00802DA600BE07B681B68DA68E4
:108010007B681B6842F01002DA6002E00123FB7308
:1080200000BFFB7B002B5FD17B681B680122396896
:10803000184605F0C0F87B681B682E4A934204D0AE
:108040007B681B682C4A934201D1012300E0002386
:10805000002B07D07B681B685A6C7B681B6842F456
:1080600000425A647B681B68224A934222D07B6894
:108070001B68B3F1804F1DD07B681B681F4A934279
:1080800018D07B681B681E4A934213D07B681B681C
:108090001C4A93420ED07B681B68174A934209D052
:1080A0007B681B68184A934204D07B681B68174A98
:1080B000934211D17B681B689B6803F00703BB6088
:1080C000BB68062B10D07B681B681A687B681B682E
:1080D00042F001021A6007E07B681B681A687B683F
:1080E0001B6842F001021A60FB7B18461037BD4640
:1080F00080BD00BF000001400004014000040040BA
:1081000000080040000C0040004001400018004002
:1081100080B584B000AF786039600023FB733B68A2
:108120000C2B2AD03B680C2B30D83B68082B1BD07B
:108130003B68082B2AD83B68002B03D03B68042BF4
:1081400009D023E07B681B68DA687B681B6822F033
:108150000202DA601DE07B681B68DA687B681B68D6
:1081600022F00402DA6014E07B681B68DA687B683E
:108170001B6822F00802DA600BE07B681B68DA6893
:108180007B681B6822F01002DA6002E00123FB73B7
:1081900000BFFB7B002B61D17B681B680022396824
:1081A000184605F008F87B681B682F4A934204D0F4
:1081B0007B681B682D4A934201D1012300E0002314
:1081C000002B17D07B681B681A6A41F21113134009
:1081D000002B0FD17B681B681A6A40F2444313409E
:1081E000002B07D17B681B685A6C7B681B6822F4E4
:1081F00000425A647B681B681A6A41F211131340EB
:10820000002B0FD17B681B681A6A40F2444313406D
:10821000002B07D17B681B681A687B681B6822F0FB
:1082200001021A603B68002B04D17B68012283F8AD
:108230003E2013E03B68042B04D17B68012283F8C5
:108240003F200BE03B68082B04D17B68012283F8B8
:10825000402003E07B68012283F84120FB7B184625
:108260001037BD4680BD00BF000001400004014042
:1082700080B586B000AFF860B9607A607B8000237B
:10828000FB75BB68002B09D1FB6893F83E30DBB26D
:10829000022B0CBF01230023DBB222E0BB68042BBE
:1082A00009D1FB6893F83F30DBB2022B0CBF0123EE
:1082B0000023DBB215E0BB68082B09D1FB6893F8FB
:1082C0004030DBB2022B0CBF01230023DBB208E0FD
:1082D000FB6893F84130DBB2022B0CBF0123002373
:1082E000DBB2002B01D0022364E1BB68002B09D173
:1082F000FB6893F83E30DBB2012B0CBF0123002357
:10830000DBB222E0BB68042B09D1FB6893F83F3055
:10831000DBB2012B0CBF01230023DBB215E0BB68ED
:10832000082B09D1FB6893F84030DBB2012B0CBF5E
:1083300001230023DBB208E0FB6893F84130DBB295
:10834000012B0CBF01230023DBB2002B24D07B6860
:10835000002B02D07B88002B01D101232AE1BB68CE
:10836000002B04D1FB68022283F83E2016E0BB6894
:10837000042B04D1FB68022283F83F200EE0BB6887
:10838000082B04D1FB68022283F8402006E0FB683A
:10839000022283F8412001E001230BE1BB680C2B92
:1083A0007DD0BB680C2B00F29E80BB68082B52D09E
:1083B000BB68082B00F29780BB68002B03D0BB681A
:1083C000042B24D08FE0FB685B6A7C4ADA63FB688D
:1083D0005B6A7B4A1A64FB685B6A7A4ADA64FB6808
:1083E000586A7968FB681B6834331A467B8807F043
:1083F00016FA0346002B01D00123DBE0FB681B6863
:10840000DA68FB681B6842F40072DA606EE0FB68B1
:108410009B6A6A4ADA63FB689B6A694A1A64FB686A
:108420009B6A684ADA64FB68986A7968FB681B682B
:1084300038331A467B8807F0F2F90346002B01D047
:108440000123B7E0FB681B68DA68FB681B6842F42D
:108450008062DA604AE0FB68DB6A584ADA63FB68EC
:10846000DB6A574A1A64FB68DB6A564ADA64FB68BF
:10847000D86A7968FB681B683C331A467B8807F02A
:10848000CEF90346002B01D0012393E0FB681B6863
:10849000DA68FB681B6842F40062DA6026E0FB6879
:1084A0001B6B464ADA63FB681B6B454A1A64FB6820
:1084B0001B6B444ADA64FB68186B7968FB681B68BD
:1084C00040331A467B8807F0AAF90346002B01D0F7
:1084D00001236FE0FB681B68DA68FB681B6842F4E5
:1084E0008052DA6002E00123FB7500BFFB7D002BA8
:1084F0005FD1FB681B680122B968184604F05BFE77
:10850000FB681B68304A934204D0FB681B682F4A03
:10851000934201D1012300E00023002B07D0FB6828
:108520001B685A6CFB681B6842F400425A64FB6883
:108530001B68254A934222D0FB681B68B3F1804F29
:108540001DD0FB681B68224A934218D0FB681B6849
:10855000204A934213D0FB681B681F4A93420ED0F7
:10856000FB681B68194A934209D0FB681B681B4AC9
:10857000934204D0FB681B68194A934211D1FB68EF
:108580001B689B6803F007033B613B69062B10D017
:10859000FB681B681A68FB681B6842F001021A60DE
:1085A00007E0FB681B681A68FB681B6842F0010261
:1085B0001A60FB7D18461837BD4680BD9DC5000872
:1085C00045C600080BC5000800000140000401403A
:1085D0000004004000080040000C00400040014042
:1085E0000018004080B584B000AF78603960002387
:1085F000FB733B680C2B39D03B680C2B44D83B6891
:10860000082B25D03B68082B3ED83B68002B03D0B5
:108610003B68042B0ED037E07B681B68DA687B6808
:108620001B6822F40072DA607B685B6A184607F008
:10863000BEF92CE07B681B68DA687B681B6822F453
:108640008062DA607B689B6A184607F0B0F91EE02A
:108650007B681B68DA687B681B6822F40062DA605A
:108660007B68DB6A184607F0A2F910E07B681B689C
:10867000DA687B681B6822F48052DA607B681B6BC7
:10868000184607F094F902E00123FB7300BFFB7B5F
:10869000002B61D17B681B6800223968184604F002
:1086A0008AFD7B681B682F4A934204D07B681B6855
:1086B0002D4A934201D1012300E00023002B17D063
:1086C0007B681B681A6A41F211131340002B0FD10B
:1086D0007B681B681A6A40F244431340002B07D1A1
:1086E0007B681B685A6C7B681B6822F400425A64E2
:1086F0007B681B681A6A41F211131340002B0FD1DB
:108700007B681B681A6A40F244431340002B07D170
:108710007B681B681A687B681B6822F001021A607C
:108720003B68002B04D17B68012283F83E2013E0D4
:108730003B68042B04D17B68012283F83F200BE0C7
:108740003B68082B04D17B68012283F8402003E0BA
:108750007B68012283F84120FB7B18461037BD4619
:1087600080BD00BF000001400004014080B582B020
:1087700000AF78607B68002B01D1012341E07B686A
:1087800093F83D30DBB2002B06D17B68002283F8E2
:108790003C20786800F08DF87B68022283F83D2049
:1087A0007B681A687B6804331946104604F060F849
:1087B0007B68012283F846207B68012283F83E20F3
:1087C0007B68012283F83F207B68012283F84020E8
:1087D0007B68012283F841207B68012283F84220D4
:1087E0007B68012283F843207B68012283F84420C0
:1087F0007B68012283F845207B68012283F83D20B5
:10880000002318460837BD4680BD80B582B000AF52
:1088100078607B68022283F83D207B681B681A6AB7
:1088200041F211131340002B0FD17B681B681A6AA9
:1088300040F244431340002B07D17B681B681A6841
:108840007B681B6822F001021A60786800F03AF831
:108850007B68002283F846207B68002283F83E2054
:108860007B68002283F83F207B68002283F8402049
:108870007B68002283F841207B68002283F8422035
:108880007B68002283F843207B68002283F8442021
:108890007B68002283F845207B68002283F83D2016
:1088A0007B68002283F83C20002318460837BD4629
:1088B00080BD80B483B000AF786000BF0C37BD4688
:1088C00080BC704780B483B000AF786000BF0C37C5
:1088D000BD4680BC704780B584B000AF7860396019
:1088E0003B68002B09D17B6893F83E30DBB2012B4B
:1088F00014BF01230023DBB222E03B68042B09D123
:108900007B6893F83F30DBB2012B14BF01230023B7
:10891000DBB215E03B68082B09D17B6893F8403047
:10892000DBB2012B14BF01230023DBB208E07B681C
:1089300093F84130DBB2012B14BF01230023DBB2DB
:10894000002B01D001237CE03B68002B04D17B6825
:10895000022283F83E2013E03B68042B04D17B689D
:10896000022283F83F200BE03B68082B04D17B6890
:10897000022283F8402003E07B68022283F8412032
:108980007B681B6801223968184604F014FC7B6878
:108990001B682E4A934204D07B681B682C4A934282
:1089A00001D1012300E00023002B07D07B681B6866
:1089B0005A6C7B681B6842F400425A647B681B68EF
:1089C000224A934222D07B681B68B3F1804F1DD0AE
:1089D0007B681B681F4A934218D07B681B681E4A3D
:1089E000934213D07B681B681C4A93420ED07B686D
:1089F0001B68174A934209D07B681B68184A934248
:108A000004D07B681B68174A934211D17B681B68AE
:108A10009B6803F00703FB60FB68062B10D07B68A4
:108A20001B681A687B681B6842F001021A6007E045
:108A30007B681B681A687B681B6842F001021A6039
:108A4000002318461037BD4680BD00BF000001401E
:108A5000000401400004004000080040000C0040F9
:108A6000004001400018004080B582B000AF78603F
:108A700039607B681B6800223968184604F09BFB4C
:108A80007B681B682E4A934204D07B681B682D4A82
:108A9000934201D1012300E00023002B17D07B6813
:108AA0001B681A6A41F211131340002B0FD17B6827
:108AB0001B681A6A40F244431340002B07D17B68BD
:108AC0001B685A6C7B681B6822F400425A647B68FE
:108AD0001B681A6A41F211131340002B0FD17B68F7
:108AE0001B681A6A40F244431340002B07D17B688D
:108AF0001B681A687B681B6822F001021A603B68D9
:108B0000002B04D17B68012283F83E2013E03B68F0
:108B1000042B04D17B68012283F83F200BE03B68E3
:108B2000082B04D17B68012283F8402003E07B6896
:108B3000012283F84120002318460837BD4680BD36
:108B4000000001400004014080B584B000AF7860AF
:108B500039600023FB733B68002B09D17B6893F8D5
:108B60003E30DBB2012B14BF01230023DBB222E035
:108B70003B68042B09D17B6893F83F30DBB2012BB3
:108B800014BF01230023DBB215E03B68082B09D199
:108B90007B6893F84030DBB2012B14BF0123002324
:108BA000DBB208E07B6893F84130DBB2012B14BFE5
:108BB00001230023DBB2002B01D00123B9E03B6885
:108BC000002B04D17B68022283F83E2013E03B682F
:108BD000042B04D17B68022283F83F200BE03B6822
:108BE000082B04D17B68022283F8402003E07B68D5
:108BF000022283F841203B680C2B2AD03B680C2BC7
:108C000030D83B68082B1BD03B68082B2AD83B6820
:108C1000002B03D03B68042B09D023E07B681B6842
:108C2000DA687B681B6842F00202DA601DE07B684C
:108C30001B68DA687B681B6842F00402DA6014E0A3
:108C40007B681B68DA687B681B6842F00802DA60A0
:108C50000BE07B681B68DA687B681B6842F01002D7
:108C6000DA6002E00123FB7300BFFB7B002B5FD1C6
:108C70007B681B6801223968184604F09CFA7B68FF
:108C80001B682E4A934204D07B681B682C4A93428F
:108C900001D1012300E00023002B07D07B681B6873
:108CA0005A6C7B681B6842F400425A647B681B68FC
:108CB000224A934222D07B681B68B3F1804F1DD0BB
:108CC0007B681B681F4A934218D07B681B681E4A4A
:108CD000934213D07B681B681C4A93420ED07B687A
:108CE0001B68174A934209D07B681B68184A934255
:108CF00004D07B681B68174A934211D17B681B68BC
:108D00009B6803F00703BB60BB68062B10D07B6831
:108D10001B681A687B681B6842F001021A6007E052
:108D20007B681B681A687B681B6842F001021A6046
:108D3000FB7B18461037BD4680BD00BF00000140D8
:108D4000000401400004004000080040000C004006
:108D5000004001400018004080B584B000AF78604A
:108D600039600023FB733B680C2B2AD03B680C2B2B
:108D700030D83B68082B1BD03B68082B2AD83B68AF
:108D8000002B03D03B68042B09D023E07B681B68D1
:108D9000DA687B681B6822F00202DA601DE07B68FB
:108DA0001B68DA687B681B6822F00402DA6014E052
:108DB0007B681B68DA687B681B6822F00802DA604F
:108DC0000BE07B681B68DA687B681B6822F0100286
:108DD000DA6002E00123FB7300BFFB7B002B61D153
:108DE0007B681B6800223968184604F0E4F97B6848
:108DF0001B682F4A934204D07B681B682D4A93421C
:108E000001D1012300E00023002B17D07B681B68F1
:108E10001A6A41F211131340002B0FD17B681B68B3
:108E20001A6A40F244431340002B07D17B681B6849
:108E30005A6C7B681B6822F400425A647B681B688A
:108E40001A6A41F211131340002B0FD17B681B6883
:108E50001A6A40F244431340002B07D17B681B6819
:108E60001A687B681B6822F001021A603B68002BBD
:108E700004D17B68012283F83E2013E03B68042B79
:108E800004D17B68012283F83F200BE03B68082B6C
:108E900004D17B68012283F8402003E07B68012233
:108EA00083F84120FB7B18461037BD4680BD00BFCC
:108EB000000001400004014080B586B000AFF860BA
:108EC000B9607A607B800023FB75BB68002B09D1F9
:108ED000FB6893F83E30DBB2022B0CBF012300236A
:108EE000DBB222E0BB68042B09D1FB6893F83F306A
:108EF000DBB2022B0CBF01230023DBB215E0BB6801
:108F0000082B09D1FB6893F84030DBB2022B0CBF71
:108F100001230023DBB208E0FB6893F84130DBB2A9
:108F2000022B0CBF01230023DBB2002B01D0022354
:108F300064E1BB68002B09D1FB6893F83E30DBB2DB
:108F4000012B0CBF01230023DBB222E0BB68042B02
:108F500009D1FB6893F83F30DBB2012B0CBF012332
:108F60000023DBB215E0BB68082B09D1FB6893F83E
:108F70004030DBB2012B0CBF01230023DBB208E041
:108F8000FB6893F84130DBB2012B0CBF01230023B7
:108F9000DBB2002B24D07B68002B02D07B88002B17
:108FA00001D101232AE1BB68002B04D1FB68022216
:108FB00083F83E2016E0BB68042B04D1FB68022234
:108FC00083F83F200EE0BB68082B04D1FB68022227
:108FD00083F8402006E0FB68022283F8412001E08C
:108FE00001230BE1BB680C2B7DD0BB680C2B00F27E
:108FF0009E80BB68082B52D0BB68082B00F297807C
:10900000BB68002B03D0BB68042B24D08FE0FB6827
:109010005B6A7C4ADA63FB685B6A7B4A1A64FB68BA
:109020005B6A7A4ADA64FB68586A7968FB681B688D
:1090300034331A467B8806F0F2FB0346002B01D03E
:109040000123DBE0FB681B68DA68FB681B6842F4FD
:109050000072DA606EE0FB689B6A6A4ADA63FB685A
:109060009B6A694A1A64FB689B6A684ADA64FB680F
:10907000986A7968FB681B6838331A467B8806F063
:10908000CEFB0346002B01D00123B7E0FB681B6831
:10909000DA68FB681B6842F48062DA604AE0FB68C9
:1090A000DB6A584ADA63FB68DB6A574A1A64FB6872
:1090B000DB6A564ADA64FB68D86A7968FB681B6821
:1090C0003C331A467B8806F0AAFB0346002B01D0EE
:1090D000012393E0FB681B68DA68FB681B6842F4B5
:1090E0000062DA6026E0FB681B6B464ADA63FB68C5
:1090F0001B6B454A1A64FB681B6B444ADA64FB68C5
:10910000186B7968FB681B6840331A467B8806F049
:1091100086FB0346002B01D001236FE0FB681B6830
:10912000DA68FB681B6842F48052DA6002E00123CF
:10913000FB7500BFFB7D002B5FD1FB681B68012224
:10914000B968184604F037F8FB681B68304A934248
:1091500004D0FB681B682F4A934201D1012300E031
:109160000023002B07D0FB681B685A6CFB681B6848
:1091700042F400425A64FB681B68254A934222D09D
:10918000FB681B68B3F1804F1DD0FB681B68224A47
:10919000934218D0FB681B68204A934213D0FB68A7
:1091A0001B681F4A93420ED0FB681B68194A934202
:1091B00009D0FB681B681B4A934204D0FB681B68FC
:1091C000194A934211D1FB681B689B6803F007039F
:1091D0003B613B69062B10D0FB681B681A68FB6873
:1091E0001B6842F001021A6007E0FB681B681A68FE
:1091F000FB681B6842F001021A60FB7D18461837B5
:10920000BD4680BD9DC5000845C600080BC50008C9
:10921000000001400004014000040040000800403C
:10922000000C0040004001400018004080B584B0B0
:1092300000AF786039600023FB733B680C2B39D09A
:109240003B680C2B44D83B68082B25D03B68082B87
:109250003ED83B68002B03D03B68042B0ED037E090
:109260007B681B68DA687B681B6822F40072DA602E
:109270007B685B6A184606F09AFB2CE07B681B68EB
:10928000DA687B681B6822F48062DA607B689B6A1C
:10929000184606F08CFB1EE07B681B68DA687B686A
:1092A0001B6822F40062DA607B68DB6A184606F00D
:1092B0007EFB10E07B681B68DA687B681B6822F421
:1092C0008052DA607B681B6B184606F070FB02E088
:1092D0000123FB7300BFFB7B002B61D17B681B6804
:1092E00000223968184603F066FF7B681B682F4A26
:1092F000934204D07B681B682D4A934201D101231D
:1093000000E00023002B17D07B681B681A6A41F22B
:1093100011131340002B0FD17B681B681A6A40F2AF
:1093200044431340002B07D17B681B685A6C7B6851
:109330001B6822F400425A647B681B681A6A41F277
:1093400011131340002B0FD17B681B681A6A40F27F
:1093500044431340002B07D17B681B681A687B6865
:109360001B6822F001021A603B68002B04D17B6865
:10937000012283F83E2013E03B68042B04D17B6874
:10938000012283F83F200BE03B68082B04D17B6867
:10939000012283F8402003E07B68012283F841200A
:1093A000FB7B18461037BD4680BD00BF0000014062
:1093B0000004014080B582B000AF78607B68002B6C
:1093C00001D1012341E07B6893F83D30DBB2002BF3
:1093D00006D17B68002283F83C20786800F08DF885
:1093E0007B68022283F83D207B681A687B6804331F
:1093F0001946104603F03CFA7B68012283F84620A8
:109400007B68012283F83E207B68012283F83F209D
:109410007B68012283F840207B68012283F8412089
:109420007B68012283F842207B68012283F8432075
:109430007B68012283F844207B68012283F8452061
:109440007B68012283F83D20002318460837BD467B
:1094500080BD80B582B000AF78607B68022283F85F
:109460003D207B681B681A6A41F211131340002BE0
:109470000FD17B681B681A6A40F244431340002BEB
:1094800007D17B681B681A687B681B6822F00102A1
:109490001A60786800F03AF87B68002283F846206A
:1094A0007B68002283F83E207B68002283F83F20FF
:1094B0007B68002283F840207B68002283F84120EB
:1094C0007B68002283F842207B68002283F84320D7
:1094D0007B68002283F844207B68002283F84520C3
:1094E0007B68002283F83D207B68002283F83C20C3
:1094F000002318460837BD4680BD80B483B000AF56
:10950000786000BF0C37BD4680BC704780B483B024
:1095100000AF786000BF0C37BD4680BC704780B597
:1095200084B000AF786039603B68002B04D17B6861
:1095300093F83E30FB7313E03B68042B04D17B6847
:1095400093F83F30FB730BE03B68082B04D17B683A
:1095500093F84030FB7303E07B6893F84130FB7372
:109560003B68002B04D17B6893F84230BB7313E057
:109570003B68042B04D17B6893F84330BB730BE04A
:109580003B68082B04D17B6893F84430BB7303E03D
:109590007B6893F84530BB73FB7B012B02D1BB7B0F
:1095A000012B01D0012381E03B68002B04D17B68B3
:1095B000022283F83E2013E03B68042B04D17B6831
:1095C000022283F83F200BE03B68082B04D17B6824
:1095D000022283F8402003E07B68022283F84120C6
:1095E0003B68002B04D17B68022283F8422013E001
:1095F0003B68042B04D17B68022283F843200BE0F4
:109600003B68082B04D17B68022283F8442003E0E6
:109610007B68022283F845207B681B680122396839
:10962000184603F0C8FD7B681B68224A934222D08B
:109630007B681B68B3F1804F1DD07B681B681E4A96
:10964000934218D07B681B681C4A934213D07B68F6
:109650001B681B4A93420ED07B681B68194A9342D1
:1096600009D07B681B68184A934204D07B681B684A
:10967000164A934211D17B681B689B6803F007036D
:10968000BB60BB68062B10D07B681B681A687B68C0
:109690001B6842F001021A6007E07B681B681A68C9
:1096A0007B681B6842F001021A60002318461037DD
:1096B000BD4680BD0000014000040040000800409D
:1096C000000C004000040140004001400018004030
:1096D00080B582B000AF786039607B681B6800227B
:1096E0003968184603F067FD7B681B681A6A41F207
:1096F00011131340002B0FD17B681B681A6A40F2CC
:1097000044431340002B07D17B681B681A687B68B1
:109710001B6822F001021A603B68002B04D17B68B1
:10972000012283F83E2013E03B68042B04D17B68C0
:10973000012283F83F200BE03B68082B04D17B68B3
:10974000012283F8402003E07B68012283F8412056
:109750003B68002B04D17B68012283F8422013E090
:109760003B68042B04D17B68012283F843200BE083
:109770003B68082B04D17B68012283F8442003E076
:109780007B68012283F84520002318460837BD4630
:1097900080BD80B584B000AF786039600023FB7372
:1097A0003B68002B04D17B6893F83E30BB7313E019
:1097B0003B68042B04D17B6893F83F30BB730BE00C
:1097C0003B68082B04D17B6893F84030BB7303E0FF
:1097D0007B6893F84130BB733B68002B04D17B68F6
:1097E00093F842307B7313E03B68042B04D17B6811
:1097F00093F843307B730BE03B68082B04D17B6804
:1098000093F844307B7303E07B6893F845307B73B7
:10981000BB7B012B02D17B7B012B01D00123BEE05E
:109820003B68002B04D17B68022283F83E2013E0C2
:109830003B68042B04D17B68022283F83F200BE0B5
:109840003B68082B04D17B68022283F8402003E0A8
:109850007B68022283F841203B68002B04D17B689F
:10986000022283F8422013E03B68042B04D17B687A
:10987000022283F843200BE03B68082B04D17B686D
:10988000022283F8442003E07B68022283F845200B
:109890003B680C2B2AD03B680C2B30D83B68082B3C
:1098A0001BD03B68082B2AD83B68002B03D03B68B1
:1098B000042B09D023E07B681B68DA687B681B688F
:1098C00042F00202DA601DE07B681B68DA687B68A0
:1098D0001B6842F00402DA6014E07B681B68DA68F7
:1098E0007B681B6842F00802DA600BE07B681B684B
:1098F000DA687B681B6842F01002DA6002E001233C
:10990000FB7300BFFB7B002B48D17B681B680122E7
:109910003968184603F04FFC7B681B68224A934263
:1099200022D07B681B68B3F1804F1DD07B681B6819
:109930001E4A934218D07B681B681D4A934213D07D
:109940007B681B681B4A93420ED07B681B681A4ACF
:10995000934209D07B681B68184A934204D07B6805
:109960001B68174A934211D17B681B689B6803F000
:109970000703BB60BB68062B10D07B681B681A68A6
:109980007B681B6842F001021A6007E07B681B6875
:109990001A687B681B6842F001021A60FB7B18465C
:1099A0001037BD4680BD00BF0000014000040040EC
:1099B00000080040000C004000040140004001404D
:1099C0000018004080B584B000AF78603960002393
:1099D000FB733B680C2B2AD03B680C2B30D83B68C0
:1099E000082B1BD03B68082B2AD83B68002B03D0E0
:1099F0003B68042B09D023E07B681B68DA687B682E
:109A00001B6822F00202DA601DE07B681B68DA68DE
:109A10007B681B6822F00402DA6014E07B681B6834
:109A2000DA687B681B6822F00802DA600BE07B686A
:109A30001B68DA687B681B6822F01002DA6002E0BB
:109A40000123FB7300BFFB7B002B56D17B681B6897
:109A500000223968184603F0AEFB7B681B681A6A5F
:109A600041F211131340002B0FD17B681B681A6A57
:109A700040F244431340002B07D17B681B681A68EF
:109A80007B681B6822F001021A603B68002B04D13E
:109A90007B68012283F83E2013E03B68042B04D14D
:109AA0007B68012283F83F200BE03B68082B04D140
:109AB0007B68012283F8402003E07B68012283F861
:109AC00041203B68002B04D17B68012283F84220AF
:109AD00013E03B68042B04D17B68012283F8432008
:109AE0000BE03B68082B04D17B68012283F84420FB
:109AF00003E07B68012283F84520FB7B1846103782
:109B0000BD4680BD80B586B000AFF860B9607A60B0
:109B10007B800023FB75BB68002B04D1FB6893F8A6
:109B20003E30BB7513E0BB68042B04D1FB6893F88F
:109B30003F30BB750BE0BB68082B04D1FB6893F882
:109B40004030BB7503E0FB6893F84130BB75BB68E0
:109B5000002B04D1FB6893F842307B7513E0BB689F
:109B6000042B04D1FB6893F843307B750BE0BB6892
:109B7000082B04D1FB6893F844307B7503E0FB6845
:109B800093F845307B75BB7D022B02D07B7D022B89
:109B900001D102233AE1BB7D012B43D17B7D012B17
:109BA00040D17B68002B02D07B88002B01D10123A0
:109BB0002CE1BB68002B04D1FB68022283F83E2015
:109BC00013E0BB68042B04D1FB68022283F83F201A
:109BD0000BE0BB68082B04D1FB68022283F840200D
:109BE00003E0FB68022283F84120BB68002B04D10C
:109BF000FB68022283F8422016E0BB68042B04D1E4
:109C0000FB68022283F843200EE0BB68082B04D1D6
:109C1000FB68022283F8442006E0FB68022283F8F6
:109C2000452001E00123F1E0FB681B680122B968CF
:109C3000184603F0C0FABB680C2B7DD0BB680C2B18
:109C400000F29E80BB68082B52D0BB68082B00F244
:109C50009780BB68002B03D0BB68042B24D08FE017
:109C6000FB685B6A6B4ADA63FB685B6A6A4A1A6480
:109C7000FB685B6A694ADA64FB68586AFB681B68C0
:109C8000343319467A687B8805F0C9FD0346002BFA
:109C900001D00123BAE0FB681B68DA68FB681B6827
:109CA00042F40072DA606EE0FB689B6A594ADA633C
:109CB000FB689B6A584A1A64FB689B6A574ADA64D5
:109CC000FB68986AFB681B68383319467A687B889A
:109CD00005F0A5FD0346002B01D0012396E0FB68AB
:109CE0001B68DA68FB681B6842F48062DA604AE04D
:109CF000FB68DB6A474ADA63FB68DB6A464A1A6438
:109D0000FB68DB6A454ADA64FB68D86AFB681B6853
:109D10003C3319467A687B8805F081FD0346002BA9
:109D200001D0012372E0FB681B68DA68FB681B68DE
:109D300042F40062DA6026E0FB681B6B354ADA63A6
:109D4000FB681B6B344A1A64FB681B6B334ADA648A
:109D5000FB68186BFB681B68403319467A687B8880
:109D600005F05DFD0346002B01D001234EE0FB68AA
:109D70001B68DA68FB681B6842F48052DA6002E014
:109D80000123FB7500BFFB681B68254A934222D064
:109D9000FB681B68B3F1804F1DD0FB681B68214A2C
:109DA000934218D0FB681B681F4A934213D0FB688C
:109DB0001B681E4A93420ED0FB681B681C4A9342E4
:109DC00009D0FB681B681B4A934204D0FB681B68E0
:109DD000194A934211D1FB681B689B6803F0070383
:109DE0003B613B69062B10D0FB681B681A68FB6857
:109DF0001B6842F001021A6007E0FB681B681A68E2
:109E0000FB681B6842F001021A60FB7D1846183798
:109E1000BD4680BDADC6000875C700080BC500086B
:109E2000000001400004004000080040000C004019
:109E300000040140004001400018004080B584B09B
:109E400000AF786039600023FB737B681B680022D9
:109E50003968184603F0AFF93B680C2B39D03B68E2
:109E60000C2B44D83B68082B25D03B68082B3ED8E8
:109E70003B68002B03D03B68042B0ED037E07B6897
:109E80001B68DA687B681B6822F40072DA607B6802
:109E90005B6A184605F08BFD2CE07B681B68DA686E
:109EA0007B681B6822F48062DA607B689B6A1846D4
:109EB00005F07DFD1EE07B681B68DA687B681B6827
:109EC00022F40062DA607B68DB6A184605F06FFDF9
:109ED00010E07B681B68DA687B681B6822F480529C
:109EE000DA607B681B6B184605F061FD02E0012318
:109EF000FB7300BFFB7B002B4FD17B681B681A6A8A
:109F000041F211131340002B0FD17B681B681A6AB2
:109F100040F244431340002B07D17B681B681A684A
:109F20007B681B6822F001021A603B68002B04D199
:109F30007B68012283F83E2013E03B68042B04D1A8
:109F40007B68012283F83F200BE03B68082B04D19B
:109F50007B68012283F8402003E07B68012283F8BC
:109F600041203B68002B04D17B68012283F842200A
:109F700013E03B68042B04D17B68012283F8432063
:109F80000BE03B68082B04D17B68012283F8442056
:109F900003E07B68012283F84520FB7B18461037DD
:109FA000BD4680BD80B582B000AF786039607B6807
:109FB000002B01D1012341E07B6893F83D30DBB2F7
:109FC000002B06D17B68002283F83C20786800F0E3
:109FD0007DF87B68022283F83D207B681A687B68E5
:109FE00004331946104602F043FC7B681B681A686C
:109FF0007B681B6822F008021A607B681B6819687E
:10A000007B681B683A680A431A607B68012283F800
:10A0100046207B68012283F83E207B68012283F87A
:10A020003F207B68012283F842207B68012283F86D
:10A0300043207B68012283F83D200023184608371F
:10A04000BD4680BD80B582B000AF78607B680222DB
:10A0500083F83D207B681B681A6A41F21113134094
:10A06000002B0FD17B681B681A6A40F244431340EF
:10A07000002B07D17B681B681A687B681B6822F07D
:10A0800001021A60786800F02AF87B68002283F8E1
:10A0900046207B68002283F83E207B68002283F8FC
:10A0A0003F207B68002283F842207B68002283F8EF
:10A0B00043207B68002283F83D207B68002283F8E0
:10A0C0003C20002318460837BD4680BD80B483B0CD
:10A0D00000AF786000BF0C37BD4680BC704780B4CD
:10A0E00083B000AF786000BF0C37BD4680BC7047BE
:10A0F00080B584B000AF786039607B6893F83E30FB
:10A10000FB737B6893F83F30BB737B6893F84230F6
:10A110007B737B6893F843303B73FB7B012B08D147
:10A12000BB7B012B05D17B7B012B02D13B7B012B20
:10A1300001D0012335E07B68022283F83E207B6852
:10A14000022283F83F207B68022283F842207B684A
:10A15000022283F843207B681B68012200211846F5
:10A1600003F029F87B681B6801220421184603F0DC
:10A1700022F87B681B680D4A934204D07B681B68F9
:10A180000B4A934201D1012300E00023002B07D0AA
:10A190007B681B685A6C7B681B6842F400425A64F7
:10A1A000002318461037BD4680BD00BF00000140A7
:10A1B0000004014080B582B000AF786039607B68F0
:10A1C0001B6800220021184602F0F5FF7B681B681F
:10A1D00000220421184602F0EEFF7B681B68294A22
:10A1E000934204D07B681B68274A934201D1012324
:10A1F00000E00023002B17D07B681B681A6A41F22D
:10A2000011131340002B0FD17B681B681A6A40F2B0
:10A2100044431340002B07D17B681B685A6C7B6852
:10A220001B6822F400425A647B681B681A6A41F278
:10A2300011131340002B0FD17B681B681A6A40F280
:10A2400044431340002B07D17B681B681A687B6866
:10A250001B6822F001021A607B68012283F83E200D
:10A260007B68012283F83F207B68012283F842202B
:10A270007B68012283F84320002318460837BD4637
:10A2800080BD00BF000001400004014080B584B0E3
:10A2900000AF786039607B6893F83E30FB737B6871
:10A2A00093F83F30BB737B6893F842307B737B68D5
:10A2B00093F843303B73FB7B012B08D1BB7B012B15
:10A2C00005D17B7B012B02D13B7B012B01D00123EC
:10A2D00045E07B68022283F83E207B68022283F8F7
:10A2E0003F207B68022283F842207B68022283F8A9
:10A2F00043207B681B68DA687B681B6842F00202B7
:10A30000DA607B681B68DA687B681B6842F00402CD
:10A31000DA607B681B6801220021184602F04BFFBF
:10A320007B681B6801220421184602F044FF7B6809
:10A330001B680D4A934204D07B681B680B4A93420A
:10A3400001D1012300E00023002B07D07B681B68AC
:10A350005A6C7B681B6842F400425A64002318461A
:10A360001037BD4680BD00BF000001400004014021
:10A3700080B582B000AF786039607B681B68DA68AE
:10A380007B681B6822F00202DA607B681B68DA686F
:10A390007B681B6822F00402DA607B681B6800227D
:10A3A0000021184602F007FF7B681B680022042189
:10A3B000184602F000FF7B681B68294A934204D0CC
:10A3C0007B681B68274A934201D1012300E00023E8
:10A3D000002B17D07B681B681A6A41F211131340D7
:10A3E000002B0FD17B681B681A6A40F2444313406C
:10A3F000002B07D17B681B685A6C7B681B6822F4B2
:10A4000000425A647B681B681A6A41F211131340B8
:10A41000002B0FD17B681B681A6A40F2444313403B
:10A42000002B07D17B681B681A687B681B6822F0C9
:10A4300001021A607B68012283F83E207B680122BA
:10A4400083F83F207B68012283F842207B68012249
:10A4500083F84320002318460837BD4680BD00BF5F
:10A46000000001400004014080B586B000AF786074
:10A4700039607B68002B01D1012397E07B6893F85A
:10A480003D30DBB2002B06D17B68002283F83C20F4
:10A49000786800F0D3F87B68022283F83D207B685F
:10A4A0001B689B687A68126823F4804323F00703D3
:10A4B00093607B681A687B6804331946104602F083
:10A4C000D7F97B681B689B687B617B681B689B690D
:10A4D0003B617B681B681B6AFB603B681B687A6991
:10A4E00013437B613B6923F4407323F003033B6117
:10A4F0003B689A683B689B691B0213433A691343A4
:10A500003B613B6923F4406323F00C033B613B69EF
:10A5100023F4704323F0F0033B613B68DA683B6847
:10A52000DB691B0213433A6913433B613B681B69B8
:10A530001A013B681B6A1B0313433A6913433B61CF
:10A54000FB6823F02203FB60FB6823F08803FB60B9
:10A550003B685A683B685B691B011343FA68134305
:10A56000FB607B681B687A699A607B681B683A6944
:10A570009A617B681B68FA681A627B68012283F81B
:10A5800046207B68012283F83E207B68012283F805
:10A590003F207B68012283F842207B68012283F8F8
:10A5A00043207B68012283F83D200023184618379A
:10A5B000BD4680BD80B582B000AF78607B68022266
:10A5C00083F83D207B681B681A6A41F2111313401F
:10A5D000002B0FD17B681B681A6A40F2444313407A
:10A5E000002B07D17B681B681A687B681B6822F008
:10A5F00001021A60786800F02AF87B68002283F86C
:10A6000046207B68002283F83E207B68002283F886
:10A610003F207B68002283F842207B68002283F879
:10A6200043207B68002283F83D207B68002283F86A
:10A630003C20002318460837BD4680BD80B483B057
:10A6400000AF786000BF0C37BD4680BC704780B457
:10A6500083B000AF786000BF0C37BD4680BC704748
:10A6600080B584B000AF786039607B6893F83E3085
:10A67000FB737B6893F83F30BB737B6893F8423081
:10A680007B737B6893F843303B733B68002B10D19E
:10A69000FB7B012B02D17B7B012B01D0012369E0E5
:10A6A0007B68022283F83E207B68022283F84220E6
:10A6B00031E03B68042B10D1BB7B012B02D13B7BEB
:10A6C000012B01D0012355E07B68022283F83F2053
:10A6D0007B68022283F843201DE0FB7B012B08D11D
:10A6E000BB7B012B05D17B7B012B02D13B7B012B5B
:10A6F00001D001233EE07B68022283F83E207B6884
:10A70000022283F83F207B68022283F842207B6884
:10A71000022283F843203B68002B03D03B68042BC4
:10A7200008D00FE07B681B6801220021184602F068
:10A7300042FD16E07B681B6801220421184602F0E6
:10A740003AFD0EE07B681B6801220021184602F0EA
:10A7500032FD7B681B6801220421184602F02BFDA4
:10A7600000BF7B681B681A687B681B6842F00102A7
:10A770001A60002318461037BD4680BD80B582B0F0
:10A7800000AF786039603B68002B03D03B68042B36
:10A7900008D00FE07B681B6800220021184602F0F9
:10A7A0000AFD16E07B681B6800220421184602F0AF
:10A7B00002FD0EE07B681B6800220021184602F0B3
:10A7C000FAFC7B681B6800220421184602F0F3FCA7
:10A7D00000BF7B681B681A6A41F211131340002BFB
:10A7E0000FD17B681B681A6A40F244431340002B68
:10A7F00007D17B681B681A687B681B6822F001021E
:10A800001A603B68002B02D03B68042B38D13B68B0
:10A81000002B04D17B68012283F83E2013E03B68C3
:10A82000042B04D17B68012283F83F200BE03B68B6
:10A83000082B04D17B68012283F8402003E07B6869
:10A84000012283F841203B68002B04D17B68012260
:10A8500083F8422024E03B68042B04D17B6801226A
:10A8600083F843201CE03B68082B04D17B6801225D
:10A8700083F8442014E07B68012283F845200FE030
:10A880007B68012283F83E207B68012283F83F2009
:10A890007B68012283F842207B68012283F84320F1
:10A8A000002318460837BD4680BD80B584B000AF90
:10A8B000786039607B6893F83E30FB737B6893F86F
:10A8C0003F30BB737B6893F842307B737B6893F8AF
:10A8D00043303B733B68002B10D1FB7B012B02D133
:10A8E0007B7B012B01D0012389E07B68022283F866
:10A8F0003E207B68022283F8422031E03B68042B33
:10A9000010D1BB7B012B02D13B7B012B01D001235A
:10A9100075E07B68022283F83F207B68022283F87F
:10A9200043201DE0FB7B012B08D1BB7B012B05D114
:10A930007B7B012B02D13B7B012B01D001235EE00D
:10A940007B68022283F83E207B68022283F83F2046
:10A950007B68022283F842207B68022283F843202E
:10A960003B68002B03D03B68042B10D01FE07B68B2
:10A970001B6801220021184602F01DFC7B681B6841
:10A98000DA687B681B6842F00202DA602EE07B68BE
:10A990001B6801220421184602F00DFC7B681B682D
:10A9A000DA687B681B6842F00402DA601EE07B68AC
:10A9B0001B6801220021184602F0FDFB7B681B6822
:10A9C00001220421184602F0F6FB7B681B68DA6856
:10A9D0007B681B6842F00202DA607B681B68DA68F9
:10A9E0007B681B6842F00402DA6000BF7B681B686A
:10A9F0001A687B681B6842F001021A60002318463F
:10AA00001037BD4680BD80B582B000AF7860396038
:10AA10003B68002B0FD17B681B6800220021184681
:10AA200002F0C9FB7B681B68DA687B681B6822F050
:10AA30000202DA6030E03B68042B0FD17B681B68B0
:10AA400000220421184602F0B6FB7B681B68DA6816
:10AA50007B681B6822F00402DA601DE07B681B68DB
:10AA600000220021184602F0A6FB7B681B6800222A
:10AA70000421184602F09FFB7B681B68DA687B683C
:10AA80001B6822F00202DA607B681B68DA687B6868
:10AA90001B6822F00402DA607B681B681A6A41F2C4
:10AAA00011131340002B0FD17B681B681A6A40F208
:10AAB00044431340002B07D17B681B681A687B68EE
:10AAC0001B6822F001021A603B68002B02D03B6831
:10AAD000042B38D13B68002B04D17B68012283F81A
:10AAE0003E2013E03B68042B04D17B68012283F8ED
:10AAF0003F200BE03B68082B04D17B68012283F8E0
:10AB0000402003E07B68012283F841203B68002B52
:10AB100004D17B68012283F8422024E03B68042BA7
:10AB200004D17B68012283F843201CE03B68082B9A
:10AB300004D17B68012283F8442014E07B68012261
:10AB400083F845200FE07B68012283F83E207B6874
:10AB5000012283F83F207B68012283F842207B6832
:10AB6000012283F84320002318460837BD4680BDE4
:10AB700080B586B000AFF860B9607A603B60FB6872
:10AB800093F83E30FB75FB6893F83F30BB75FB686C
:10AB900093F842307B75FB6893F843303B75BB6894
:10ABA000002B20D1FB7D022B02D07B7D022B01D11B
:10ABB00002233FE1FB7D012B13D17B7D012B10D1C3
:10ABC0007B68002B02D03B8C002B01D1012331E1AB
:10ABD000FB68022283F83E20FB68022283F84220B1
:10ABE0005DE0012326E1BB68042B20D1BB7D022B55
:10ABF00002D03B7D022B01D102231BE1BB7D012B47
:10AC000013D13B7D012B10D13B68002B02D03B8C34
:10AC1000002B01D101230DE1FB68022283F83F20C4
:10AC2000FB68022283F8432039E0012302E1FB7D27
:10AC3000022B08D0BB7D022B05D07B7D022B02D0DE
:10AC40003B7D022B01D10223F4E0FB7D012B24D1BB
:10AC5000BB7D012B21D17B7D012B1ED13B7D012BA7
:10AC60001BD17B68002B05D03B68002B02D03B8CAE
:10AC7000002B01D10123DDE0FB68022283F83E2096
:10AC8000FB68022283F83F20FB68022283F84220FF
:10AC9000FB68022283F8432001E00123CAE0BB687D
:10ACA000002B03D0BB68042B33D065E0FB685B6AE4
:10ACB000624ADA63FB685B6A614A1A64FB685B6A32
:10ACC000604ADA64FB68586AFB681B6834331946CB
:10ACD0007A683B8C04F0A3FD0346002B01D00123CE
:10ACE000A8E0FB681B68DA68FB681B6842F4007226
:10ACF000DA60FB681B6801220021184602F05BFA4B
:10AD0000FB681B681A68FB681B6842F001021A6046
:10AD10008FE0FB689B6A494ADA63FB689B6A484A92
:10AD20001A64FB689B6A474ADA64FB68986AFB68A6
:10AD30001B68383319463A683B8C04F070FD0346B3
:10AD4000002B01D0012375E0FB681B68DA68FB6803
:10AD50001B6842F48062DA60FB681B6801220421F0
:10AD6000184602F028FAFB681B681A68FB681B6823
:10AD700042F001021A605CE0FB685B6A2F4ADA630A
:10AD8000FB685B6A2E4A1A64FB685B6A2D4ADA64C8
:10AD9000FB68586AFB681B68343319467A683B8C39
:10ADA00004F03DFD0346002B01D0012342E0FB6887
:10ADB0009B6A224ADA63FB689B6A214A1A64FB6831
:10ADC0009B6A204ADA64FB68986AFB681B68383320
:10ADD00019463A683B8C04F022FD0346002B01D053
:10ADE000012327E0FB681B68DA68FB681B6842F4F4
:10ADF0000072DA60FB681B68DA68FB681B6842F463
:10AE00008062DA60FB681B6801220021184602F0AC
:10AE1000D2F9FB681B6801220421184602F0CBF925
:10AE2000FB681B681A68FB681B6842F001021A6025
:10AE300000BF002318461837BD4680BDADC60008C8
:10AE400075C700080BC5000880B582B000AF7860F8
:10AE500039603B68002B14D17B681B6800220021FD
:10AE6000184602F0A8F97B681B68DA687B681B68E3
:10AE700022F40072DA607B685B6A184604F097FD82
:10AE80003FE03B68042B14D17B681B68002204213F
:10AE9000184602F090F97B681B68DA687B681B68CB
:10AEA00022F48062DA607B689B6A184604F07FFDBA
:10AEB00027E07B681B6800220021184602F07BF91E
:10AEC0007B681B6800220421184602F074F97B6835
:10AED0001B68DA687B681B6822F40072DA607B68A2
:10AEE0001B68DA687B681B6822F48062DA607B6822
:10AEF0005B6A184604F05BFD7B689B6A184604F0A9
:10AF000056FD7B681B681A6A41F211131340002B2F
:10AF10000FD17B681B681A6A40F244431340002B30
:10AF200007D17B681B681A687B681B6822F00102E6
:10AF30001A603B68002B02D03B68042B38D13B6879
:10AF4000002B04D17B68012283F83E2013E03B688C
:10AF5000042B04D17B68012283F83F200BE03B687F
:10AF6000082B04D17B68012283F8402003E07B6832
:10AF7000012283F841203B68002B04D17B68012229
:10AF800083F8422024E03B68042B04D17B68012233
:10AF900083F843201CE03B68082B04D17B68012226
:10AFA00083F8442014E07B68012283F845200FE0F9
:10AFB0007B68012283F83E207B68012283F83F20D2
:10AFC0007B68012283F842207B68012283F84320BA
:10AFD000002318460837BD4680BD80B584B000AF59
:10AFE00078607B681B68DB68FB607B681B681B699B
:10AFF000BB60BB6803F00203002B20D0FB6803F0AA
:10B000000203002B1BD07B681B686FF002021A61E1
:10B010007B6801221A777B681B689B6903F0030336
:10B02000002B03D0786801F0A4F905E0786801F0FE
:10B0300097F9786801F0AFF97B6800221A77BB684E
:10B0400003F00403002B20D0FB6803F00403002B63
:10B050001BD07B681B686FF004021A617B680222B8
:10B060001A777B681B689B6903F44073002B03D03D
:10B07000786801F07EF905E0786801F071F9786888
:10B0800001F089F97B6800221A77BB6803F0080396
:10B09000002B20D0FB6803F00803002B1BD07B683B
:10B0A0001B686FF008021A617B6804221A777B68BC
:10B0B0001B68DB6903F00303002B03D0786801F001
:10B0C00058F905E0786801F04BF9786801F063F908
:10B0D0007B6800221A77BB6803F01003002B20D096
:10B0E000FB6803F01003002B1BD07B681B686FF01C
:10B0F00010021A617B6808221A777B681B68DB697B
:10B1000003F44073002B03D0786801F032F905E0B6
:10B11000786801F025F9786801F03DF97B68002234
:10B120001A77BB6803F00103002B0CD0FB6803F017
:10B130000103002B07D07B681B686FF001021A61C6
:10B14000786805F06BFABB6803F08003002B0CD025
:10B15000FB6803F08003002B07D07B681B686FF04F
:10B1600080021A61786804F014F9BB6803F04003A8
:10B17000002B0CD0FB6803F04003002B07D07B684A
:10B180001B686FF040021A61786801F016F9BB681D
:10B1900003F02003002B0CD0FB6803F02003002BEE
:10B1A00007D07B681B686FF020021A61786804F092
:10B1B000DEF800BF1037BD4680BD80B586B000AF59
:10B1C000F860B9607A600023FB75FB6893F83C3047
:10B1D000012B01D102233AE0FB68012283F83C20D5
:10B1E0007B680C2B24D07B680C2B28D87B68082B21
:10B1F00017D07B68082B22D87B68002B03D07B6894
:10B20000042B07D01BE0FB681B68B968184601F0E7
:10B21000D9FB17E0FB681B68B968184601F042FCCF
:10B2200010E0FB681B68B968184601F0AFFC09E044
:10B23000FB681B68B968184601F01CFD02E0012399
:10B24000FB7500BFFB68002283F83C20FB7D18469D
:10B250001837BD4680BD80B586B000AFF860B960D4
:10B260007A600023FB75FB6893F83C30012B01D119
:10B27000022388E0FB68012283F83C207B68002BD6
:10B280001BD1FB681868BB681968BB685A68BB6843
:10B29000DB6801F0D4FDFB681B689A69FB681B68DA
:10B2A00022F00C029A61FB681B689969BB689A6876
:10B2B000FB681B680A439A6160E07B68042B1CD121
:10B2C000FB681868BB681968BB685A68BB68DB68AC
:10B2D00001F056FEFB681B689A69FB681B6822F444
:10B2E00040629A61FB681B689969BB689B681A0297
:10B2F000FB681B680A439A6140E07B68082B1BD1FE
:10B30000FB681868BB681968BB685A68BB68DB686B
:10B3100001F0A1FEFB681B68DA69FB681B6822F07C
:10B320000C02DA61FB681B68D969BB689A68FB6824
:10B330001B680A43DA6121E07B680C2B1CD1FB6897
:10B340001868BB681968BB685A68BB68DB6801F09D
:10B35000BDFEFB681B68DA69FB681B6822F440626B
:10B36000DA61FB681B68D969BB689B681A02FB68D5
:10B370001B680A43DA6101E00123FB75FB680022C8
:10B3800083F83C20FB7D18461837BD4680BD80B54C
:10B3900086B000AFF860B9607A600023FB75FB6887
:10B3A00093F83C30012B01D10223A2E0FB6801227B
:10B3B00083F83C207B680C2B72D07B680C2B00F24E
:10B3C00090807B68082B4BD07B68082B00F289802B
:10B3D0007B68002B03D07B68042B20D081E0FB68C6
:10B3E0001B68B968184601F0EDFAFB681B689A699A
:10B3F000FB681B6842F008029A61FB681B689A6947
:10B40000FB681B6822F004029A61FB681B6899695B
:10B41000BB681A69FB681B680A439A6164E0FB68B1
:10B420001B68B968184601F03DFBFB681B689A6908
:10B43000FB681B6842F400629A61FB681B689A69AA
:10B44000FB681B6822F480629A61FB681B6899693B
:10B45000BB681B691A02FB681B680A439A6143E0D8
:10B46000FB681B68B968184601F090FBFB681B6815
:10B47000DA69FB681B6842F00802DA61FB681B6846
:10B48000DA69FB681B6822F00402DA61FB681B685A
:10B49000D969BB681A69FB681B680A43DA6123E053
:10B4A000FB681B68B968184601F0E4FBFB681B6881
:10B4B000DA69FB681B6842F40062DA61FB681B68AA
:10B4C000DA69FB681B6822F48062DA61FB681B683A
:10B4D000D969BB681B691A02FB681B680A43DA61F9
:10B4E00002E00123FB7500BFFB68002283F83C20CB
:10B4F000FB7D18461837BD4680BD80B58CB000AFC7
:10B50000F860B9607A603B60002387F82F307A6872
:10B510003B689A4200F0BE80FB6893F83C30012BF8
:10B5200001D10223B7E0FB68012283F83C20FB68CD
:10B53000022283F83D20BB681B683B61BB685B68E7
:10B540007B61BB689B68BB61BB68DB68FB61BB68F8
:10B550001B697B62BB685B69BB627B68002B03D0A5
:10B560007B68042B09D011E0FB681B6807F110020F
:10B570001146184601F026FA0CE0FB681B6807F13B
:10B5800010021146184601F08DFA03E0012387F8F6
:10B590002F3000BF97F82F30002B70D13B68002B65
:10B5A00003D03B68042B33D065E0FB681868BB68A8
:10B5B0009969BB68DA69BB681B6A01F040FCFB68EB
:10B5C0001B689A69FB681B6822F00C029A61FB6891
:10B5D0001B689A68FB681B6822F070029A60FB681F
:10B5E0001B689A68FB681B6842F050029A60FB680F
:10B5F0001B689A68FB681B6822F007029A60FB6868
:10B600001B689A68FB681B6842F006029A6036E085
:10B61000FB681868BB689969BB68DA69BB681B6A14
:10B6200001F0AEFCFB681B689A69FB681B6822F49A
:10B6300040629A61FB681B689A68FB681B6822F08D
:10B6400070029A60FB681B689A68FB681B6842F08E
:10B6500060029A60FB681B689A68FB681B6822F0AE
:10B6600007029A60FB681B689A68FB681B6842F0D7
:10B6700006029A6003E0012387F82F3000BFFB68C1
:10B68000012283F83D20FB68002283F83C2097F8D4
:10B690002F3000E0012318463037BD4680BD80B50D
:10B6A00088B002AFF860B9607A603B603B6A1B0A01
:10B6B000013301933B6A00933B687A68B968F86884
:10B6C00000F007F80346FB75FB7D18461837BD46AA
:10B6D00080BD80B586B000AFF860B9607A603B602D
:10B6E0000023FB75FB6893F84630DBB2022B01D1D7
:10B6F00002232BE1FB6893F84630DBB2012B0BD120
:10B700003B68002B04D13B6A002B01D001231DE1D3
:10B71000FB68022283F846207B68B3F5804F00F077
:10B72000D8807B68B3F5804F00F2EE807B68B3F57C
:10B73000005F00F0B3807B68B3F5005F00F2E48047
:10B740007B68B3F5805F00F08E807B68B3F5805F27
:10B7500000F2DA807B68B3F5006F69D07B68B3F5DF
:10B76000006F00F2D1807B68B3F5806F45D07B68B5
:10B77000B3F5806F00F2C8807B68B3F5807F04D09A
:10B780007B68B3F5007F1CD0BEE0FB681B6A714A82
:10B79000DA63FB681B6A704A1A64FB681B6A6F4AAB
:10B7A000DA64FB68186A3968FB681B684C331A4610
:10B7B0007B6A04F034F80346002B00F0A8800123D4
:10B7C000C4E0FB685B6A664ADA63FB685B6A654AE9
:10B7D0001A64FB685B6A614ADA64FB68586A396814
:10B7E000FB681B684C331A467B6A04F018F8034662
:10B7F000002B00F08E800123A8E0FB689B6A584A6A
:10B80000DA63FB689B6A574A1A64FB689B6A534A6F
:10B81000DA64FB68986A3968FB681B684C331A461F
:10B820007B6A03F0FCFF0346002B74D001238DE0FC
:10B83000FB68DB6A4A4ADA63FB68DB6A494A1A64D6
:10B84000FB68DB6A454ADA64FB68D86A3968FB68DA
:10B850001B684C331A467B6A03F0E1FF0346002B5A
:10B860005BD0012372E0FB681B6B3D4ADA63FB6827
:10B870001B6B3C4A1A64FB681B6B384ADA64FB6832
:10B88000186B3968FB681B684C331A467B6A03F0F7
:10B89000C6FF0346002B42D0012357E0FB685B6BD9
:10B8A000314ADA63FB685B6B304A1A64FB685B6B96
:10B8B0002A4ADA64FB68586B3968FB681B684C33AA
:10B8C0001A467B6A03F0ABFF0346002B29D0012305
:10B8D0003CE0FB689B6B264ADA63FB689B6B254A5E
:10B8E0001A64FB689B6B1D4ADA64FB68986B3968C5
:10B8F000FB681B684C331A467B6A03F090FF0346D3
:10B90000002B10D0012321E00123FB750CE000BFC8
:10B910000AE000BF08E000BF06E000BF04E000BF8F
:10B9200002E000BF00E000BFFB7D002B0DD1FB68F3
:10B930001B68B9683A6A0A439A64FB681B68D9684D
:10B94000FB681B687A680A43DA60FB7D1846183783
:10B95000BD4680BDDDC700080BC800080BC5000848
:10B960009DC5000845C600080DF4000831F4000824
:10B9700027C8000855C8000880B584B000AF7860BB
:10B9800039600023FB733B68B3F5804F50D03B68B0
:10B99000B3F5804F52D83B68B3F5005F42D03B68A7
:10B9A000B3F5005F4AD83B68B3F5805F34D03B689D
:10B9B000B3F5805F42D83B68B3F5006F26D03B6893
:10B9C000B3F5006F3AD83B68B3F5806F18D03B6889
:10B9D000B3F5806F32D83B68B3F5807F04D03B6805
:10B9E000B3F5007F06D029E07B681B6A184603F098
:10B9F000DEFF26E07B685B6A184603F0D8FF20E094
:10BA00007B689B6A184603F0D2FF1AE07B68DB6A0A
:10BA1000184603F0CCFF14E07B681B6B184603F05C
:10BA2000C6FF0EE07B685B6B184603F0C0FF08E0C2
:10BA30007B689B6B184603F0BAFF02E00123FB739F
:10BA400000BFFB7B002B0CD17B681B68D9683B686F
:10BA5000DA437B681B680A40DA607B68012283F85E
:10BA60004620FB7B18461037BD4680BD80B588B0A8
:10BA700002AFF860B9607A603B603B6A1B0A013331
:10BA800001933B6A00933B687A68B968F86800F0F4
:10BA900007F80346FB75FB7D18461837BD4680BD89
:10BAA00080B586B000AFF860B9607A603B60002373
:10BAB000FB75FB6893F84630DBB2022B01D1022301
:10BAC0002BE1FB6893F84630DBB2012B0BD13B68CE
:10BAD000002B04D13B6A002B01D001231DE1FB6840
:10BAE000022283F846207B68B3F5804F00F0D880AF
:10BAF0007B68B3F5804F00F2EE807B68B3F5005FA2
:10BB000000F0B3807B68B3F5005F00F2E4807B68EF
:10BB1000B3F5805F00F08E807B68B3F5805F00F244
:10BB2000DA807B68B3F5006F69D07B68B3F5006F8E
:10BB300000F2D1807B68B3F5806F45D07B68B3F5A8
:10BB4000806F00F2C8807B68B3F5807F04D07B688B
:10BB5000B3F5007F1CD0BEE0FB681B6A714ADA6354
:10BB6000FB681B6A704A1A64FB681B6A6F4ADA64D6
:10BB7000FB68186AFB681B684C3319463A687B6A95
:10BB800003F04DFE0346002B00F0A8800123C4E023
:10BB9000FB685B6A664ADA63FB685B6A654A1A643B
:10BBA000FB685B6A614ADA64FB68586AFB681B6879
:10BBB0004C3319463A687B6A03F031FE0346002B8A
:10BBC00000F08E800123A8E0FB689B6A584ADA6384
:10BBD000FB689B6A574A1A64FB689B6A534ADA649B
:10BBE000FB68986AFB681B684C3319463A687B6AA5
:10BBF00003F015FE0346002B74D001238DE0FB6893
:10BC0000DB6A4B4ADA63FB68DB6A4A4A1A64FB6800
:10BC1000DB6A464ADA64FB68D86AFB681B684C3307
:10BC200019463A687B6A03F0FAFD0346002B5BD0A5
:10BC3000012372E0FB681B6B3D4ADA63FB681B6BF8
:10BC40003C4A1A64FB681B6B384ADA64FB68186B61
:10BC5000FB681B684C3319463A687B6A03F0DFFDCA
:10BC60000346002B42D0012357E0FB685B6B324A4E
:10BC7000DA63FB685B6B314A1A64FB685B6B2B4AC7
:10BC8000DA64FB68586BFB681B684C3319463A68EA
:10BC90007B6A03F0C4FD0346002B29D001233CE05E
:10BCA000FB689B6B264ADA63FB689B6B254A1A6428
:10BCB000FB689B6B1D4ADA64FB68986BFB681B682A
:10BCC0004C3319463A687B6A03F0A9FD0346002B02
:10BCD00010D0012321E00123FB750CE000BF0AE036
:10BCE00000BF08E000BF06E000BF04E000BF02E0C4
:10BCF00000BF00E000BFFB7D002B0DD1FB681B687F
:10BD0000B9683A6A0A439A64FB681B68D968FB6899
:10BD10001B687A680A43DA60FB7D18461837BD460F
:10BD200080BD00BFDDC700080BC800080BC50008B8
:10BD3000ADC6000875C700080DF4000831F400080E
:10BD400027C8000855C8000880B584B000AF7860E7
:10BD500039600023FB733B68B3F5804F50D03B68DC
:10BD6000B3F5804F52D83B68B3F5005F42D03B68D3
:10BD7000B3F5005F4AD83B68B3F5805F34D03B68C9
:10BD8000B3F5805F42D83B68B3F5006F26D03B68BF
:10BD9000B3F5006F3AD83B68B3F5806F18D03B68B5
:10BDA000B3F5806F32D83B68B3F5807F04D03B6831
:10BDB000B3F5007F06D029E07B681B6A184603F0C4
:10BDC000F6FD26E07B685B6A184603F0F0FD20E094
:10BDD0007B689B6A184603F0EAFD1AE07B68DB6A21
:10BDE000184603F0E4FD14E07B681B6B184603F073
:10BDF000DEFD0EE07B685B6B184603F0D8FD08E0C3
:10BE00007B689B6B184603F0D2FD02E00123FB73B5
:10BE100000BFFB7B002B0CD17B681B68D9683B689B
:10BE2000DA437B681B680A40DA607B68012283F88A
:10BE30004620FB7B18461037BD4680BD80B483B0DA
:10BE400000AF786039607B6893F83C30012B01D1FA
:10BE5000022314E07B68012283F83C207B680222E5
:10BE600083F83D207B681B683A685A617B68012231
:10BE700083F83D207B68002283F83C20002318468D
:10BE80000C37BD4680BC704780B586B000AFF86007
:10BE9000B9607A600023FB75FB6893F83C30012B96
:10BEA00001D10223ABE0FB68012283F83C20FB6850
:10BEB000022283F83D20BB685B68002B02D0012B77
:10BEC00009D021E0FB681B689A68FB681B6822F4B4
:10BED0007F429A601BE0BB68DB68002B09D0FB68DF
:10BEE000012283F83D20FB68002283F83C200123D7
:10BEF00085E0FB681868BB68D968BB689A68BB684E
:10BF00001B6901F039F902E00123FB7500BFFB7DDD
:10BF1000002B6BD17B680C2B51D07B680C2B64D829
:10BF20007B68082B35D07B68082B5ED87B68002B9C
:10BF300003D07B68042B16D057E0BB681B68002B2E
:10BF400008D0FB681B689A69FB681B6842F0800296
:10BF50009A614BE0FB681B689A69FB681B6822F0DA
:10BF600080029A6142E0BB681B68002B08D0FB6826
:10BF70001B689A69FB681B6842F400429A6135E0CD
:10BF8000FB681B689A69FB681B6822F400429A618F
:10BF90002CE0BB681B68002B08D0FB681B68DA69C3
:10BFA000FB681B6842F08002DA611FE0FB681B68D7
:10BFB000DA69FB681B6822F08002DA6116E0BB6870
:10BFC0001B68002B08D0FB681B68DA69FB681B68DC
:10BFD00042F40042DA6109E0FB681B68DA69FB6839
:10BFE0001B6822F40042DA6100E000BFFB68012216
:10BFF00083F83D20FB68002283F83C20FB7D184637
:10C000001837BD4680BD80B584B000AF7860396018
:10C010000023FB737B6893F83C30012B01D1022392
:10C02000B4E07B68012283F83C207B68022283F81D
:10C030003D207B681B689B68BB60BB6823F077036F
:10C04000BB60BB6823F47F43BB607B681B68BA6836
:10C050009A603B681B68B3F5005F3ED0B3F5005FA4
:10C0600000F28780B3F5805F00F08680B3F5805FD3
:10C070007FD8702B1AD0702B7BD8602B50D0602BC0
:10C0800077D8502B3CD0502B73D8402B58D0402B16
:10C090006FD8302B64D0302B6BD8202B60D0202B66
:10C0A00067D8002B5CD0102B5AD062E07B681868F0
:10C0B0003B6899683B685A683B68DB6801F05CF84C
:10C0C0007B681B689B68BB60BB6843F07703BB6001
:10C0D0007B681B68BA689A604FE07B6818683B68A9
:10C0E00099683B685A683B68DB6801F045F87B68F3
:10C0F0001B689A687B681B6842F480429A603CE047
:10C100007B6818683B6859683B68DB681A4600F032
:10C1100009FF7B681B685021184601F013F82CE0DA
:10C120007B6818683B6859683B68DB681A4600F012
:10C1300063FF7B681B686021184601F003F81CE070
:10C140007B6818683B6859683B68DB681A4600F0F2
:10C15000E9FE7B681B684021184600F0F3FF0CE005
:10C160007B681A683B681B681946104600F0EAFFB6
:10C1700003E00123FB7300E000BF7B68012283F82A
:10C180003D207B68002283F83C20FB7B184610375B
:10C19000BD4680BD80B485B000AF786039607B68F3
:10C1A0001B685B68FB60FB6823F08003FB60FA6838
:10C1B0003B681343FB607B681B68FA685A60002386
:10C1C00018461437BD4680BC704780B582B000AFBA
:10C1D000786039607B6893F83C30012B01D10223F1
:10C1E00031E07B68012283F83C207B68022283F8DF
:10C1F0003D203968786800F091FD0346002B09D096
:10C200007B68012283F83D207B68002283F83C2074
:10C21000012318E07B681B68DA687B681B6822F0E2
:10C220004002DA607B681B68DA687B681B6822F46E
:10C230008042DA607B68012283F83D207B6800221F
:10C2400083F83C20002318460837BD4680BD80B5E2
:10C2500082B000AF786039607B6893F83C30012B86
:10C2600001D1022331E07B68012283F83C207B6806
:10C27000022283F83D203968786800F04FFD0346BC
:10C28000002B09D07B68012283F83D207B680022C7
:10C2900083F83C20012318E07B681B68DA687B6820
:10C2A0001B6842F04002DA607B681B68DA687B68D2
:10C2B0001B6822F48042DA607B68012283F83D200B
:10C2C0007B68002283F83C20002318460837BD46CF
:10C2D00080BD80B485B000AF786039600023FB601A
:10C2E0003B680C2B1ED03B680C2B20D83B68082BDE
:10C2F00013D03B68082B1AD83B68002B03D03B684F
:10C30000042B05D013E07B681B685B6BFB600FE0C0
:10C310007B681B689B6BFB600AE07B681B68DB6BC0
:10C32000FB6005E07B681B681B6CFB6000E000BFE6
:10C33000FB6818461437BD4680BC704780B483B094
:10C3400000AF786000BF0C37BD4680BC704780B43A
:10C3500083B000AF786000BF0C37BD4680BC70472B
:10C3600080B483B000AF786000BF0C37BD4680BC9E
:10C37000704780B483B000AF786000BF0C37BD4613
:10C3800080BC704780B483B000AF786000BF0C37CA
:10C39000BD4680BC704780B483B000AF786000BFFA
:10C3A0000C37BD4680BC704780B483B000AF786066
:10C3B00000BF0C37BD4680BC704780B483B000AF6F
:10C3C000786000BF0C37BD4680BC704780B483B036
:10C3D00000AF786000BF0C37BD4680BC704780B4AA
:10C3E00083B000AF786000BF0C37BD4680BC70479B
:10C3F00080B483B000AF78607B6893F83D30DBB2E7
:10C4000018460C37BD4680BC704780B483B000AF7F
:10C4100078607B6893F83D30DBB218460C37BD4638
:10C4200080BC704780B483B000AF78607B6893F8BD
:10C430003D30DBB218460C37BD4680BC704780B437
:10C4400083B000AF78607B6893F83D30DBB218466C
:10C450000C37BD4680BC704780B483B000AF7860B5
:10C460007B6893F83D30DBB218460C37BD4680BC84
:10C47000704780B483B000AF78607B6893F83D303C
:10C48000DBB218460C37BD4680BC704780B483B021
:10C4900000AF78607B681B7F18460C37BD4680BCB8
:10C4A000704780B485B000AF786039603B68002B7E
:10C4B00004D17B6893F83E30FB7313E03B68042B98
:10C4C00004D17B6893F83F30FB730BE03B68082B8B
:10C4D00004D17B6893F84030FB7303E07B6893F8EA
:10C4E0004130FB73FB7B18461437BD4680BC704758
:10C4F00080B483B000AF78607B6893F84630DBB2DD
:10C5000018460C37BD4680BC704780B584B000AF7C
:10C5100078607B689B6BFB60FB685B6A7A689A4219
:10C5200007D1FB6801221A77FB68012283F83E20BD
:10C530002AE0FB689B6A7A689A4207D1FB6802226C
:10C540001A77FB68012283F83F201DE0FB68DB6A55
:10C550007A689A4207D1FB6804221A77FB680122A5
:10C5600083F8402010E0FB681B6B7A689A4207D181
:10C57000FB6808221A77FB68012283F8412003E058
:10C58000FB68012283F83D20F868FFF728FFFB686D
:10C5900000221A7700BF1037BD4680BD80B584B039
:10C5A00000AF78607B689B6BFB60FB685B6A7A68B6
:10C5B0009A420BD1FB6801221A777B68DB69002B5A
:10C5C00036D1FB68012283F83E2031E0FB689B6A8C
:10C5D0007A689A420BD1FB6802221A777B68DB6982
:10C5E000002B25D1FB68012283F83F2020E0FB6867
:10C5F000DB6A7A689A420BD1FB6804221A777B685F
:10C60000DB69002B14D1FB68012283F840200FE086
:10C61000FB681B6B7A689A420AD1FB6808221A777A
:10C620007B68DB69002B03D1FB68012283F8412082
:10C63000F868FFF7B0FEFB6800221A7700BF1037DA
:10C64000BD4680BD80B584B000AF78607B689B6BD1
:10C65000FB60FB685B6A7A689A4203D1FB6801223F
:10C660001A7719E0FB689B6A7A689A4203D1FB68E3
:10C6700002221A7710E0FB68DB6A7A689A4203D1DB
:10C68000FB6804221A7707E0FB681B6B7A689A4202
:10C6900002D1FB6808221A77F868FFF785FEFB686D
:10C6A00000221A7700BF1037BD4680BD80B584B028
:10C6B00000AF78607B689B6BFB60FB685B6A7A68A5
:10C6C0009A420FD1FB6801221A777B68DB69002B45
:10C6D00046D1FB68012283F83E20FB68012283F8E3
:10C6E00042203DE0FB689B6A7A689A420FD1FB6862
:10C6F00002221A777B68DB69002B31D1FB680122AB
:10C7000083F83F20FB68012283F8432028E0FB6880
:10C71000DB6A7A689A420FD1FB6804221A777B6839
:10C72000DB69002B1CD1FB68012283F84020FB68E9
:10C73000012283F8442013E0FB681B6B7A689A425D
:10C740000ED1FB6808221A777B68DB69002B07D1C2
:10C75000FB68012283F84120FB68012283F8452011
:10C76000F868FFF706FEFB6800221A7700BF103753
:10C77000BD4680BD80B584B000AF78607B689B6BA0
:10C78000FB60FB685B6A7A689A4203D1FB6801220E
:10C790001A7719E0FB689B6A7A689A4203D1FB68B2
:10C7A00002221A7710E0FB68DB6A7A689A4203D1AA
:10C7B000FB6804221A7707E0FB681B6B7A689A42D1
:10C7C00002D1FB6808221A77F868FFF7DBFDFB68E7
:10C7D00000221A7700BF1037BD4680BD80B584B0F7
:10C7E00000AF78607B689B6BFB60FB681B6ADB6952
:10C7F000002B03D1FB68012283F83D20F86803F089
:10C800000DFF00BF1037BD4680BD80B584B000AFBE
:10C8100078607B689B6BFB60F868FFF798FD00BF52
:10C820001037BD4680BD80B584B000AF78607B68AE
:10C830009B6BFB60FB689B6BDB69002B03D1FB6888
:10C84000012283F83D20F868FFF7B7FD00BF1037DD
:10C85000BD4680BD80B584B000AF78607B689B6BBF
:10C86000FB60F868FFF7B2FD00BF1037BD4680BD22
:10C8700080B485B000AF786039607B681B68FB606E
:10C880007B68454A934213D07B68B3F1804F0FD049
:10C890007B68424A93420BD07B68414A934207D05F
:10C8A0007B68404A934203D07B683F4A934208D159
:10C8B000FB6823F07003FB603B685B68FA68134316
:10C8C000FB607B68344A93422BD07B68B3F1804F86
:10C8D00027D07B68314A934223D07B68304A934209
:10C8E0001FD07B682F4A93421BD07B682E4A93420D
:10C8F00017D07B682D4A934213D07B682C4A934211
:10C900000FD07B682B4A93420BD07B682A4A934214
:10C9100007D07B68294A934203D07B68284A934218
:10C9200008D1FB6823F44073FB603B68DB68FA685E
:10C930001343FB60FB6823F080023B685B69134391
:10C94000FB607B68FA681A603B689A687B68DA6209
:10C950003B681A687B689A627B680F4A934203D0EF
:10C960007B68114A934203D13B681A697B681A635A
:10C970007B6801225A617B681B6903F00103012B6C
:10C9800005D17B681B6923F001027B681A6100BF37
:10C990001437BD4680BC70470000014000040040D1
:10C9A00000080040000C004000040140004001402D
:10C9B000004401400048014000180040001C0040B5
:10C9C0000020004080B487B000AF786039607B6899
:10C9D0001B6A7B617B681B6A23F001027B681A6219
:10C9E0007B685B683B617B689B69FB60FB6823F04D
:10C9F0007003FB60FB6823F00303FB603B681B686C
:10CA0000FA681343FB607B6923F002037B613B6898
:10CA10009B687A6913437B617B68204A934203D009
:10CA20007B681F4A93420CD17B6923F008037B612A
:10CA30003B68DB687A6913437B617B6923F00403FD
:10CA40007B617B68154A934203D07B68144A93420A
:10CA500011D13B6923F480733B613B6923F400737C
:10CA60003B613B685B693A6913433B613B689B6987
:10CA70003A6913433B617B683A695A607B68FA689C
:10CA80009A613B685A687B685A637B687A691A6264
:10CA900000BF1C37BD4680BC704700BF000001408E
:10CAA0000004014080B487B000AF786039607B68D3
:10CAB0001B6A7B617B681B6A23F010027B681A6229
:10CAC0007B685B683B617B689B69FB60FB6823F468
:10CAD000E043FB60FB6823F44073FB603B681B682A
:10CAE0001B02FA681343FB607B6923F020037B6120
:10CAF0003B689B681B017A6913437B617B68214A11
:10CB0000934203D07B68204A93420DD17B6923F086
:10CB100080037B613B68DB681B017A6913437B619F
:10CB20007B6923F040037B617B68164A934203D004
:10CB30007B68154A934213D13B6923F480633B61C0
:10CB40003B6923F400633B613B685B699B003A6986
:10CB500013433B613B689B699B003A6913433B610C
:10CB60007B683A695A607B68FA689A613B685A68E0
:10CB70007B689A637B687A691A6200BF1C37BD467E
:10CB800080BC7047000001400004014080B487B0C1
:10CB900000AF786039607B681B6A7B617B681B6AC9
:10CBA00023F480727B681A627B685B683B617B68F8
:10CBB000DB69FB60FB6823F07003FB60FB6823F01C
:10CBC0000303FB603B681B68FA681343FB607B69E7
:10CBD00023F400737B613B689B681B027A691343F3
:10CBE0007B617B68214A934203D07B68204A934251
:10CBF0000DD17B6923F400637B613B68DB681B021A
:10CC00007A6913437B617B6923F480637B617B6872
:10CC1000164A934203D07B68154A934213D13B696D
:10CC200023F480533B613B6923F400533B613B6831
:10CC30005B691B013A6913433B613B689B691B01BC
:10CC40003A6913433B617B683A695A607B68FA68CA
:10CC5000DA613B685A687B68DA637B687A691A62D2
:10CC600000BF1C37BD4680BC704700BF00000140BC
:10CC70000004014080B487B000AF786039607B6801
:10CC80001B6A3B617B681B6A23F480527B681A62D3
:10CC90007B685B687B617B68DB69FB60FB6823F416
:10CCA000E043FB60FB6823F44073FB603B681B6858
:10CCB0001B02FA681343FB603B6923F400533B619A
:10CCC0003B689B681B033A6913433B617B68114ACD
:10CCD000934203D07B68104A934209D17B6923F4C5
:10CCE00080437B613B685B699B017A6913437B618D
:10CCF0007B687A695A607B68FA68DA613B685A68CF
:10CD00007B681A647B683A691A6200BF1C37BD46AB
:10CD100080BC7047000001400004014080B586B02F
:10CD200000AF786039600023FB757B681B689B68E7
:10CD30003B613B6923F070033B613B685B683A6988
:10CD400013433B613B6923F007033B613B681B686E
:10CD50003A6913433B617B681B683A699A603B6898
:10CD60005B68702B1AD0702B60D8602B54D0602B6E
:10CD70005CD8502B46D0502B58D8402B19D0402B84
:10CD800054D8302B55D0302B50D8202B51D0202BBD
:10CD90004CD8002B4DD0102B4BD047E07B68186847
:10CDA0003B68D9683B689A683B681B6900F0E4F906
:10CDB00040E03B681B68052B01D101233BE07B6809
:10CDC0001B681B6AFB607B681B681A6A7B681B68B0
:10CDD00022F001021A627B681B689B69BB60BB681A
:10CDE00023F0F003BB603B681B691B01BA68134367
:10CDF000BB607B681B68BA689A617B681B68FA68CD
:10CE00001A6217E07B6818683B6899683B681B6981
:10CE10001A4600F087F80DE07B6818683B6899684F
:10CE20003B681B691A4600F0E7F803E00123FB7535
:10CE300000E000BFFB7D18461837BD4680BD80B4BA
:10CE400087B000AFF860B9607A603B60FB681B6A2E
:10CE50003B61FB681B6A23F00102FB681A62FB68F6
:10CE60009B697B61FB68284A93421BD0FB68B3F146
:10CE7000804F17D0FB68254A934213D0FB68244AA1
:10CE800093420FD0FB68234A93420BD0FB68224A9F
:10CE9000934207D0FB68214A934203D0FB68204AA3
:10CEA000934201D1012300E00023002B08D07B69CD
:10CEB00023F003037B617A697B6813437B6103E0A2
:10CEC0007B6943F001037B617B6923F0F0037B61A5
:10CED0003B681B01DBB27A6913437B613B6923F03A
:10CEE0000A033B61BB6803F00A033A6913433B61E1
:10CEF000FB687A699A61FB683A691A6200BF1C375D
:10CF0000BD4680BC704700BF0000014000040040E7
:10CF100000080040000C00400004014000400140B7
:10CF20000018004080B487B000AFF860B9607A6044
:10CF3000FB681B6A7B61FB681B6A23F00102FB68CC
:10CF40001A62FB689B693B613B6923F0F0033B611C
:10CF50007B681B013A6913433B617B6923F00A0339
:10CF60007B617A69BB6813437B61FB683A699A61AC
:10CF7000FB687A691A6200BF1C37BD4680BC7047E7
:10CF800080B487B000AFF860B9607A603B60FB683E
:10CF90001B6A7B61FB681B6A23F01002FB681A6244
:10CFA000FB689B693B613B6923F440733B617B6891
:10CFB0001B023A6913433B613B6923F470433B61B5
:10CFC0003B681B039BB23A6913433B617B6923F0C7
:10CFD000A0037B61BB681B0103F0A0037A691343C4
:10CFE0007B61FB683A699A61FB687A691A6200BFE3
:10CFF0001C37BD4680BC704780B487B000AFF86076
:10D00000B9607A60FB681B6A7B61FB681B6A23F06E
:10D010001002FB681A62FB689B693B613B6923F461
:10D0200070433B617B681B033A6913433B617B6937
:10D0300023F0A0037B61BB681B017A6913437B610A
:10D04000FB683A699A61FB687A691A6200BF1C370B
:10D05000BD4680BC704780B487B000AFF860B9604F
:10D060007A603B60FB681B6A7B61FB681B6A23F488
:10D070008072FB681A62FB68DB693B613B6923F0E5
:10D0800003033B613A697B6813433B613B6923F0CF
:10D09000F0033B613B681B01DBB23A6913433B6120
:10D0A0007B6923F420637B61BB681B0203F420636C
:10D0B0007A6913437B61FB683A69DA61FB687A69D4
:10D0C0001A6200BF1C37BD4680BC704780B487B071
:10D0D00000AFF860B9607A603B60FB681B6A7B61F7
:10D0E000FB681B6A23F48052FB681A62FB68DB69E9
:10D0F0003B613B6923F440733B617B681B023A69E7
:10D1000013433B613B6923F470433B613B681B0362
:10D110009BB23A6913433B617B6923F420437B61F3
:10D12000BB681B0303F420437A6913437B61FB68EC
:10D130003A69DA61FB687A691A6200BF1C37BD463A
:10D1400080BC704780B485B000AF786039607B6880
:10D150009B68FB60FB6823F07003FB603A68FB6828
:10D16000134343F00703FB607B68FA689A6000BFD3
:10D170001437BD4680BC704780B487B000AFF860FC
:10D18000B9607A603B60FB689B687B617B6923F4D4
:10D190007F437B613B681A027B681A43BB68134379
:10D1A0007A6913437B61FB687A699A6000BF1C3718
:10D1B000BD4680BC704780B487B000AFF860B960EE
:10D1C0007A60BB6803F01F03012202FA03F37B615C
:10D1D000FB681A6A7B69DB431A40FB681A62FB68CA
:10D1E0001A6ABB6803F01F03796801FA03F31A4354
:10D1F000FB681A6200BF1C37BD4680BC704700BF89
:10D2000080B58AB000AF786039607B68002B01D1AF
:10D2100001239AE07B6893F83D30DBB2002B06D106
:10D220007B68002283F83C20786800F0D6F87B68A1
:10D23000022283F83D207B681A687B680433194614
:10D240001046FFF715FB7B6818683B6819683B6858
:10D250009B680322FFF7F3FD7B681B689A697B6874
:10D260001B6822F00C029A617B681B6899693B6815
:10D270005A687B681B680A439A617B681B685A6816
:10D280007B681B6842F080025A607B681B689A6862
:10D290007B681B6822F070029A607B681B689A6842
:10D2A0007B681B6842F040029A607B681B689A6842
:10D2B0007B681B6822F007029A607B681B689A688B
:10D2C0007B681B6842F004029A600023FB61002324
:10D2D0003B627023FB6000237B620023BB61002361
:10D2E0007B613B68DB683B617B681B6807F10C0274
:10D2F00011461846FFF7D6FB7B681B685A687B68A7
:10D300001B6822F070025A607B681B685A687B6851
:10D310001B6842F050025A607B68012283F8462065
:10D320007B68012283F83E207B68012283F83F203E
:10D330007B68012283F842207B68012283F8432026
:10D340007B68012283F83D20002318462837BD461C
:10D3500080BD80B582B000AF78607B68022283F820
:10D360003D207B681B681A6A41F211131340002BA1
:10D370000FD17B681B681A6A40F244431340002BAC
:10D3800007D17B681B681A687B681B6822F0010262
:10D390001A60786800F02AF87B68002283F846203B
:10D3A0007B68002283F83E207B68002283F83F20C0
:10D3B0007B68002283F842207B68002283F84320A8
:10D3C0007B68002283F83D207B68002283F83C20A4
:10D3D000002318460837BD4680BD80B483B000AF37
:10D3E000786000BF0C37BD4680BC704780B483B006
:10D3F00000AF786000BF0C37BD4680BC704780B579
:10D4000084B000AF78607B6893F83E30FB737B6834
:10D4100093F83F30BB737B6893F842307B737B6833
:10D4200093F843303B73FB7B012B08D1BB7B012B73
:10D4300005D17B7B012B02D13B7B012B01D001234A
:10D4400059E07B68022283F83E207B68022283F841
:10D450003F207B68022283F842207B68022283F807
:10D4600043207B681B68012200211846FFF7A3FEBA
:10D470007B681B68224A934222D07B681B68B3F109
:10D48000804F1DD07B681B681E4A934218D07B6872
:10D490001B681D4A934213D07B681B681B4A93424A
:10D4A0000ED07B681B681A4A934209D07B681B68C0
:10D4B000184A934204D07B681B68174A934211D1E3
:10D4C0007B681B689B6803F00703BB60BB68062B87
:10D4D00010D07B681B681A687B681B6842F00102E9
:10D4E0001A6007E07B681B681A687B681B6842F05B
:10D4F00001021A60002318461037BD4680BD00BFE8
:10D50000000001400004004000080040000C004002
:10D5100000040140004001400018004080B582B086
:10D5200000AF78607B681B68002200211846FFF777
:10D5300042FE7B681B681A6A41F211131340002BEC
:10D540000FD17B681B681A6A40F244431340002BDA
:10D5500007D17B681B681A687B681B6822F0010290
:10D560001A607B68012283F83E207B68012283F8E1
:10D570003F207B68012283F842207B68012283F8E8
:10D580004320002318460837BD4680BD80B584B0CF
:10D5900000AF78607B6893F83E30FB737B6893F84C
:10D5A0003F30BB737B6893F842307B737B6893F8A2
:10D5B00043303B73FB7B012B08D1BB7B012B05D197
:10D5C0007B7B012B02D13B7B012B01D0012361E04E
:10D5D0007B68022283F83E207B68022283F83F208A
:10D5E0007B68022283F842207B68022283F8432072
:10D5F0007B681B68DA687B681B6842F00202DA60AD
:10D600007B681B68012200211846FFF7D4FD7B6868
:10D610001B68224A934222D07B681B68B3F1804F7B
:10D620001DD07B681B681E4A934218D07B681B681C
:10D630001C4A934213D07B681B681B4A93420ED04E
:10D640007B681B68194A934209D07B681B68184A9B
:10D65000934204D07B681B68164A934211D17B68C1
:10D660001B689B6803F00703BB60BB68062B10D0E8
:10D670007B681B681A687B681B6842F001021A60AD
:10D6800007E07B681B681A687B681B6842F0010230
:10D690001A60002318461037BD4680BD00000140C7
:10D6A0000004004000080040000C0040000401405D
:10D6B000004001400018004080B582B000AF7860A3
:10D6C0007B681B68002200211846FFF774FD7B6809
:10D6D0001B68DA687B681B6822F00202DA607B68EC
:10D6E0001B681A6A41F211131340002B0FD17B689B
:10D6F0001B681A6A40F244431340002B07D17B6831
:10D700001B681A687B681B6822F001021A607B683C
:10D71000012283F83E207B68012283F83F207B684A
:10D72000012283F842207B68012283F843200023F2
:10D7300018460837BD4680BD80B586B000AFF8609A
:10D74000B9601346FB80FB6893F83E30FB75FB68BD
:10D7500093F84230BB75FB7D022B02D0BB7D022BC0
:10D7600001D1022386E0FB7D012B34D1BB7D012B4F
:10D7700031D1BB68002B02D0FB88002B01D10123E3
:10D7800078E0FB68022283F83E20FB68022283F8DF
:10D79000422000BFFB681B68012200211846FFF7EA
:10D7A0000AFDFB685B6A354ADA63FB685B6A344AE8
:10D7B0001A64FB685B6A334ADA64FB68586AFB6880
:10D7C0001B6834331946BA68FB8802F028F8034610
:10D7D000002B04D001E001234CE001234AE0FB6868
:10D7E0001B68DA68FB681B6842F40072DA60FB6849
:10D7F0001B68254A934222D0FB681B68B3F1804F17
:10D800001DD0FB681B68214A934218D0FB681B6837
:10D810001F4A934213D0FB681B681E4A93420ED0E6
:10D82000FB681B681C4A934209D0FB681B681B4AB3
:10D83000934204D0FB681B68194A934211D1FB68DC
:10D840001B689B6803F007033B613B69062B10D004
:10D85000FB681B681A68FB681B6842F001021A60CB
:10D8600007E0FB681B681A68FB681B6842F001024E
:10D870001A60002318461837BD4680BDADC60008A3
:10D8800075C700080BC500080000014000040040F7
:10D8900000080040000C004000040140004001402E
:10D8A0000018004080B582B000AF78607B681B68CC
:10D8B000002200211846FFF77EFC7B681B68DA68AF
:10D8C0007B681B6822F40072DA607B685B6A18462A
:10D8D00002F06DF87B681B681A6A41F2111313405D
:10D8E000002B0FD17B681B681A6A40F24443134037
:10D8F000002B07D17B681B681A687B681B6822F0C5
:10D9000001021A607B68012283F83E207B680122B5
:10D9100083F84220002318460837BD4680BD80B5F5
:10D9200084B000AF786039603B68002B09D17B6818
:10D9300093F84230DBB2012B14BF01230023DBB28A
:10D9400022E03B68042B09D17B6893F84330DBB2BB
:10D95000012B14BF01230023DBB215E03B68082B29
:10D9600009D17B6893F84430DBB2012B14BF01234B
:10D970000023DBB208E07B6893F84530DBB2012B73
:10D9800014BF01230023DBB2002B01D001236DE083
:10D990003B68002B04D17B68022283F8422013E00D
:10D9A0003B68042B04D17B68022283F843200BE000
:10D9B0003B68082B04D17B68022283F8442003E0F3
:10D9C0007B68022283F845207B681B680422396843
:10D9D000184601F0B9FD7B681B685A6C7B681B68B0
:10D9E00042F400425A647B681B68224A934222D068
:10D9F0007B681B68B3F1804F1DD07B681B681E4A93
:10DA0000934218D07B681B681C4A934213D07B68F2
:10DA10001B681B4A93420ED07B681B68194A9342CD
:10DA200009D07B681B68184A934204D07B681B6846
:10DA3000164A934211D17B681B689B6803F0070369
:10DA4000FB60FB68062B10D07B681B681A687B683C
:10DA50001B6842F001021A6007E07B681B681A68C5
:10DA60007B681B6842F001021A60002318461037D9
:10DA7000BD4680BD00000140000400400008004099
:10DA8000000C00400004014000400140001800402C
:10DA900080B582B000AF786039607B681B68002277
:10DAA0003968184601F050FD7B681B681A6A41F21C
:10DAB00011131340002B0FD17B681B681A6A40F2C8
:10DAC00044431340002B07D17B681B685A6C7B686A
:10DAD0001B6822F400425A647B681B681A6A41F290
:10DAE00011131340002B0FD17B681B681A6A40F298
:10DAF00044431340002B07D17B681B681A687B687E
:10DB00001B6822F001021A603B68002B04D17B687D
:10DB1000012283F8422013E03B68042B04D17B6888
:10DB2000012283F843200BE03B68082B04D17B687B
:10DB3000012283F8442003E07B68012283F845201A
:10DB4000002318460837BD4680BD80B584B000AFBD
:10DB5000786039600023FB733B68002B09D17B6838
:10DB600093F84230DBB2012B14BF01230023DBB258
:10DB700022E03B68042B09D17B6893F84330DBB289
:10DB8000012B14BF01230023DBB215E03B68082BF7
:10DB900009D17B6893F84430DBB2012B14BF012319
:10DBA0000023DBB208E07B6893F84530DBB2012B41
:10DBB00014BF01230023DBB2002B01D00123A3E01B
:10DBC0003B68002B04D17B68022283F8422013E0DB
:10DBD0003B68042B04D17B68022283F843200BE0CE
:10DBE0003B68082B04D17B68022283F8442003E0C1
:10DBF0007B68022283F845203B68082B1BD03B68DA
:10DC0000082B21D83B68002B03D03B68042B09D09C
:10DC10001AE07B681B68DA687B681B6842F00202C6
:10DC2000DA6014E07B681B68DA687B681B6842F086
:10DC30000402DA600BE07B681B68DA687B681B68AB
:10DC400042F00802DA6002E00123FB7300BFFB7BB5
:10DC5000002B58D17B681B68DA687B681B6842F030
:10DC60008002DA607B681B6804223968184601F07C
:10DC70006BFC7B681B685A6C7B681B6842F4004233
:10DC80005A647B681B68224A934222D07B681B68D7
:10DC9000B3F1804F1DD07B681B681E4A934218D099
:10DCA0007B681B681C4A934213D07B681B681B4A25
:10DCB00093420ED07B681B68194A934209D07B6857
:10DCC0001B68184A934204D07B681B68164A93422B
:10DCD00011D17B681B689B6803F00703BB60BB68BE
:10DCE000062B10D07B681B681A687B681B6842F0A3
:10DCF00001021A6007E07B681B681A687B681B6872
:10DD000042F001021A60FB7B18461037BD4680BD09
:10DD1000000001400004004000080040000C0040EA
:10DD200000040140004001400018004080B584B06C
:10DD300000AF786039600023FB733B68082B1BD071
:10DD40003B68082B21D83B68002B03D03B68042B91
:10DD500009D01AE07B681B68DA687B681B6822F0D0
:10DD60000202DA6014E07B681B68DA687B681B6873
:10DD700022F00402DA600BE07B681B68DA687B68DB
:10DD80001B6822F00802DA6002E00123FB7300BF87
:10DD9000FB7B002B64D17B681B6800223968184626
:10DDA00001F0D2FB7B681B681B6ABB60BA6840F25B
:10DDB00044431340002B07D17B681B68DA687B68FB
:10DDC0001B6822F08002DA607B681B681A6A41F2E5
:10DDD00011131340002B0FD17B681B681A6A40F2A5
:10DDE00044431340002B07D17B681B685A6C7B6847
:10DDF0001B6822F400425A647B681B681A6A41F26D
:10DE000011131340002B0FD17B681B681A6A40F274
:10DE100044431340002B07D17B681B681A687B685A
:10DE20001B6822F001021A603B68002B04D17B685A
:10DE3000012283F8422013E03B68042B04D17B6865
:10DE4000012283F843200BE03B68082B04D17B6858
:10DE5000012283F8442003E07B68012283F84520F7
:10DE6000FB7B18461037BD4680BD80B586B000AF3D
:10DE7000F860B9607A607B800023FB75BB68002B7B
:10DE800009D1FB6893F84230DBB2022B0CBF0123AF
:10DE90000023DBB222E0BB68042B09D1FB6893F8B6
:10DEA0004330DBB2022B0CBF01230023DBB215E0B1
:10DEB000BB68082B09D1FB6893F84430DBB2022B16
:10DEC0000CBF01230023DBB208E0FB6893F8453068
:10DED000DBB2022B0CBF01230023DBB2002B01D0ED
:10DEE000022329E1BB68002B09D1FB6893F842307B
:10DEF000DBB2012B0CBF01230023DBB222E0BB68A5
:10DF0000042B09D1FB6893F84330DBB2012B0CBF23
:10DF100001230023DBB215E0BB68082B09D1FB68A5
:10DF200093F84430DBB2012B0CBF01230023DBB29A
:10DF300008E0FB6893F84530DBB2012B0CBF0123EE
:10DF40000023DBB2002B24D07B68002B02D07B881F
:10DF5000002B01D10123EFE0BB68002B04D1FB684B
:10DF6000022283F8422016E0BB68042B04D1FB6830
:10DF7000022283F843200EE0BB68082B04D1FB6823
:10DF8000022283F8442006E0FB68022283F8452041
:10DF900001E00123D0E0BB68082B51D0BB68082BFF
:10DFA00072D8BB68002B03D0BB68042B24D06BE075
:10DFB000FB685B6A624ADA63FB685B6A614A1A64FF
:10DFC000FB685B6A604ADA64FB68586A7968FB68D8
:10DFD0001B6834331A467B8801F021FC0346002B72
:10DFE00001D00123A8E0FB681B68DA68FB681B68A6
:10DFF00042F40072DA604AE0FB689B6A504ADA63D6
:10E00000FB689B6A4F4A1A64FB689B6A4E4ADA6453
:10E01000FB68986A7968FB681B6838331A467B8806
:10E0200001F0FDFB0346002B01D0012384E0FB68D7
:10E030001B68DA68FB681B6842F48062DA6026E0DD
:10E04000FB68DB6A3E4ADA63FB68DB6A3D4A1A64B6
:10E05000FB68DB6A3C4ADA64FB68D86A7968FB686B
:10E060001B683C331A467B8801F0D9FB0346002B22
:10E0700001D0012360E0FB681B68DA68FB681B685D
:10E0800042F40062DA6002E00123FB7500BFFB7D11
:10E09000002B50D1FB681B680422B968184601F0B8
:10E0A00053FAFB681B685A6CFB681B6842F4004219
:10E0B0005A64FB681B68254A934222D0FB681B68A0
:10E0C000B3F1804F1DD0FB681B68214A934218D0E2
:10E0D000FB681B681F4A934213D0FB681B681E4AEB
:10E0E00093420ED0FB681B681C4A934209D0FB6820
:10E0F0001B681B4A934204D0FB681B68194A934271
:10E1000011D1FB681B689B6803F007033B613B6907
:10E11000062B10D0FB681B681A68FB681B6842F06E
:10E1200001021A6007E0FB681B681A68FB681B683D
:10E1300042F001021A60FB7D18461837BD4680BDCB
:10E1400055F4000845C60008DBF400080000014053
:10E150000004004000080040000C004000040140A2
:10E16000004001400018004080B584B000AF7860E6
:10E1700039600023FB733B68082B25D03B68082BD4
:10E1800030D83B68002B03D03B68042B0ED029E02D
:10E190007B681B68DA687B681B6822F40072DA60AF
:10E1A0007B685B6A184601F002FC1EE07B681B6816
:10E1B000DA687B681B6822F48062DA607B689B6A9D
:10E1C000184601F0F4FB10E07B681B68DA687B6896
:10E1D0001B6822F40062DA607B68DB6A184601F093
:10E1E000E6FB02E00123FB7300BFFB7B002B52D157
:10E1F0007B681B6800223968184601F0A5F97B6826
:10E200001B681A6A41F211131340002B0FD17B686F
:10E210001B681A6A40F244431340002B07D17B6805
:10E220001B685A6C7B681B6822F400425A647B6846
:10E230001B681A6A41F211131340002B0FD17B683F
:10E240001B681A6A40F244431340002B07D17B68D5
:10E250001B681A687B681B6822F001021A603B6821
:10E26000002B04D17B68012283F8422013E03B6835
:10E27000042B04D17B68012283F843200BE03B6828
:10E28000082B04D17B68012283F8442003E07B68DB
:10E29000012283F84520FB7B18461037BD4680BD20
:10E2A00080B584B000AF786039603B68002B09D13D
:10E2B0007B6893F84230DBB2012B14BF01230023AB
:10E2C000DBB222E03B68042B09D17B6893F8433032
:10E2D000DBB2012B14BF01230023DBB215E03B6846
:10E2E000082B09D17B6893F84430DBB2012B14BFB3
:10E2F00001230023DBB208E07B6893F84530DBB2F2
:10E30000012B14BF01230023DBB2002B01D001231A
:10E310006DE03B68002B04D17B68022283F8422029
:10E3200013E03B68042B04D17B68022283F843206E
:10E330000BE03B68082B04D17B68022283F8442061
:10E3400003E07B68022283F845207B681B68042277
:10E350003968184601F0F8F87B681B685A6C7B68CE
:10E360001B6842F400425A647B681B68224A93424D
:10E3700022D07B681B68B3F1804F1DD07B681B687F
:10E380001E4A934218D07B681B681D4A934213D0E3
:10E390007B681B681B4A93420ED07B681B681A4A35
:10E3A000934209D07B681B68184A934204D07B686B
:10E3B0001B68174A934211D17B681B689B6803F066
:10E3C0000703FB60FB68062B10D07B681B681A688C
:10E3D0007B681B6842F001021A6007E07B681B68DB
:10E3E0001A687B681B6842F001021A600023184615
:10E3F0001037BD4680BD00BF000001400004004052
:10E4000000080040000C00400004014000400140B2
:10E410000018004080B582B000AF786039607B683A
:10E420001B6800223968184601F08EF87B681B686B
:10E430001A6A41F211131340002B0FD17B681B683D
:10E440001A6A40F244431340002B07D17B681B68D3
:10E450005A6C7B681B6822F400425A647B681B6814
:10E460001A6A41F211131340002B0FD17B681B680D
:10E470001A6A40F244431340002B07D17B681B68A3
:10E480001A687B681B6822F001021A603B68002B47
:10E4900004D17B68012283F8422013E03B68042BFF
:10E4A00004D17B68012283F843200BE03B68082BF2
:10E4B00004D17B68012283F8442003E07B680122B9
:10E4C00083F84520002318460837BD4680BD80B537
:10E4D00084B000AF786039600023FB733B68002B89
:10E4E00009D17B6893F84230DBB2012B14BF0123C2
:10E4F0000023DBB222E03B68042B09D17B6893F850
:10E500004330DBB2012B14BF01230023DBB215E043
:10E510003B68082B09D17B6893F84430DBB2012BB0
:10E5200014BF01230023DBB208E07B6893F8453079
:10E53000DBB2012B14BF01230023DBB2002B01D07F
:10E540000123A3E03B68002B04D17B68022283F8FF
:10E55000422013E03B68042B04D17B68022283F83D
:10E5600043200BE03B68082B04D17B68022283F830
:10E57000442003E07B68022283F845203B68082B97
:10E580001BD03B68082B21D83B68002B03D03B688D
:10E59000042B09D01AE07B681B68DA687B681B686B
:10E5A00042F00202DA6014E07B681B68DA687B687C
:10E5B0001B6842F00402DA600BE07B681B68DA68D3
:10E5C0007B681B6842F00802DA6002E00123FB73FB
:10E5D00000BFFB7B002B58D17B681B68DA687B6827
:10E5E0001B6842F08002DA607B681B68042239688D
:10E5F000184600F0A9FF7B681B685A6C7B681B6893
:10E6000042F400425A647B681B68224A934222D03B
:10E610007B681B68B3F1804F1DD07B681B681E4A66
:10E62000934218D07B681B681C4A934213D07B68C6
:10E630001B681B4A93420ED07B681B68194A9342A1
:10E6400009D07B681B68184A934204D07B681B681A
:10E65000164A934211D17B681B689B6803F007033D
:10E66000BB60BB68062B10D07B681B681A687B6890
:10E670001B6842F001021A6007E07B681B681A6899
:10E680007B681B6842F001021A60FB7B184610375A
:10E69000BD4680BD0000014000040040000800406D
:10E6A000000C004000040140004001400018004000
:10E6B00080B584B000AF786039600023FB733B689D
:10E6C000082B1BD03B68082B21D83B68002B03D0BC
:10E6D0003B68042B09D01AE07B681B68DA687B680A
:10E6E0001B6822F00202DA6014E07B681B68DA68BB
:10E6F0007B681B6822F00402DA600BE07B681B6811
:10E70000DA687B681B6822F00802DA6002E0012305
:10E71000FB7300BFFB7B002B64D17B681B6800226E
:10E720003968184600F010FF7B681B681B6ABB60E5
:10E73000BA6840F244431340002B07D17B681B6842
:10E74000DA687B681B6822F08002DA607B681B68ED
:10E750001A6A41F211131340002B0FD17B681B681A
:10E760001A6A40F244431340002B07D17B681B68B0
:10E770005A6C7B681B6822F400425A647B681B68F1
:10E780001A6A41F211131340002B0FD17B681B68EA
:10E790001A6A40F244431340002B07D17B681B6880
:10E7A0001A687B681B6822F001021A603B68002B24
:10E7B00004D17B68012283F8422013E03B68042BDC
:10E7C00004D17B68012283F843200BE03B68082BCF
:10E7D00004D17B68012283F8442003E07B68012296
:10E7E00083F84520FB7B18461037BD4680BD80B5B9
:10E7F00086B000AFF860B9607A607B800023FB755B
:10E80000BB68002B09D1FB6893F84230DBB2022BC6
:10E810000CBF01230023DBB222E0BB68042B09D12B
:10E82000FB6893F84330DBB2022B0CBF01230023BB
:10E83000DBB215E0BB68082B09D1FB6893F84430C4
:10E84000DBB2022B0CBF01230023DBB208E0FB6824
:10E8500093F84530DBB2022B0CBF01230023DBB25F
:10E86000002B01D0022329E1BB68002B09D1FB68F2
:10E8700093F84230DBB2012B0CBF01230023DBB243
:10E8800022E0BB68042B09D1FB6893F84330DBB26C
:10E89000012B0CBF01230023DBB215E0BB68082B62
:10E8A00009D1FB6893F84430DBB2012B0CBF012384
:10E8B0000023DBB208E0FB6893F84530DBB2012BA4
:10E8C0000CBF01230023DBB2002B24D07B68002B7C
:10E8D00002D07B88002B01D10123EFE0BB68002B25
:10E8E00004D1FB68022283F8422016E0BB68042BA7
:10E8F00004D1FB68022283F843200EE0BB68082B9A
:10E9000004D1FB68022283F8442006E0FB6802225F
:10E9100083F8452001E00123D0E0BB68082B51D0EB
:10E92000BB68082B72D8BB68002B03D0BB68042BD4
:10E9300024D06BE0FB685B6A624ADA63FB685B6A5F
:10E94000614A1A64FB685B6A604ADA64FB68586A69
:10E950007968FB681B6834331A467B8800F05FFFD8
:10E960000346002B01D00123A8E0FB681B68DA688E
:10E97000FB681B6842F40072DA604AE0FB689B6A3D
:10E98000504ADA63FB689B6A4F4A1A64FB689B6AC9
:10E990004E4ADA64FB68986A7968FB681B6838330A
:10E9A0001A467B8800F03BFF0346002B01D0012371
:10E9B00084E0FB681B68DA68FB681B6842F48062CD
:10E9C000DA6026E0FB68DB6A3E4ADA63FB68DB6AF2
:10E9D0003D4A1A64FB68DB6A3C4ADA64FB68D86A21
:10E9E0007968FB681B683C331A467B8800F017FF88
:10E9F0000346002B01D0012360E0FB681B68DA6846
:10EA0000FB681B6842F40062DA6002E00123FB75D8
:10EA100000BFFB7D002B50D1FB681B680422B96846
:10EA2000184600F091FDFB681B685A6CFB681B6878
:10EA300042F400425A64FB681B68254A934222D084
:10EA4000FB681B68B3F1804F1DD0FB681B68214A2F
:10EA5000934218D0FB681B681F4A934213D0FB688F
:10EA60001B681E4A93420ED0FB681B681C4A9342E7
:10EA700009D0FB681B681B4A934204D0FB681B68E3
:10EA8000194A934211D1FB681B689B6803F0070386
:10EA90003B613B69062B10D0FB681B681A68FB685A
:10EAA0001B6842F001021A6007E0FB681B681A68E5
:10EAB000FB681B6842F001021A60FB7D184618379C
:10EAC000BD4680BD55F4000845C60008DBF40008CB
:10EAD000000001400004004000080040000C00401D
:10EAE00000040140004001400018004080B584B09F
:10EAF00000AF786039600023FB733B68082B25D09A
:10EB00003B68082B30D83B68002B03D03B68042BB4
:10EB10000ED029E07B681B68DA687B681B6822F4EA
:10EB20000072DA607B685B6A184600F040FF1EE006
:10EB30007B681B68DA687B681B6822F48062DA6095
:10EB40007B689B6A184600F032FF10E07B681B6808
:10EB5000DA687B681B6822F40062DA607B68DB6A33
:10EB6000184600F024FF02E00123FB7300BFFB7B8B
:10EB7000002B52D17B681B6800223968184600F0D0
:10EB8000E3FC7B681B681A6A41F211131340002BE7
:10EB90000FD17B681B681A6A40F244431340002B74
:10EBA00007D17B681B685A6C7B681B6822F40042A3
:10EBB0005A647B681B681A6A41F211131340002BD8
:10EBC0000FD17B681B681A6A40F244431340002B44
:10EBD00007D17B681B681A687B681B6822F00102FA
:10EBE0001A603B68002B04D17B68012283F8422025
:10EBF00013E03B68042B04D17B68012283F8432097
:10EC00000BE03B68082B04D17B68012283F8442089
:10EC100003E07B68012283F84520FB7B1846103710
:10EC2000BD4680BD80B584B000AF786039603B6878
:10EC3000002B02D10423FB6001E00023FB607B6812
:10EC400093F83E30FB727B6893F83F30BB727B6871
:10EC500093F842307B727B6893F843303B72FB7AC7
:10EC6000012B08D1BB7A012B05D17B7A012B02D174
:10EC70003B7A012B01D0012326E07B68022283F836
:10EC80003E207B68022283F83F207B68022283F8C3
:10EC900042207B68022283F843207B681B680422A1
:10ECA0003968184600F050FC7B681B680122F9683F
:10ECB0001846FEF780FA7B681B685A6C7B681B68F5
:10ECC00042F400425A64002318461037BD4680BD06
:10ECD00080B584B000AF786039603B68002B02D10A
:10ECE0000423FB6001E00023FB607B681B680022BB
:10ECF0003968184600F028FC7B681B680022F96818
:10ED00001846FEF758FA7B681B681A6A41F211131D
:10ED10001340002B0FD17B681B681A6A40F24443F2
:10ED20001340002B07D17B681B685A6C7B681B68FB
:10ED300022F400425A647B681B681A6A41F211137C
:10ED40001340002B0FD17B681B681A6A40F24443C2
:10ED50001340002B07D17B681B681A687B681B680F
:10ED600022F001021A607B68012283F83E207B6852
:10ED7000012283F83F207B68012283F842207B68D0
:10ED8000012283F84320002318461037BD4680BD7A
:10ED900080B584B000AF786039603B68002B02D149
:10EDA0000423FB6001E00023FB607B6893F83E30A6
:10EDB000FB727B6893F83F30BB727B6893F84230FC
:10EDC0007B727B6893F843303B72FB7A012B08D14E
:10EDD000BB7A012B05D17B7A012B02D13B7A012B27
:10EDE00001D0012336E07B68022283F83E207B6855
:10EDF000022283F83F207B68022283F842207B684E
:10EE0000022283F843207B681B68DA687B681B68F2
:10EE100042F00202DA607B681B68DA687B681B6874
:10EE200042F00402DA607B681B68042239681846E5
:10EE300000F08AFB7B681B680122F9681846FEF720
:10EE4000BAF97B681B685A6C7B681B6842F4004205
:10EE50005A64002318461037BD4680BD80B584B083
:10EE600000AF786039603B68002B02D10423FB605F
:10EE700001E00023FB607B681B68DA687B681B6825
:10EE800022F00202DA607B681B68DA687B681B6824
:10EE900022F00402DA607B681B6800223968184699
:10EEA00000F052FB7B681B680022F9681846FEF7E9
:10EEB00082F97B681B681A6A41F211131340002B18
:10EEC0000FD17B681B681A6A40F244431340002B41
:10EED00007D17B681B685A6C7B681B6822F4004270
:10EEE0005A647B681B681A6A41F211131340002BA5
:10EEF0000FD17B681B681A6A40F244431340002B11
:10EF000007D17B681B681A687B681B6822F00102C6
:10EF10001A607B68012283F83E207B68012283F817
:10EF20003F207B68012283F842207B68012283F81E
:10EF30004320002318461037BD4680BD80B485B0FD
:10EF400000AFF860B9607A60FB6893F83C30012B41
:10EF500001D102234CE0FB68012283F83C20BB680E
:10EF6000002B08D0BB68102B05D0BB68202B02D02B
:10EF7000BB68302B0FD1FB681B689A68FB681B6865
:10EF800022F070029A60FB681B689968FB681B6836
:10EF9000BA680A439A60FB681B685A68FB681B687A
:10EFA00042F001025A60FB681B685A68FB681B68E4
:10EFB00022F004025A60FB681B685968FB681B68F2
:10EFC0007A680A435A60FB681B68DA68FB681B684A
:10EFD00022F02002DA60FB681B68DA68FB681B68B5
:10EFE00022F40052DA60FB68002283F83C20002300
:10EFF00018461437BD4680BC704780B485B000AF5A
:10F00000F860B9607A60FB6893F83C30012B01D15D
:10F0100002234CE0FB68012283F83C20BB68002BF4
:10F0200008D0BB68102B05D0BB68202B02D0BB6872
:10F03000302B0FD1FB681B689A68FB681B6822F0B5
:10F0400070029A60FB681B689968FB681B68BA6865
:10F050000A439A60FB681B685A68FB681B6842F0A9
:10F0600001025A60FB681B685A68FB681B6822F043
:10F0700004025A60FB681B685968FB681B687A6861
:10F080000A435A60FB681B68DA68FB681B6822F455
:10F090000052DA60FB681B68DA68FB681B6842F0A4
:10F0A0002002DA60FB68002283F83C200023184627
:10F0B0001437BD4680BC704780B485B000AFF8609F
:10F0C000B9607A60FB6893F83C30012B01D10223D0
:10F0D00058E0FB68012283F83C20BB68002B08D075
:10F0E000BB68102B05D0BB68202B02D0BB68302B2F
:10F0F0000FD1FB681B689A68FB681B6822F07002DE
:10F100009A60FB681B689968FB681B68BA680A43C9
:10F110009A60FB681B685A68FB681B6842F0010232
:10F120005A60FB681B685A68FB681B6822F004027F
:10F130005A60FB681B685968FB681B687A680A4359
:10F140005A60FB685B6B124ADA63FB685B6B114ABF
:10F150001A64FB685B6B104ADA64FB681B68DA6848
:10F16000FB681B6822F02002DA60FB681B68DA6823
:10F17000FB681B6842F40052DA60FB68002283F8E7
:10F180003C20002318461437BD4680BC704700BFA2
:10F190000DF4000831F400080BC5000880B485B0F8
:10F1A00000AF786039607B6893F83C30012B01D167
:10F1B00002235AE07B68012283F83C207B6802220C
:10F1C00083F83D207B681B685B68FB607B681B687D
:10F1D0009B68BB60FB6823F07003FB603B681B68A7
:10F1E000FA681343FB607B681B68FA685A607B68A7
:10F1F0001B68204A934222D07B681B68B3F1804F82
:10F200001DD07B681B681C4A934218D07B681B6822
:10F210001A4A934213D07B681B68194A93420ED056
:10F220007B681B68174A934209D07B681B68164AA3
:10F23000934204D07B681B68144A93420CD1BB688C
:10F2400023F08003BB603B685B68BA681343BB6014
:10F250007B681B68BA689A607B68012283F83D204E
:10F260007B68002283F83C20002318461437BD46F3
:10F2700080BC7047000001400004004000080040CE
:10F28000000C004000040140004001400018004014
:10F2900080B485B000AF786039600023FB607B6884
:10F2A00093F83C30012B01D102233DE07B68012221
:10F2B00083F83C20FB6823F0FF023B68DB681343C4
:10F2C000FB60FB6823F440723B689B681343FB6060
:10F2D000FB6823F480623B685B681343FB60FB6858
:10F2E00023F400623B681B681343FB60FB6823F454
:10F2F00080523B681B691343FB60FB6823F4005298
:10F300003B685B691343FB60FB6823F480423B6806
:10F31000DB691343FB607B681B68FA685A647B688F
:10F32000002283F83C20002318461437BD4680BCD9
:10F33000704780B483B000AF786039607B6893F821
:10F340003C30012B01D102230CE07B68012283F8C1
:10F350003C207B681B683A681A657B68002283F84A
:10F360003C20002318460C37BD4680BC704780B453
:10F3700083B000AF786000BF0C37BD4680BC7047DB
:10F3800080B483B000AF786000BF0C37BD4680BC4E
:10F39000704780B483B000AF786000BF0C37BD46C3
:10F3A00080BC704780B483B000AF78607B6893F80E
:10F3B0003D30DBB218460C37BD4680BC704780B488
:10F3C00085B000AF786039603B68002B04D17B6862
:10F3D00093F84230FB7313E03B68042B04D17B6845
:10F3E00093F84330FB730BE03B68082B04D17B6838
:10F3F00093F84430FB7303E07B6893F84530FB736C
:10F40000FB7B18461437BD4680BC704780B584B07E
:10F4100000AF78607B689B6BFB60FB68012283F820
:10F420003D20F868FFF7A3FF00BF1037BD4680BD41
:10F4300080B584B000AF78607B689B6BFB60FB6835
:10F44000012283F83D20F868FFF79AFF00BF1037CC
:10F45000BD4680BD80B584B000AF78607B689B6B93
:10F46000FB60FB685B6A7A689A420BD1FB680122F9
:10F470001A777B68DB69002B25D1FB68012283F8B2
:10F48000422020E0FB689B6A7A689A420BD1FB68B5
:10F4900002221A777B68DB69002B14D1FB680122FA
:10F4A00083F843200FE0FB68DB6A7A689A420AD14E
:10F4B000FB6804221A777B68DB69002B03D1FB68A9
:10F4C000012283F84420F868FCF765FFFB680022FE
:10F4D0001A7700BF1037BD4680BD80B584B000AF3D
:10F4E00078607B689B6BFB60FB685B6A7A689A421A
:10F4F00007D1FB6801221A77FB68012283F84220BA
:10F5000018E0FB689B6A7A689A4207D1FB6802227E
:10F510001A77FB68012283F843200BE0FB68DB6A63
:10F520007A689A4206D1FB6804221A77FB680122A6
:10F5300083F84420F868FCF752FFFB6800221A7732
:10F5400000BF1037BD4680BD80B487B000AFF86003
:10F55000B9607A60BB6803F00F03042202FA03F378
:10F560007B61FB681A6A7B69DB431A40FB681A629D
:10F57000FB681A6ABB6803F00F03796801FA03F3AA
:10F580001A43FB681A6200BF1C37BD4680BC704737
:10F5900080B586B000AF786000237B61F6F782FA11
:10F5A00038617B68002B01D1012399E07B6802223E
:10F5B00083F835207B68002283F834207B681B6841
:10F5C0001A687B681B6822F001021A600FE0F6F7E8
:10F5D00069FA02463B69D31A052B08D97B682022B9
:10F5E0005A657B68032283F83520032378E07B6823
:10F5F0001B681B6803F00103002BE8D17B681B68C4
:10F600001B687B617A69384B13407B617B685A6861
:10F610007B689B681A437B68DB681A437B681B69BD
:10F620001A437B685B691A437B689B691A437B6852
:10F63000DB691A437B681B6A13437A6913437B6156
:10F640007B685B6A042B07D17B68DA6A7B681B6B7B
:10F6500013437A6913437B617B681B687A691A607C
:10F660007B681B685B697B617B6923F007037B61B7
:10F670007B685B6A7A6913437B617B685B6A042BF6
:10F6800017D17B689B6A7A6913437B617B68DB6A6D
:10F69000002B0ED0786800F051FD0346002B08D0F7
:10F6A0007B6840225A657B68012283F8352001235C
:10F6B00016E07B681B687A695A61786800F009FD7A
:10F6C0000346FB607B68DB6D3F229A40FB689A60D3
:10F6D0007B6800225A657B68012283F8352000236D
:10F6E00018461837BD4680BD3F8010F080B584B005
:10F6F00000AF78607B68002B01D1012350E07B686C
:10F7000093F83530DBB2022B01D1022348E07B684D
:10F710001B681A687B681B6822F001021A607B680C
:10F720001B6800221A607B681B6800225A607B6895
:10F730001B6800229A607B681B680022DA607B6885
:10F740001B6800221A617B681B6821225A61786855
:10F7500000F0BFFC0346FB607B680022DA637B6835
:10F7600000221A647B6800225A647B6800229A6433
:10F770007B680022DA647B6800221A657B68DB6D97
:10F780003F229A40FB689A607B6800225A657B683A
:10F79000002283F835207B68002283F83420002380
:10F7A00018461037BD4680BD80B586B000AFF86002
:10F7B000B9607A603B600023FB75FB6893F83430D6
:10F7C000012B01D1022326E0FB68012283F83420BB
:10F7D000FB6893F83530DBB2012B15D1FB680222B0
:10F7E00083F83520FB6800225A653B687A68B9685F
:10F7F000F86800F041FCFB681B681A68FB681B682E
:10F8000042F001021A6005E0FB68002283F8342010
:10F810000223FB75FB7D18461837BD4680BD80B5B9
:10F8200086B000AFF860B9607A603B600023FB757A
:10F83000FB689B6D3B61FB6893F83430012B01D171
:10F84000022340E0FB68012283F83420FB6893F830
:10F850003530DBB2012B2FD1FB68022283F8352033
:10F86000FB6800225A653B687A68B968F86800F05E
:10F8700003FCFB68DB6D3F229A403B699A60FB68A2
:10F880001B681A68FB681B6842F016021A60FB6866
:10F890001B6C002B07D0FB681B681A68FB681B6891
:10F8A00042F008021A60FB681B681A68FB681B6854
:10F8B00042F001021A6005E0FB68002283F8342060
:10F8C0000223FB75FB7D18461837BD4680BD80B509
:10F8D00084B000AF78607B689B6DFB60F6F7E2F860
:10F8E000B8607B6893F83530DBB2022B08D07B68B8
:10F8F00080225A657B68002283F83420012352E07D
:10F900007B681B681A687B681B6822F016021A6005
:10F910007B681B685A697B681B6822F080025A6109
:10F920007B681B6C002B03D17B689B6C002B07D082
:10F930007B681B681A687B681B6822F008021A60E3
:10F940007B681B681A687B681B6822F001021A60DA
:10F9500013E0F6F7A7F80246BB68D31A052B0CD9BB
:10F960007B6820225A657B68032283F835207B68F8
:10F97000002283F83420032315E07B681B681B6892
:10F9800003F00103002BE4D17B68DB6D3F229A403A
:10F99000FB689A607B68012283F835207B6800222F
:10F9A00083F83420002318461037BD4680BD80B44C
:10F9B00083B000AF78607B6893F83530DBB2022B00
:10F9C00004D07B6880225A6501230CE07B68052205
:10F9D00083F835207B681B681A687B681B6822F0F7
:10F9E00001021A60002318460C37BD4680BC7047E0
:10F9F00080B58AB000AFF8600B467A60FB720023D6
:10FA0000FB77F6F74FF8B861FB6893F83530DBB257
:10FA1000022B08D0FB6880225A65FB68002283F81D
:10FA200034200123BFE0FB681B681B6803F480736C
:10FA3000002B05D0FB684FF480725A650123B2E0B9
:10FA4000FB7A002B06D1FB68DB6D202202FA03F360
:10FA50007B6205E0FB68DB6D102202FA03F37B6238
:10FA6000FB689B6D7B617B691B683B625AE07B682E
:10FA7000B3F1FF3F17D07B68002B07D0F6F712F8E1
:10FA80000246BB69D31A7A689A420CD2FB682022DC
:10FA90005A65FB68012283F83520FB68002283F851
:10FAA000342003237FE07B691B683B62FB68DB6DCE
:10FAB00008229A403B6A1340002B0BD0FB685B6D19
:10FAC00043F00102FB685A65FB68DB6D08229A402F
:10FAD0007B699A60FB68DB6D01229A403B6A1340A8
:10FAE000002B0BD0FB685B6D43F00202FB685A658C
:10FAF000FB68DB6D01229A407B699A60FB68DB6DD5
:10FB000004229A403B6A1340002B0BD0FB685B6DCC
:10FB100043F00402FB685A65FB68DB6D04229A40DF
:10FB20007B699A603A6A7B6A1340002B05D1FB68B7
:10FB30005B6D03F00103002B99D0FB685B6D002B1C
:10FB400018D0FB685B6D03F00103002B12D0F8683E
:10FB5000FFF7BDFEFB68DB6D30229A407B699A603F
:10FB6000FB68012283F83520FB68002283F83420EB
:10FB7000012318E0FB7A002B0ED1FB68DB6D3022ED
:10FB80009A407B699A60FB68012283F83520FB6804
:10FB9000002283F8342005E0FB68DB6D10229A40D8
:10FBA0007B699A60FB7F18462837BD4680BD80B5CB
:10FBB00086B000AF78600023BB608E4B1B688E4A16
:10FBC000A2FB03239B0A7B617B689B6D3B613B69C6
:10FBD0001B68FB607B68DB6D08229A40FB68134062
:10FBE000002B1AD07B681B681B6803F00403002BF2
:10FBF00013D07B681B681A687B681B6822F00402BC
:10FC00001A607B68DB6D08229A403B699A607B68CA
:10FC10005B6D43F001027B685A657B68DB6D0122F6
:10FC20009A40FB681340002B12D07B681B685B690D
:10FC300003F08003002B0BD07B68DB6D01229A4020
:10FC40003B699A607B685B6D43F002027B685A6592
:10FC50007B68DB6D04229A40FB681340002B12D0B6
:10FC60007B681B681B6803F00203002B0BD07B68CA
:10FC7000DB6D04229A403B699A607B685B6D43F0C0
:10FC800004027B685A657B68DB6D10229A40FB6832
:10FC90001340002B43D07B681B681B6803F00803EC
:10FCA000002B3CD07B68DB6D10229A403B699A6048
:10FCB0007B681B681B6803F48023002B18D07B68CB
:10FCC0001B681B6803F40023002B08D17B681B6CA6
:10FCD000002B24D07B681B6C786898471FE07B68FA
:10FCE0009B6C002B1BD07B689B6C7868984716E058
:10FCF0007B681B681B6803F48073002B07D17B684B
:10FD00001B681A687B681B6822F008021A607B680F
:10FD10001B6C002B03D07B681B6C786898477B6852
:10FD2000DB6D20229A40FB681340002B00F08E8090
:10FD30007B681B681B6803F01003002B00F08680B3
:10FD40007B68DB6D20229A403B699A607B6893F860
:10FD50003530DBB2052B36D17B681B681A687B68AF
:10FD60001B6822F016021A607B681B685A697B6860
:10FD70001B6822F080025A617B681B6C002B03D148
:10FD80007B689B6C002B07D07B681B681A687B68BC
:10FD90001B6822F008021A607B68DB6D3F229A40E4
:10FDA0003B699A607B68012283F835207B680022DA
:10FDB00083F834207B681B6D002B7DD07B681B6D26
:10FDC0007868984778E07B681B681B6803F4802399
:10FDD000002B1CD07B681B681B6803F40023002BDE
:10FDE0000CD17B685B6C002B30D07B685B6C7868D7
:10FDF00098472BE004000020B5814E1B7B68DB6B2D
:10FE0000002B23D07B68DB6B786898471EE07B680B
:10FE10001B681B6803F48073002B0FD17B681B6881
:10FE20001A687B681B6822F010021A607B68012246
:10FE300083F835207B68002283F834207B68DB6BF5
:10FE4000002B03D07B68DB6B786898477B685B6D21
:10FE5000002B32D07B685B6D03F00103002B22D0B6
:10FE60007B68052283F835207B681B681A687B68ED
:10FE70001B6822F001021A60BB680133BB607A691B
:10FE80009A4207D37B681B681B6803F00103002BB1
:10FE9000F2D100E000BF7B68012283F835207B6847
:10FEA000002283F834207B68DB6C002B05D07B6854
:10FEB000DB6C7868984700E000BF1837BD4680BD0E
:10FEC00080B487B000AFF8600B467A60FB72002305
:10FED000FB75FB6893F83430012B01D1022341E01C
:10FEE000FB68012283F83420FB6893F83530DBB2DD
:10FEF000012B30D1FB7A052B26D0052B28DC042BD7
:10FF00001ED0042B24DC032B16D0032B20DC022B69
:10FF10000ED0022B1CDC002B02D0012B04D017E0EA
:10FF2000FB687A68DA6318E0FB687A681A6414E0A0
:10FF3000FB687A685A6410E0FB687A689A640CE09F
:10FF4000FB687A68DA6408E0FB687A681A6504E09E
:10FF50000123FB7501E00123FB75FB68002283F898
:10FF60003420FB7D18461C37BD4680BC704780B4EA
:10FF700085B000AF78600B46FB700023FB737B6895
:10FF800093F83430012B01D1022358E07B68012221
:10FF900083F834207B6893F83530DBB2012B47D1EE
:10FFA000FB78062B2ED0062B3FDC052B26D0052B0D
:10FFB0003BDC042B1ED0042B37DC032B16D0032B89
:10FFC00033DC022B0ED0022B2FDC002B02D0012BB6
:10FFD00004D02AE07B680022DA632BE07B680022F1
:10FFE0001A6427E07B6800225A6423E07B680022C1
:10FFF0009A641FE07B680022DA641BE07B680022C1
:020000040801F1
:100000001A6517E07B680022DA637B6800221A64B5
:100010007B6800225A647B6800229A647B68002215
:10002000DA647B6800221A6504E00123FB7301E0B7
:100030000123FB737B68002283F83420FB7B184686
:100040001437BD4680BC704780B483B000AF786081
:100050007B6893F83530DBB218460C37BD4680BC60
:10006000704780B483B000AF78607B685B6D1846E2
:100070000C37BD4680BC704780B485B000AFF860D7
:10008000B9607A603B60FB681B681A68FB681B6894
:1000900022F480221A60FB681B683A685A60FB6889
:1000A0009B68402B08D1FB681B687A689A60FB68E4
:1000B0001B68BA68DA6007E0FB681B68BA689A6078
:1000C000FB681B687A68DA6000BF1437BD4680BCE5
:1000D000704780B485B000AF78607B681B68DBB286
:1000E000103B144AA2FB03231B09FB60124AFB6866
:1000F00013441B781A467B68DA65FB68032B09D921
:100100007B681B6823F47F7323F003031A1D7B684D
:100110009A6507E07B681B6823F47F7323F0030371
:100120007A6893657B689B6D18461437BD4680BC22
:10013000704700BFABAAAAAAFC08010880B485B02A
:1001400000AF78600023FB737B689B6ABB607B68B1
:100150009B69002B23D1BB68032B5FD0BB68032BAB
:100160005ED8BB68022B09D0BB68022B58D8BB688D
:10017000002B03D0BB68012B09D051E07B68DB6A00
:1001800003F08073002B4DD00123FB734AE07B68A2
:10019000DB6AB3F1C07F47D10123FB7344E07B6886
:1001A0009B69B3F5005F26D1BB68032B1BD0BB68EE
:1001B000032B3BD8BB68022B09D0BB68022B35D878
:1001C000BB68002B03D0BB68012B03D02EE00123BA
:1001D000FB7332E07B68DB6A03F08073002B27D06F
:1001E0000123FB7324E07B68DB6AB3F1C07F21D17C
:1001F0000123FB731EE0BB68022B03D9BB68032BF2
:1002000003D01AE00123FB7317E07B68DB6A03F07D
:100210008073002B10D00123FB730DE000BF0CE0B6
:1002200000BF0AE000BF08E000BF06E000BF04E036
:1002300000BF02E000BF00E000BFFB7B18461437A0
:10024000BD4680BC704700BF53B94AB9002908BFFA
:1002500000281CBF4FF0FF314FF0FF3000F09CB979
:10026000ADF1080C6DE904CE00F006F8DDF804E00D
:10027000DDE9022304B070472DE9F04782B006465D
:10028000DDF828E00846B4460D46002B4ED18A42E0
:1002900014466DD9B2FA82F242B1C2F12003954000
:1002A00026FA03F394401D4306FA02FC260CA7B27B
:1002B000B5FBF6F14FEA1C4306FB115543EA054333
:1002C00001FB07F0984209D9E31801F1FF3580F0EE
:1002D0000381984240F20081023923441B1A1FFA1D
:1002E0008CFCB3FBF6F006FB10334CEA034C00FB2E
:1002F00007F363450AD914EB0C0C00F1FF3580F0CD
:10030000ED80634540F2EA80A444023840EA0140AF
:10031000ACEB030C0021BEF1000F04D02CFA02F369
:100320000022CEE9003202B0BDE8F0878B4209D945
:10033000BEF1000F01D0CEE900610021084602B0F5
:10034000BDE8F087B3FA83F1174600294DD1834207
:1003500002D3B24200F20F81B6EB070C60EB03034D
:1003600001201D46BEF1000FDDD0CEE900C5DAE761
:10037000002A00F098801A46B4FA84F3002B40F06B
:10038000AF800B1B270CA6B20121B3FBF7F54FEA98
:100390001C4007FB153340EA034306FB05F898456C
:1003A00007D9E31805F1FF3002D2984500F2E88042
:1003B0000546A3EB08031FFA8CFCB3FBF7F007FB21
:1003C00010334CEA034C06FB00F3634508D914EBE9
:1003D0000C0C00F1FF3602D2634500F2CE803046AD
:1003E000ACEB030C40EA054095E7C1F120058B40DA
:1003F00022FA05FC4CEA030C00FA01F426FA05F394
:10040000E84002FA01F943EA04084FEA1C4206FAFE
:1004100001FAB0FBF2F71FFA8CF602FB17004FEA65
:10042000184444EA004407FB06F0A0420AD91CEB3A
:10043000040407F1FF3380F09C80A04240F29980D1
:10044000023F6444241A1FFA88F3B4FBF2F002FB63
:10045000104443EA044300FB06F69E4209D91CEB14
:10046000030300F1FF3480F082809E427FD902387E
:10047000634440EA0740A0FB09749B1BA3423E462D
:10048000A04664D361D0BEF1000F0AD0BAEB0602D9
:1004900063EB080303FA05F5CA401543CB40CEE9E8
:1004A000005300213FE7730843EAC1734A08190C5F
:1004B00041EA02414FEAC67C9BB2B2FBF4F0264609
:1004C000A04627461F2243EA0143B1FBF4F1A3EB08
:1004D000080341EA004158E72946FFE6284615E7A8
:1004E0001A46C3F120019C4026FA01F320FA01F1DB
:1004F00090400343270C06FA02FCB1FBF7F0A6B2CA
:1005000007FB1015190C41EA054100FB06F58D4269
:100510003BD9611801D28D4220D8491B0138B1FB6B
:10052000F7F5019505FB06F8019D9BB207FB151138
:1005300043EA0143434526D2E31805F1FF31C6D211
:100540004345C4D2A91E2344C1E7BA459BD2B7EBA9
:10055000090664EB0C040138A04694E7651B2944A6
:100560000238B1FBF7F5019505FB06F8DCE72046FC
:100570007FE71F4666E70846F4E6A44402382FE703
:10058000023D234415E70199A1E7491BB1FBF7F5AB
:10059000019505FB06F8C7E7704700BF08B54FF4A3
:1005A00080610448F6F7ADF94FF4FA70F0F7ACF853
:1005B000F5E700BF0014024008B54FF4007104488D
:1005C000F6F79FF94FF46170F0F79EF8F5E700BF7A
:1005D0000014024010B582B000240194022300935D
:1005E0002346802207490848EFF716FE01940123AD
:1005F00000932346802205490548EFF70DFE02B01F
:1006000010BD00BF04090108B90501080C09010863
:100610009D05010808B5F5F733FA08BD044B98426B
:1006200000D07047034A136801331360F9E700BF35
:10063000F43F0020F03F002010B594B008AC302209
:100640000021204600F0F9F800230393049305935A
:10065000069307930193224A116C41F08051116473
:10066000126C02F080520192019A02931D4B1A689B
:1006700042F480421A601B6803F480430293029B99
:10068000012308934FF48033099302230E934FF410
:1006900080020F92082210924FF4A87211921293C6
:1006A000042313932046F6F796F990B90F2303938A
:1006B00002230493002305934FF4A05306934FF4B1
:1006C00080530793052103A8F6F7FEFB20B914B069
:1006D00010BD00F059F8E9E700F056F8F7E700BF61
:1006E000003802400070004000B587B001A9002327
:1006F00001934B608B60CB600B610093094B1A6BCD
:1007000042F020021A631B6B03F020030093009B4E
:100710004FF4C0630193012302930348F5F72EFEC3
:1007200007B000BD003802400014024008B50B4875
:100730000B4B0360532343600023836040F2E73296
:10074000C26003618361F6F73BFF18B90348F7F70E
:1007500079F808BD00F018F8F8E700BFF43F002072
:100760000014004008B5F5F7FFF8FFF765FFFFF745
:10077000BBFFFFF7DBFF08BD08B5FFF7F3FFFFF78F
:1007800029FFF0F70FFBFEE772B6FEE702680E4B9B
:100790009A4200D0704700B583B00022019203F561
:1007A0000933196C41F0200119641B6C03F020031C
:1007B0000193019B02213720F5F799FC3720F5F7CB
:1007C000B2FC03B000BD00BF001400407047FEE75C
:1007D000FEE7FEE7FEE7704708B50248FAF7FDFBC3
:1007E00008BD00BFF43F0020DFF834D0F3F764FB0E
:1007F0000C480D490D4A002302E0D458C45004337C
:10080000C4188C42F9D30A4A0A4C002301E0136051
:100810000432A242FBD300F019F8FFF7ADFF704796
:100820000000022000000020100000202409010820
:10083000100000203C400020FEE7024403469342A3
:1008400000D1704703F8011BF9E7000070B50D4BAC
:100850000D4C00261D1BB6EBA50F09D100F028F8A2
:100860000A4C0B4B00261D1BB6EBA50F05D170BD26
:1008700054F8043B98470136EDE754F8043B984799
:100880000136F1E71C0901081C0901081C090108CF
:10089000200901080A44914200F1FF3300D170475A
:1008A00010B511F8014B03F8014F9142F9D110BD79
:1008B000F8B500BFF8BC08BC9E467047F8B500BF4D
:0808C000F8BC08BC9E4670471D
:1008C8001F00000049444C4500000000546D722090
:1008D80053766300546D7251000000000000000060
:1008E80000000000010203040607080900000000D8
:1008F8000102030400061016000610164C45443188
:0C090800000000004C45443200000000DC
:0809140064F9FF7F01000000FF
:04091C00F9010008D5
:04092000D1010008F9
:10092400AAAAAAAA0024F4001000000001000000F2
:04000005080107E9FE
:00000001FF
