:020000040800F2
:100000000000022071660108496501084B6501087E
:100010004D6501084F6501085165010800000000A9
:10002000000000000000000000000000C1660108A0
:100030005365010800000000C1660108556501080C
:10004000C1660108C1660108C1660108C1660108F0
:10005000C1660108C1660108C1660108C1660108E0
:10006000C1660108C1660108C1660108C1660108D0
:10007000C1660108C1660108C1660108C1660108C0
:10008000C1660108C1660108C16601086D65010805
:100090007D6501088D6501089D650108C16601083F
:1000A000C1660108C1660108C1660108C166010890
:1000B000C1660108C1660108C1660108C166010880
:1000C000C1660108C1660108C1660108C166010870
:1000D000C1660108C1660108C1660108C166010860
:1000E000C1660108C1660108C1660108C166010850
:1000F000C1660108C1660108C1660108C166010840
:10010000C1660108C1660108C1660108C16601082F
:10011000C1660108C1660108C16601085D65010884
:10012000C1660108C1660108C1660108C16601080F
:10013000C1660108C1660108C1660108C1660108FF
:10014000C1660108C1660108C1660108C1660108EF
:10015000C1660108C1660108C1660108C1660108DF
:10016000C1660108C1660108C1660108C1660108CF
:10017000C1660108C1660108C166010800000000EF
:08018000C1660108C166010817
:100190000348044B834202D0034B03B11847704716
:1001A0004804002048040020000000000548064BD9
:1001B0001B1AD90F01EBA301491002D0034B03B165
:1001C0001847704748040020480400200000000041
:1001D00010B5064C237843B9FFF7DAFF044B13B18F
:1001E0000448AFF300800123237010BD48040020B1
:1001F000000000009876010808B5044B1BB10449C3
:100200000448AFF30080BDE80840CFE700000000DD
:100210004C0400209876010880B400AF054BD3F859
:100220008830044A43F47003C2F8883000BFBD46EA
:1002300080BC704700ED00E080B487B000AF0023C1
:100240003B6100237B610223FB600023BB60022330
:100250007B60344B9B6803F00C033B613B69082BCC
:1002600011D03B69082B44D83B69002B03D03B6974
:10027000042B04D03DE02C4B2C4A1A603DE02A4B65
:100280002B4A1A6039E0274B5B689B0D03F0010392
:10029000BB60244B5B6803F03F037B60BB68002BB3
:1002A0000CD0234A7B68B2FBF3F31E4A52689209D2
:1002B000C2F3080202FB03F37B610BE01B4A7B687D
:1002C000B2FBF3F3174A52689209C2F3080202FB29
:1002D00003F37B61134B5B681B0C03F003030133D7
:1002E0005B00FB607A69FB68B2FBF3F30E4A1360B4
:1002F00003E00D4B0D4A1A6000BF0A4B9B681B09B7
:1003000003F00F030B4AD35C3B61074B1A683B6950
:1003100022FA03F3044A136000BF1C37BD4680BCB9
:10032000704700BF00380240000000200024F400A5
:1003300000127A00B076010880B500AF0E4B1B6842
:100340000D4A43F4007313600B4B1B680A4A43F4D5
:1003500080631360084B1B68074A43F48073136083
:10036000032001F071FC0F2000F042F800F034F897
:100370000023184680BD00BF003C024080B500AF9E
:10038000114B124A1A62104B00221A620E4B104A8D
:100390005A620D4B00225A620B4B0E4A1A610A4BED
:1003A00000221A61084BC1225A61074B00225A6190
:1003B000054B01229A61044B00229A6100F012F869
:1003C0000023184680BD00BF00380240FFC9FEF67A
:1003D00033797704FF11602280B400AF00BFBD46BF
:1003E00080BC704780B400AF00BFBD4680BC704782
:1003F00080B582B000AF7860124B1A68124B1B7840
:1004000019464FF47A73B3FBF1F3B2FBF3F31846DA
:1004100001F061FC0346002B01D001230EE07B6854
:100420000F2B0AD8002279684FF0FF3001F017FC3B
:10043000064A7B681360002300E001231846083752
:10044000BD4680BD00000020080000200400002000
:1004500080B400AF054B1B781A46054B1B6813444C
:10046000034A136000BFBD4680BC704708000020EF
:100470006404002080B400AF024B1B681846BD46E0
:1004800080BC70476404002080B400AF024B1B683E
:100490001846BD4680BC70470400002080B584B07B
:1004A00000AF0346FB710023FB730E4B1B78FA79F8
:1004B0009A4212D00B4B1B78BB730A4AFB7913701C
:1004C000094B1B681846FFF793FF0346FB73FB7B42
:1004D000002B02D0034ABB7B1370FB7B18461037FE
:1004E000BD4680BD080000200400002080B400AF9D
:1004F000024B1B781846BD4680BC704708000020A0
:1005000080B584B000AF7860FFF7B4FFB8607B6857
:10051000FB60FB68B3F1FF3F05D00A4B1B781A461E
:10052000FB681344FB6000BFFFF7A4FF0246BB68F3
:10053000D31AFA689A42F7D800BF00BF1037BD46F9
:1005400080BD00BF0800002080B400AF044B1B68D2
:10055000034A23F00203136000BFBD4680BC70470E
:1005600010E000E080B400AF044B1B68034A43F086
:100570000203136000BFBD4680BC704710E000E07E
:1005800080B400AF024B1846BD4680BC704700BF28
:100590000002080180B400AF034B1B681B0C184617
:1005A000BD4680BC704700BF002004E080B400AFAF
:1005B000034B1B68C3F30B031846BD4680BC704752
:1005C000002004E080B400AF044B5B68034A43F0B2
:1005D0000103536000BFBD4680BC7047002004E0AB
:1005E00080B400AF044B5B68034A23F001035360FF
:1005F00000BFBD4680BC7047002004E080B400AF5F
:10060000044B5B68034A43F00203536000BFBD46DE
:1006100080BC7047002004E080B400AF044B5B68EE
:10062000034A23F00203536000BFBD4680BC7047FD
:10063000002004E080B400AF044B5B68034A43F041
:100640000403536000BFBD4680BC7047002004E037
:1006500080B400AF044B5B68034A23F0040353608B
:1006600000BFBD4680BC7047002004E080B400AFEE
:10067000034B01221A6000BFBD4680BC704700BF1B
:100680000004274280B400AF034B00221A6000BF71
:10069000BD4680BC704700BF0004274280B400AF55
:1006A000024B1B681846BD4680BC7047107AFF1F7E
:1006B00080B400AF024B1B681846BD4680BC704733
:1006C000147AFF1F80B400AF024B1B681846BD466A
:1006D00080BC7047187AFF1F80B584B000AF786087
:1006E0007B68002B01D10123EDE07B6893F820307B
:1006F000DBB2002B02D1786815F0CEFE7B681B6858
:100700001A687B681B6842F001021A60FFF7B2FEAC
:10071000F86012E0FFF7AEFE0246FB68D31A0A2B20
:100720000BD97B685B6A43F400327B685A627B6852
:10073000052283F820200123C5E07B681B685B68E5
:1007400003F00103002BE5D07B681B681A687B6807
:100750001B6822F002021A60FFF78CFEF86012E0BC
:10076000FFF788FE0246FB68D31A0A2B0BD97B6879
:100770005B6A43F400327B685A627B68052283F827
:10078000202001239FE07B681B685B6803F0020365
:10079000002BE5D17B681B7E012B08D17B681B6891
:1007A0001A687B681B6842F080021A6007E07B6869
:1007B0001B681A687B681B6822F080021A607B68DD
:1007C0005B7E012B08D17B681B681A687B681B68FD
:1007D00042F040021A6007E07B681B681A687B6879
:1007E0001B6822F040021A607B689B7E012B08D1B7
:1007F0007B681B681A687B681B6842F020021A60DD
:1008000007E07B681B681A687B681B6822F020027F
:100810001A607B68DB7E012B08D17B681B681A6835
:100820007B681B6822F010021A6007E07B681B6877
:100830001A687B681B6842F010021A607B681B7F95
:10084000012B08D17B681B681A687B681B6842F023
:1008500008021A6007E07B681B681A687B681B68DF
:1008600022F008021A607B685B7F012B08D17B684D
:100870001B681A687B681B6842F004021A6007E074
:100880007B681B681A687B681B6822F004021A6088
:100890007B689A687B68DB681A437B681B691A432C
:1008A0007B685B6942EA03017B685B685A1E7B6870
:1008B0001B680A43DA617B6800225A627B68012266
:1008C00083F82020002318461037BD4680BD80B530
:1008D00082B000AF78607B68002B01D1012315E066
:1008E000786800F04DF9786800F01DF87B681B68A7
:1008F0001A687B681B6842F400421A607B68002219
:100900005A627B68002283F82020002318460837AB
:10091000BD4680BD80B483B000AF786000BF0C37A7
:10092000BD4680BC704780B483B000AF786000BF24
:100930000C37BD4680BC704780B487B000AF78608C
:1009400039607B681B687B617B6893F82030FB749F
:10095000FB7C012B03D0FB7C022B40F0BE80654B5F
:100960007B617B69D3F8003243F001027B69C3F8F5
:1009700000227B69D3F8003223F47C527B69C3F8F0
:1009800000227B69D3F800223B685B6A1B021A4392
:100990007B69C3F800223B685B6903F01F030122F7
:1009A00002FA03F3FB607B69D3F81C22FB68DB438C
:1009B0001A407B69C3F81C223B68DB69002B23D1FA
:1009C0007B69D3F80C22FB68DB431A407B69C3F8D0
:1009D0000C223B68DB6819043B685B689BB23A6891
:1009E000526919437B69483243F832103B689B686F
:1009F00019043B681B689AB23B685B690A437969D2
:100A00004833DB000B445A603B68DB69012B22D181
:100A10007B69D3F80C22FB681A437B69C3F80C226C
:100A20003B681B6819043B685B689BB23A68526973
:100A300019437B69483243F832103B689B681904BC
:100A40003B68DB689AB23B685B690A437969483363
:100A5000DB000B445A603B689B69002B09D17B6922
:100A6000D3F80422FB68DB431A407B69C3F80422F5
:100A700007E07B69D3F80422FB681A437B69C3F85B
:100A800004223B681B69002B09D17B69D3F814222F
:100A9000FB68DB431A407B69C3F8142207E07B69DB
:100AA000D3F81422FB681A437B69C3F814223B680D
:100AB0001B6A012B07D17B69D3F81C22FB681A4300
:100AC0007B69C3F81C227B69D3F8003223F0010252
:100AD0007B69C3F80022002306E07B685B6A43F46D
:100AE00080227B685A62012318461C37BD4680BCB1
:100AF000704700BF0064004080B584B000AF7860EC
:100B00007B6893F82030DBB2012B2ED17B68022268
:100B100083F820207B681B681A687B681B6822F0BA
:100B200001021A60FFF7A6FCF86012E0FFF7A2FCD2
:100B30000246FB68D31A0A2B0BD97B685B6A43F425
:100B400000327B685A627B68052283F820200123EB
:100B500012E07B681B685B6803F00103002BE5D1A2
:100B60007B6800225A62002306E07B685B6A43F4DC
:100B700000227B685A62012318461037BD4680BDAB
:100B800080B584B000AF78607B6893F82030DBB22A
:100B9000022B33D17B681B681A687B681B6842F0A4
:100BA00001021A60FFF766FCF86012E0FFF762FCD2
:100BB0000246FB68D31A0A2B0BD97B685B6A43F4A5
:100BC00000327B685A627B68052283F8202001236B
:100BD0001BE07B681B685B6803F00103002BE5D01A
:100BE0007B681B681A687B681B6822F002021A6027
:100BF0007B68012283F82020002306E07B685B6A83
:100C000043F480127B685A62012318461037BD46B0
:100C100080BD80B485B000AF78607B6893F82030E9
:100C2000FB73FB7B012B02D0FB7B022B09D17B6882
:100C30001B681A687B681B6842F002021A60002376
:100C400006E07B685B6A43F480227B685A6201237A
:100C500018461437BD4680BC704780B485B000AFDD
:100C600078600023BB607B6893F82030FB73FB7BCC
:100C7000012B02D0FB7B022B1FD17B681B681A68FB
:100C80007B681B6822F002021A60BB680133BB60FC
:100C9000BB68104A934207D97B685B6A43F4003211
:100CA0007B685A6201230FE07B681B685B6803F076
:100CB0000203002BE9D1002306E07B685B6A43F462
:100CC00080227B685A62012318461437BD4680BCD7
:100CD000704700BF40420F0080B485B000AF78601D
:100CE0000023FB607B6893F82030FB72FB7A012BBA
:100CF00002D0FB7A022B08D17B681B685B6803F08B
:100D00000203002B01D00123FB60FB681846143757
:100D1000BD4680BC704780B489B000AFF860B96050
:100D20007A603B60FB6893F82030FB77FB681B68B8
:100D30009B68BB61FB7F012B03D0FB7F022B40F044
:100D4000AD80BB6903F08063002B0AD1BB6903F05F
:100D50000063002B05D1BB6903F08053002B00F02A
:100D60009580BB691B0E03F003037B6101227B6945
:100D70009A403B681A60BB689B68002B0DD1BB682A
:100D80001B685A05BB68DB68F96809681A437B6908
:100D900018331B010B441A600FE0BB685B68DA0074
:100DA000BB689B681A43BB68DB68F96809681A432B
:100DB0007B6918331B010B441A60FB681968BB6818
:100DC0001A697B6918331B010B4404331A60BB6832
:100DD0001B7D012B11D1FB681A687B6918331B013D
:100DE000134404331B68FA68116843F480727B690A
:100DF00018331B010B4404331A607B6807331B78DC
:100E00001A067B6806331B781B041A437B6805337C
:100E10001B781B0213437A68043212781046FA6872
:100E2000116843EA00027B691B010B4403F5C6739A
:100E30001A607B6803331B781A067B6802331B78C1
:100E40001B041A437B6801331B781B0213437A6827
:100E500012781046FA68116843EA00027B691B01A8
:100E60000B4403F5C4731A60FB681A687B69183376
:100E70001B0113441B68FA68116843F001027B6987
:100E800018331B010B441A6000230EE0FB685B6AF9
:100E900043F40012FB685A62012306E0FB685B6AB8
:100EA00043F48022FB685A62012318462437BD466A
:100EB00080BC704780B485B000AF786039607B68D3
:100EC00093F82030FB73FB7B012B02D0FB7B022BC2
:100ED00028D13B6803F00103002B07D07B681B6817
:100EE0009A687B681B6842F080029A603B6803F056
:100EF0000203002B07D07B681B689A687B681B681D
:100F000042F400429A603B6803F00403002B07D0D0
:100F10007B681B689A687B681B6842F400029A60D1
:100F2000002306E07B685B6A43F480227B685A6298
:100F3000012318461437BD4680BC704780B485B085
:100F400000AF78600023FB607B6893F82030FB7271
:100F5000FB7A012B02D0FB7A022B1DD17B681B6828
:100F60009B6803F08063002B02D0FB680133FB60B9
:100F70007B681B689B6803F00063002B02D0FB6852
:100F80000133FB607B681B689B6803F08053002B78
:100F900002D0FB680133FB60FB6818461437BD467E
:100FA00080BC704780B485B000AF786039600023A2
:100FB000FB607B6893F82030FB72FB7A012B02D038
:100FC000FB7A022B0BD17B681B689A683B689B06F7
:100FD0001A403B689B069A4201D00123FB60FB68E4
:100FE00018461437BD4680BC704780B489B000AF46
:100FF000786039600023FB617B6893F82030FB76D2
:10100000FB7E012B02D0FB7E022B1CD13B68FB60D8
:10101000FB6893FAA3F3BB60BB683B613B69002BA1
:1010200001D1202303E03B69B3FA83F3DBB27B6198
:101030007B681A687B6918331B01134404331B68EF
:101040001B0C9BB2FB61FB6918462437BD4680BC74
:10105000704780B487B000AFF860B9607A603B60D9
:10106000FB6893F82030FB75FB7D012B03D0FB7DE3
:10107000022B40F00381BB68002B0ED1FB681B687C
:10108000DB6803F00303002B16D1FB685B6A43F4B3
:101090000012FB685A620123F7E0FB681B681B69BA
:1010A00003F00303002B07D1FB685B6A43F40012D3
:1010B000FB685A620123E8E0FB681A68BB681B33CF
:1010C0001B0113441B6803F004027B689A607B6871
:1010D0009B68002B0CD1FB681A68BB681B331B0193
:1010E00013441B685B0DC3F30A027B681A600BE0B4
:1010F000FB681A68BB681B331B0113441B68DB08C1
:1011000023F060427B685A60FB681A68BB681B3337
:101110001B0113441B6803F002027B68DA60FB6862
:101120001A68BB681B331B01134404331B6803F0AC
:101130000803002B03D07B6808221A610BE0FB68D0
:101140001A68BB681B331B01134404331B6803F08C
:101150000F027B681A61FB681A68BB681B331B01AE
:10116000134404331B681B0ADAB27B689A61FB687C
:101170001A68BB681B331B01134404331B681B0C28
:101180009AB27B685A61FB681A68BB681B011344FA
:1011900003F5DC731B68DAB23B681A70FB681A68E7
:1011A000BB681B01134403F5DC731B681A0A3B6818
:1011B0000133D2B21A70FB681A68BB681B01134472
:1011C00003F5DC731B681A0C3B680233D2B21A7049
:1011D000FB681A68BB681B01134403F5DC731B68CA
:1011E0001A0E3B680333D2B21A70FB681A68BB68E8
:1011F0001B01134403F5DE731A683B680433D2B253
:101200001A70FB681A68BB681B01134403F5DE7390
:101210001B681A0A3B680533D2B21A70FB681A6859
:10122000BB681B01134403F5DE731B681A0C3B6893
:101230000633D2B21A70FB681A68BB681B011344EC
:1012400003F5DE731B681A0E3B680733D2B21A70BF
:10125000BB68002B08D1FB681B68DA68FB681B6859
:1012600042F02002DA6007E0FB681B681A69FB683D
:101270001B6842F020021A61002306E0FB685B6AEB
:1012800043F48022FB685A62012318461C37BD468E
:1012900080BC704780B485B000AF786039600023AF
:1012A000FB607B6893F82030FB72FB7A012B02D045
:1012B000FB7A022B0FD13B68002B06D17B681B68A1
:1012C000DB6803F00303FB6005E07B681B681B69B8
:1012D00003F00303FB60FB6818461437BD4680BC6F
:1012E000704780B485B000AF786039607B6893F850
:1012F0002030FB73FB7B012B02D0FB7B022B09D13F
:101300007B681B6859697B681B683A680A435A61A5
:10131000002306E07B685B6A43F480227B685A62A4
:10132000012318461437BD4680BC704780B485B091
:1013300000AF786039607B6893F82030FB73FB7BEB
:10134000012B02D0FB7B022B0AD17B681B685969F9
:101350003B68DA437B681B680A405A61002306E059
:101360007B685B6A43F480227B685A6201231846DB
:101370001437BD4680BC704780B58AB000AF786036
:1013800000237B627B681B685B693B627B681B6830
:101390005B68FB617B681B689B68BB617B681B6843
:1013A000DB687B617B681B681B693B617B681B6832
:1013B0009B69FB603B6A03F00103002B7CD0BB6997
:1013C00003F00103002B23D07B681B6801229A6085
:1013D000BB6903F00203002B03D078680EF034F9E8
:1013E00016E0BB6903F00403002B04D07B6A43F4CE
:1013F00000637B620CE0BB6903F00803002B04D0A0
:101400007B6A43F480537B6202E0786800F086F9DF
:10141000BB6903F48073002B24D07B681B684FF4F6
:1014200080729A60BB6903F40073002B03D0786864
:101430000EF01AF916E0BB6903F48063002B04D0A8
:101440007B6A43F400537B620CE0BB6903F40063E6
:10145000002B04D07B6A43F480437B6202E078680F
:1014600000F065F9BB6903F48033002B24D07B685E
:101470001B684FF480329A60BB6903F40033002B81
:1014800003D078680EF000F916E0BB6903F48023FE
:10149000002B04D07B6A43F400437B620CE0BB6901
:1014A00003F40023002B04D07B6A43F480337B6277
:1014B00002E0786800F044F93B6A03F00803002B6F
:1014C0000CD07B6903F01003002B07D07B6A43F438
:1014D00000737B627B681B681022DA603B6A03F052
:1014E0000403002B0BD07B6903F00803002B06D00C
:1014F0007B681B680822DA60786800F033F93B6A81
:1015000003F00203002B09D07B681B68DB6803F043
:101510000303002B02D078680EF02EF83B6A03F02C
:101520004003002B0CD03B6903F01003002B07D0C5
:101530007B6A43F480637B627B681B6810221A61BC
:101540003B6A03F02003002B0BD03B6903F0080338
:10155000002B06D07B681B6808221A61786800F0AF
:1015600013F93B6A03F01003002B09D07B681B685A
:101570001B6903F00303002B02D078680EF009F812
:101580003B6A03F40033002B0BD0FB6903F010031C
:10159000002B06D07B681B6810225A60786800F028
:1015A000FCF83B6A03F48033002B0BD0FB6903F09B
:1015B0000803002B06D07B681B6808225A607868F5
:1015C00000F0F4F83B6A03F40043002B7BD0FB6986
:1015D00003F00403002B72D03B6A03F48073002BEA
:1015E00008D0FB6803F00103002B03D07B6A43F0B3
:1015F00001037B623B6A03F40073002B08D0FB6895
:1016000003F00203002B03D07B6A43F002037B62EA
:101610003B6A03F48063002B08D0FB6803F00403EB
:10162000002B03D07B6A43F004037B623B6A03F424
:101630000063002B43D0FB6803F07003002B3ED007
:10164000FB6803F07003602B2BD0602B2ED8502B3F
:1016500022D0502B2AD8402B19D0402B26D8302B03
:1016600010D0302B22D8102B02D0202B05D01DE01B
:101670007B6A43F008037B6219E07B6A43F0100346
:101680007B6214E07B6A43F020037B620FE07B6A9D
:1016900043F040037B620AE07B6A43F080037B6295
:1016A00005E07B6A43F480737B6200E000BF7B68E7
:1016B0001B689A697B681B6822F070029A617B68DC
:1016C0001B6804225A607B6A002B08D07B685A6A28
:1016D0007B6A1A437B685A62786800F070F800BF32
:1016E0002837BD4680BD80B483B000AF786000BFAE
:1016F0000C37BD4680BC704780B483B000AF7860C3
:1017000000BF0C37BD4680BC704780B483B000AFCB
:10171000786000BF0C37BD4680BC704780B483B092
:1017200000AF786000BF0C37BD4680BC704780B406
:1017300083B000AF786000BF0C37BD4680BC7047F7
:1017400080B483B000AF786000BF0C37BD4680BC6A
:10175000704780B483B000AF786000BF0C37BD46DF
:1017600080BC704780B483B000AF786000BF0C3796
:10177000BD4680BC704780B483B000AF786000BFC6
:101780000C37BD4680BC704780B483B000AF786032
:1017900000BF0C37BD4680BC704780B483B000AF3B
:1017A000786000BF0C37BD4680BC704780B483B002
:1017B00000AF786000BF0C37BD4680BC704780B476
:1017C00083B000AF786000BF0C37BD4680BC704767
:1017D00080B485B000AF78607B6893F82030FB73ED
:1017E000FB7B012B02D0FB7B022B12D17B681B6899
:1017F0005B6803F00203002B02D00423FB7308E0B4
:101800007B681B681B6803F00203002B01D00323D5
:10181000FB73FB7B18461437BD4680BC704780B411
:1018200083B000AF78607B685B6A18460C37BD46B2
:1018300080BC704780B485B000AF78600023FB7334
:101840007B6893F82030BB73BB7B012B02D0BB7B42
:10185000022B03D17B6800225A6207E07B685B6A37
:1018600043F480227B685A620123FB73FB7B18469A
:101870001437BD4680BC704780B485B000AF786037
:101880007B6803F00703FB600C4BDB68BB60BA6846
:101890004FF6FF031340BB60FB681A02BB6813439B
:1018A00043F0BF6343F40033BB60044ABB68D360BA
:1018B00000BF1437BD4680BC704700BF00ED00E09C
:1018C00080B400AF044BDB681B0A03F00703184623
:1018D000BD4680BC704700BF00ED00E080B483B01F
:1018E00000AF0346FB7197F90730002B0BDBFB7948
:1018F00003F01F02064997F907305B09012000FA3F
:1019000002F241F8232000BF0C37BD4680BC70476F
:1019100000E100E080B483B000AF0346FB7197F9AB
:101920000730002B12DBFB7903F01F020A4997F9FD
:1019300007305B09012000FA02F2203341F823202E
:10194000BFF34F8F00BFBFF36F8F00BF00BF0C37D7
:10195000BD4680BC704700BF00E100E080B483B0AA
:1019600000AF0346FB7197F90730002B0EDB0A4AE4
:1019700097F907305B09403352F82320FB7903F0D5
:101980001F0322FA03F303F0010300E000231846CB
:101990000C37BD4680BC704700E100E080B483B0E6
:1019A00000AF0346FB7197F90730002B0CDBFB7986
:1019B00003F01F02074997F907305B09012000FA7D
:1019C00002F2403341F8232000BF0C37BD4680BCF3
:1019D000704700BF00E100E080B483B000AF034671
:1019E000FB7197F90730002B0CDBFB7903F01F022A
:1019F000074997F907305B09012000FA02F26033CA
:101A000041F8232000BF0C37BD4680BC704700BFA3
:101A100000E100E080B483B000AF0346FB7197F9AA
:101A20000730002B0EDB0A4A97F907305B09803339
:101A300052F82320FB7903F01F0322FA03F303F08B
:101A4000010300E0002318460C37BD4680BC7047F8
:101A500000E100E080B483B000AF03463960FB7161
:101A600097F90730002B0ADB3B68DAB20C4997F98B
:101A700007301201D2B20B4483F800230AE03B681E
:101A8000DAB20849FB7903F00F03043B1201D2B22A
:101A90000B441A7600BF0C37BD4680BC704700BFB0
:101AA00000E100E000ED00E080B483B000AF034649
:101AB000FB7197F90730002B09DB0C4A97F90730C7
:101AC000134493F80033DBB21B09DBB209E0084A88
:101AD000FB7903F00F03043B13441B7EDBB21B09AD
:101AE000DBB218460C37BD4680BC704700E100E011
:101AF00000ED00E080B489B000AFF860B9607A60B2
:101B0000FB6803F007037B617B69033B042B04D86C
:101B10007B69C3F10703FB6101E00423FB617B697F
:101B20000433062B03D97B69033BBB6101E000232F
:101B3000BB614FF0FF32FB6902FA03F3DA43BB6883
:101B40001A40BB699A404FF0FF31BB6901FA03F3B9
:101B5000D9437B680B40134318462437BD4680BCED
:101B6000704780B489B000AFF860B9607A603B60BC
:101B7000BB6803F007037B617B69033B042B04D83C
:101B80007B69C3F10703FB6101E00423FB617B690F
:101B90000433062B03D97B69033BBB6101E00023BF
:101BA000BB61FA68BB69DA404FF0FF31FB6901FAAB
:101BB00003F3DB431A407B681A604FF0FF32BB69C6
:101BC00002FA03F3DA43FB681A403B681A6000BF6D
:101BD0002437BD4680BC704780B400AFBFF34F8F41
:101BE00000BF064BDB6803F4E0620449044B134377
:101BF000CB60BFF34F8F00BF00BFFDE700ED00E0FB
:101C00000400FA0580B582B000AF78607B68013BC4
:101C1000B3F1807F01D301230FE00A4A7B68013BC7
:101C200053600F214FF0FF30FFF714FF054B0022E8
:101C30009A60044B07221A60002318460837BD46F5
:101C400080BD00BF10E000E080B582B000AF7860DA
:101C50007868FFF711FE00BF0837BD4680BD80B52C
:101C600086B000AF0346B9607A60FB7300237B61E6
:101C7000FFF726FE78617A68B9687869FFF73AFF5E
:101C8000024697F90F3011461846FFF7E3FE00BFF2
:101C90001837BD4680BD80B582B000AF0346FB71EA
:101CA00097F907301846FFF719FE00BF0837BD4601
:101CB00080BD80B582B000AF0346FB7197F9073055
:101CC0001846FFF727FE00BF0837BD4680BD80B528
:101CD00000AFFFF781FF80B582B000AF7860786811
:101CE000FFF790FF034618460837BD4680BD80B415
:101CF00000AFBFF35F8F00BF064B5B6A054A23F45A
:101D000080335362044B00225A6000BFBD4680BC42
:101D1000704700BF00ED00E090ED00E080B483B0BC
:101D200000AF78600A4A7B6843F001035360094BB7
:101D30005B6A084A43F480335362BFF34F8F00BF9E
:101D4000BFF36F8F00BF00BF0C37BD4680BC70472C
:101D500090ED00E000ED00E080B483B000AF78606B
:101D60007B685A781D4B9A607B681B78002B29D0C2
:101D70001A4A7B685B68D3607B681B7B1A077B68A9
:101D8000DB7A1B061A437B689B7ADB041A437B6869
:101D90005B7B9B041A437B689B7B5B041A437B68D9
:101DA000DB7B1B041A437B685B7A1B021A437B684C
:101DB0001B7A5B0013437A6812781146074A0B437B
:101DC000136105E0054B0022DA60044B00221A6122
:101DD00000BF0C37BD4680BC704700BF90ED00E0EF
:101DE00080B400AF40BF20BF00BFBD4680BC70477D
:101DF00080B500AFFFF764FD0346184680BD80B58F
:101E000084B000AFB9607A603B600346FB7397F91A
:101E10000F301846FFF748FE3B687A68B968FFF74D
:101E2000A0FE00BF1037BD4680BD80B582B000AFB8
:101E30000346FB7197F907301846FFF7AFFD00BF67
:101E40000837BD4680BD80B582B000AF0346FB7148
:101E500097F907301846FFF781FD03461846083703
:101E6000BD4680BD80B582B000AF0346FB7197F9D7
:101E700007301846FFF7B0FD00BF0837BD4680BDEC
:101E800080B582B000AF0346FB7197F90730184662
:101E9000FFF7C0FD034618460837BD4680BD80B435
:101EA00083B000AF78607B68042B06D1084B1B68B9
:101EB000074A43F00403136005E0054B1B68044A1E
:101EC00023F00403136000BF0C37BD4680BC70478D
:101ED00010E000E080B500AF00F002F800BF80BD68
:101EE00080B400AF00BFBD4680BC704780B489B0ED
:101EF00000AF7860396000237B6100233B610023E1
:101F0000BB610023FB616BE10122FB6902FA03F371
:101F10007B613B681B687A6913403B613A697B6966
:101F20009A4240F05A813B685B6803F00303012B3F
:101F300005D03B685B6803F00303022B30D17B685C
:101F40009B68BB61FB695B00032202FA03F3DB437E
:101F5000BA691340BB613B68DA68FB695B0002FA4F
:101F600003F3BA691343BB617B68BA699A607B6803
:101F70005B68BB610122FB6902FA03F3DB43BA69C8
:101F80001340BB613B685B681B0903F00102FB69FE
:101F900002FA03F3BA691343BB617B68BA695A60FA
:101FA0003B685B6803F00303032B17D07B68DB6897
:101FB000BB61FB695B00032202FA03F3DB43BA69EE
:101FC0001340BB613B689A68FB695B0002FA03F34C
:101FD000BA691343BB617B68BA69DA603B685B68C6
:101FE00003F00303022B23D1FB69DA087B68083274
:101FF00053F82230BB61FB6903F007039B000F22FB
:1020000002FA03F3DB43BA691340BB613B681A6908
:10201000FB6903F007039B0002FA03F3BA69134359
:10202000BB61FB69DA087B680832B96943F82210A2
:102030007B681B68BB61FB695B00032202FA03F348
:10204000DB43BA691340BB613B685B6803F0030282
:10205000FB695B0002FA03F3BA691343BB617B6857
:10206000BA691A603B685B6803F44033002B00F0E8
:10207000B4800023FB605F4B5B6C5E4A43F480439B
:1020800053645C4B5B6C03F48043FB60FB685A4A0F
:10209000FB699B08023352F82330BB61FB6903F0F4
:1020A00003039B000F2202FA03F3DB43BA691340D8
:1020B000BB617B68514A93422BD07B68504A934264
:1020C00025D07B684F4A93421FD07B684E4A93428B
:1020D00019D07B684D4A934213D07B684C4A934297
:1020E0000DD07B684B4A934207D07B684A4A9342A3
:1020F00001D107230EE008230CE006230AE00523A4
:1021000008E0042306E0032304E0022302E00123A5
:1021100000E00023FA6902F0030292009340BA69DA
:102120001343BB613449FB699B080233BA6941F828
:1021300023203A4B9B68BB613B69DB43BA69134080
:10214000BB613B685B6803F48013002B03D0BA6962
:102150003B691343BB61314ABB6993602F4BDB681A
:10216000BB613B69DB43BA691340BB613B685B6899
:1021700003F40013002B03D0BA693B691343BB611E
:10218000264ABB69D360254B5B68BB613B69DB4377
:10219000BA691340BB613B685B6803F40033002BF2
:1021A00003D0BA693B691343BB611C4ABB695360E6
:1021B0001A4B1B68BB613B69DB43BA691340BB61C7
:1021C0003B685B6803F48033002B03D0BA693B693A
:1021D0001343BB61114ABB691360FB690133FB61A7
:1021E000FB690F2B7FF690AE00BF00BF2437BD46C2
:1021F00080BC7047003802400038014000000240B7
:102200000004024000080240000C0240001002409E
:102210000014024000180240001C0240003C014033
:1022200080B487B000AF7860396000233B61002341
:10223000FB600023BB6000237B61CDE001227B6952
:1022400002FA03F33B613A683B691340FB60FA68AA
:102250003B699A4240F0BD80644A7B699B08023327
:1022600052F82330BB607B6903F003039B000F220D
:1022700002FA03F3BA681340BB607B685C4A93427E
:102280002BD07B685B4A934225D07B685A4A9342A5
:102290001FD07B68594A934219D07B68584A9342B1
:1022A00013D07B68574A93420DD07B68564A9342BD
:1022B00007D07B68554A934201D107230EE00823DB
:1022C0000CE006230AE0052308E0042306E00323CC
:1022D00004E0022302E0012300E000237A6902F017
:1022E000030292009340BA689A4232D1484B1A686E
:1022F000FB68DB43464913400B60454B5A68FB685B
:10230000DB43434913404B60414BDA68FB68DB43D6
:102310003F491340CB603E4B9A68FB68DB433C4926
:1023200013408B607B6903F003039B000F2202FACA
:1023300003F3BB602D4A7B699B08023352F82310DC
:10234000BB68DA4329487B699B080A40023340F89E
:1023500023207B681A687B695B00032101FA03F381
:10236000DB431A407B681A607B69DA087B680832B5
:1023700053F822107B6903F007039B000F2202FA37
:1023800003F3DB437A69D20819407B68083243F8CB
:1023900022107B68DA687B695B00032101FA03F392
:1023A000DB431A407B68DA607B685A6801217B69ED
:1023B00001FA03F3DB431A407B685A607B689A6832
:1023C0007B695B00032101FA03F3DB431A407B685E
:1023D0009A607B6901337B617B690F2B7FF62EAF9F
:1023E00000BF00BF1C37BD4680BC704700380140AD
:1023F000000002400004024000080240000C0240BD
:10240000001002400014024000180240001C02406C
:10241000003C014080B485B000AF78600B467B8003
:102420007B681A697B881340002B02D00123FB7361
:1024300001E00023FB73FB7B18461437BD4680BCCC
:10244000704780B483B000AF78600B467B80134642
:102450007B707B78002B03D07A887B689A6103E0DD
:102460007B881A047B689A6100BF0C37BD4680BC2C
:10247000704780B485B000AF78600B467B807B6886
:102480005B69FB607A88FB6813401A04FB68D943D8
:102490007B880B401A437B689A6100BF1437BD46A6
:1024A00080BC704780B485B000AF78600B467B80FD
:1024B0004FF48033FB607A88FB681343FB60FA6853
:1024C0007B68DA617A887B68DA61FA687B68DA614E
:1024D0007B68DB69FB607B68DB6903F48033002B7E
:1024E00001D0002300E0012318461437BD4680BC0C
:1024F000704780B582B000AF0346FB80084B5A6935
:10250000FB881340002B06D0054AFB885361FB88EB
:10251000184600F007F800BF0837BD4680BD00BF71
:10252000003C014080B483B000AF0346FB8000BF95
:102530000C37BD4680BC704780B400AF00231846FE
:10254000BD4680BC704780B586B000AF78607B68C0
:10255000002B01D1012368E27B681B6803F00103B3
:10256000002B75D0884B9B6803F00C03042B0CD018
:10257000854B9B6803F00C03082B12D1824B5B68E0
:1025800003F48003B3F5800F0BD17F4B1B6803F47A
:102590000033002B5BD07B685B68002B57D1012395
:1025A00043E27B685B68B3F5803F06D1764B1B68DE
:1025B000754A43F4803313601DE07B685B68B3F5B4
:1025C000A02F0CD1704B1B686F4A43F4802313601B
:1025D0006D4B1B686C4A43F4803313600BE06A4B0D
:1025E0001B68694A23F480331360674B1B68664A93
:1025F00023F4802313607B685B68002B13D0FDF706
:1026000039FF386108E0FDF735FF02463B69D31A10
:10261000642B01D9032308E25B4B1B6803F40033EE
:10262000002BF0D014E0FDF725FF386108E0FDF73E
:1026300021FF02463B69D31A642B01D90323F4E13D
:10264000514B1B6803F40033002BF0D100E000BFB6
:102650007B681B6803F00203002B63D04A4B9B6826
:1026600003F00C03002B0BD0474B9B6803F00C03CB
:10267000082B1CD1444B5B6803F48003002B16D15C
:10268000414B1B6803F00203002B05D07B68DB681D
:10269000012B01D00123C8E13B4B1B6823F0F8025A
:1026A0007B681B69DB00384913430B603AE07B68A9
:1026B000DB68002B20D0354B01221A60FDF7DAFED3
:1026C000386108E0FDF7D6FE02463B69D31A022BBB
:1026D00001D90323A9E12C4B1B6803F00203002B53
:1026E000F0D0294B1B6823F0F8027B681B69DB00E4
:1026F000254913430B6015E0244B00221A60FDF7B7
:10270000B9FE386108E0FDF7B5FE02463B69D31A11
:10271000022B01D9032388E11B4B1B6803F0020342
:10272000002BF0D17B681B6803F00803002B37D027
:102730007B685B69002B16D0154B01221A60FDF7F0
:1027400099FE386108E0FDF795FE02463B69D31A11
:10275000022B01D9032368E10B4B5B6F03F00203EB
:10276000002BF0D01CE00A4B00221A60FDF782FE1D
:1027700038610FE0FDF77EFE02463B69D31A022B5B
:1027800008D9032351E100BF00380240000047424E
:10279000800E4742884B5B6F03F00203002BE9D1A8
:1027A0007B681B6803F00403002B00F09780002374
:1027B000FB75814B1B6C03F08053002B0FD1002362
:1027C000BB607D4B1B6C7C4A43F0805313647A4B97
:1027D0001B6C03F08053BB60BB680123FB75774B18
:1027E0001B6803F48073002B18D1744B1B68734A69
:1027F00043F480731360FDF73DFE386108E0FDF798
:1028000039FE02463B69D31A022B01D903230CE19E
:102810006A4B1B6803F48073002BF0D07B689B68C5
:10282000012B06D1644B1B6F634A43F0010313670E
:102830001CE07B689B68052B0CD15F4B1B6F5E4ACD
:1028400043F0040313675C4B1B6F5B4A43F00103C7
:1028500013670BE0584B1B6F574A23F001031367B4
:10286000554B1B6F544A23F0040313677B689B6826
:10287000002B15D0FDF7FEFD38610AE0FDF7FAFDEB
:1028800002463B69D31A41F28832934201D90323AD
:10289000CBE0494B1B6F03F00203002BEED014E09A
:1028A000FDF7E8FD38610AE0FDF7E4FD02463B690B
:1028B000D31A41F28832934201D90323B5E03E4B4B
:1028C0001B6F03F00203002BEED1FB7D012B05D122
:1028D000394B1B6C384A23F0805313647B689B6927
:1028E000002B00F0A180344B9B6803F00C03082BF5
:1028F0005CD07B689B69022B41D1314B00221A606E
:10290000FDF7B8FD386108E0FDF7B4FD02463B690C
:10291000D31A022B01D9032387E0274B1B6803F04E
:102920000073002BF0D17B68DA697B681B6A1A435D
:102930007B685B6A9B011A437B689B6A5B08013B6F
:102940001B041A437B68DB6A1B061B4913434B605D
:102950001B4B01221A60FDF78DFD386108E0FDF781
:1029600089FD02463B69D31A022B01D903235CE09F
:10297000114B1B6803F00073002BF0D054E0104B98
:1029800000221A60FDF776FD386108E0FDF772FD60
:1029900002463B69D31A022B01D9032345E0064BBB
:1029A0001B6803F00073002BF0D13DE07B689B694E
:1029B000012B07D1012338E00038024000700040AD
:1029C000600047421B4B5B68FB607B689B69012B87
:1029D00028D0FB6803F480027B68DB699A4221D12E
:1029E000FB6803F03F027B681B6A9A421AD1FA68BF
:1029F00047F6C07313407A68526A9201934211D12C
:102A0000FB6803F440327B689B6A5B08013B1B0454
:102A10009A4207D1FB6803F070627B68DB6A1B0691
:102A20009A4201D0012300E0002318461837BD4622
:102A300080BD00BF0038024080B584B000AF786030
:102A400039607B68002B01D10123CCE0684B1B6807
:102A500003F007033A689A420CD9654B3A68D2B240
:102A60001A70634B1B6803F007033A689A4201D05F
:102A70000123B8E07B681B6803F00203002B20D021
:102A80007B681B6803F00403002B05D0594B9B683F
:102A9000584A43F4E05393607B681B6803F00803D3
:102AA000002B05D0534B9B68524A43F4604393601C
:102AB000504B9B6823F0F0027B689B684D491343A1
:102AC0008B607B681B6803F00103002B44D07B689C
:102AD0005B68012B07D1474B1B6803F40033002BC5
:102AE00019D101237FE07B685B68022B03D07B68F0
:102AF0005B68032B07D13F4B1B6803F00073002B6F
:102B000009D101236FE03B4B1B6803F00203002B4C
:102B100001D1012367E0374B9B6823F003027B68F8
:102B20005B68344913438B60FDF7A4FCF8600AE04E
:102B3000FDF7A0FC0246FB68D31A41F288329342AB
:102B400001D903234FE02B4B9B6803F00C027B68F9
:102B50005B689B009A42EBD1254B1B6803F007038F
:102B60003A689A420CD2224B3A68D2B21A70204B81
:102B70001B6803F007033A689A4201D0012332E050
:102B80007B681B6803F00403002B08D0194B9B687B
:102B900023F4E0527B68DB68164913438B607B6843
:102BA0001B6803F00803002B09D0124B9B6823F429
:102BB00060427B681B69DB000E4913438B6000F0A9
:102BC000A1F802460B4B9B681B0903F00F030A494F
:102BD000CB5C22FA03F3094A1360094B1B681846C1
:102BE000FDF706FC002318461037BD4680BD00BF28
:102BF000003C024000380240B0760108000000208E
:102C00000400002080B58CB000AFF860B9607A6035
:102C1000FB68002B29D10023BB612B4B1B6B2A4A7D
:102C200043F001031363284B1B6B03F00103BB61EB
:102C3000BB694FF48073FB6102233B620323BB62D9
:102C400000237B620023FB6207F11C0319461F4827
:102C5000FFF74CF91C4B9B6823F0EC62B9687B686A
:102C60000B43194913438B6029E000237B61164B0A
:102C70001B6B154A43F004031363134B1B6B03F0E8
:102C800004037B617B694FF40073FB6102233B62A9
:102C90000323BB6200237B620023FB6207F11C035A
:102CA00019460B48FFF722F9074B9B6823F078423F
:102CB0007B68D900BB680B43034913438B6000BF9B
:102CC0003037BD4680BD00BF0038024000000240E2
:102CD0000008024080B400AF034B01221A6000BF1D
:102CE000BD4680BC704700BF4C00474280B400AF77
:102CF000034B00221A6000BFBD4680BC704700BF76
:102D00004C0047422DE9B04F94B000AF00237B64E4
:102D10000023FB6400233B640023BB64794B9B6866
:102D200003F00C03082B0DD0082B00F2E180002BE0
:102D300002D0042B03D0DBE0734BBB64DBE0734BAE
:102D4000BB64D8E06F4B5B6803F03F037B646D4B63
:102D50005B6803F48003002B63D06A4B5B689B09BC
:102D60000022BB63FA63BB6BC3F308033B6300231E
:102D70007B63D7E90C4522462B464FF000004FF00D
:102D80000001590141EAD261500102460B46214639
:102D9000511A3961294663EB01037B614FF0000250
:102DA0004FF00003D7E904AB59468B01514643EA83
:102DB000916351468A015146B2EB0108594663EBD3
:102DC00001094FF000024FF000034FEAC90343EA44
:102DD00058734FEAC80290469946234618EB0303FE
:102DE000BB602B4649EB0303FB604FF000024FF042
:102DF0000003D7E9024529464B02214643EAD15355
:102E000021464A02104619467B6C0022BB62FA62D8
:102E1000D7E90A2312F094FF02460B461346FB64DF
:102E200058E0384B5B689B09002218461146C0F3F6
:102E300008033B6200237B62D7E9088942464B4680
:102E40004FF000004FF00001590141EAD2615001FA
:102E500002460B464146B2EB010A494663EB010BC1
:102E60004FF000024FF000034FEA8B1343EA9A63DE
:102E70004FEA8A12B2EB0A0463EB0B054FF0000233
:102E80004FF00003EB0043EA5473E20014461D4682
:102E90004346E3183B604B4645EB03037B604FF032
:102EA00000024FF00003D7E9004529468B02214676
:102EB00043EA915321468A02104619467B6C002250
:102EC000BB61FA61D7E9062312F03AFF02460B46CE
:102ED0001346FB640B4B5B681B0C03F003030133CD
:102EE0005B003B64FA6C3B6CB2FBF3F3BB6402E047
:102EF000054BBB6400BFBB6C18465037BD46BDE8F0
:102F0000B08F00BF003802400024F40000127A00A5
:102F100080B400AF024B1B681846BD4680BC7047AA
:102F20000000002080B500AFFFF7F2FF0246054B1E
:102F30009B689B0A03F007030349CB5C22FA03F367
:102F4000184680BD00380240C076010880B500AF49
:102F5000FFF7DEFF0246054B9B685B0B03F00703A0
:102F60000349CB5C22FA03F3184680BD00380240C7
:102F7000C076010880B483B000AF78607B680F2210
:102F80001A60454B1B6803F48023B3F5802F04D1EE
:102F90007B684FF4A0225A600EE03F4B1B6803F49D
:102FA0008033B3F5803F04D17B684FF480325A60A0
:102FB00002E07B6800225A60374B1B6803F0010374
:102FC000012B03D17B680122DA6002E07B680022DA
:102FD000DA60314B1B68DB0803F01F027B681A6163
:102FE0002D4B1B6F03F00403042B03D17B680522D8
:102FF0009A600CE0284B1B6F03F00103012B03D1F7
:103000007B6801229A6002E07B6800229A60224B72
:103010005B6F03F00103012B03D17B6801225A612E
:1030200002E07B6800225A611B4B1B6803F080732F
:10303000B3F1807F03D17B6802229A6102E07B6852
:1030400001229A61144B5B6803F480027B68DA61A9
:10305000114B5B6803F03F027B681A620E4B5B68A2
:103060009B09C3F308027B685A620B4B5B6803F44D
:10307000403303F580335B001A0C7B689A62064B81
:103080005B681B0E03F00F027B68DA6200BF0C372F
:10309000BD4680BC704700BF0038024080B483B09A
:1030A00000AF786039607B680F221A60114B9B6813
:1030B00003F003027B685A600E4B9B6803F0F0023A
:1030C0007B689A600B4B9B6803F4E0527B68DA6084
:1030D000084B9B68DB0803F4E0527B681A61064BDF
:1030E0001B6803F007023B681A6000BF0C37BD463F
:1030F00080BC704700380240003C024080B500AF01
:10310000064BDB6803F08003802B04D100F00AF843
:10311000034B80221A7000BF80BD00BF0038024000
:103120000E38024080B400AF00BFBD4680BC70477F
:1031300080B582B000AF78607B68002B01D101239D
:1031400041E07B6893F83D30DBB2002B06D17B6811
:10315000002283F83C20786813F044F97B6802224F
:1031600083F83D207B681A687B6804331946104653
:1031700005F036F97B68012283F846207B6801223E
:1031800083F83E207B68012283F83F207B68012280
:1031900083F840207B68012283F841207B6801226C
:1031A00083F842207B68012283F843207B68012258
:1031B00083F844207B68012283F845207B68012244
:1031C00083F83D20002318460837BD4680BD80B5F2
:1031D00082B000AF78607B68022283F83D207B6874
:1031E0001B681A6A41F211131340002B0FD17B6840
:1031F0001B681A6A40F244431340002B07D17B68D6
:103200001B681A687B681B6822F001021A607868E4
:1032100000F03AF87B68002283F846207B680022A1
:1032200083F83E207B68002283F83F207B680022E1
:1032300083F840207B68002283F841207B680022CD
:1032400083F842207B68002283F843207B680022B9
:1032500083F844207B68002283F845207B680022A5
:1032600083F83D207B68002283F83C200023184629
:103270000837BD4680BD80B483B000AF786000BF22
:103280000C37BD4680BC704780B483B000AF786017
:1032900000BF0C37BD4680BC704780B485B000AF1E
:1032A00078607B6893F83D30DBB2012B01D00123BD
:1032B00046E07B68022283F83D207B681B68234A36
:1032C000934222D07B681B68B3F1804F1DD07B688E
:1032D0001B681F4A934218D07B681B681D4A9342A3
:1032E00013D07B681B681C4A93420ED07B681B6816
:1032F0001A4A934209D07B681B68194A934204D04A
:103300007B681B68174A934211D17B681B689B68D6
:1033100003F00703FB60FB68062B10D07B681B687B
:103320001A687B681B6842F001021A6007E07B683C
:103330001B681A687B681B6842F001021A60002350
:1033400018461437BD4680BC704700BF00000140DE
:103350000004004000080040000C00400004014050
:10336000004001400018004080B483B000AF786096
:103370007B681B681A6A41F211131340002B0FD1AE
:103380007B681B681A6A40F244431340002B07D144
:103390007B681B681A687B681B6822F001021A6050
:1033A0007B68012283F83D20002318460C37BD4678
:1033B00080BC704780B485B000AF78607B6893F8BC
:1033C0003D30DBB2012B01D001234EE07B680222AD
:1033D00083F83D207B681B68DA687B681B6842F0D5
:1033E0000102DA607B681B68224A934222D07B6824
:1033F0001B68B3F1804F1DD07B681B681E4A934247
:1034000018D07B681B681D4A934213D07B681B68E9
:103410001B4A93420ED07B681B681A4A934209D01C
:103420007B681B68184A934204D07B681B68174A64
:10343000934211D17B681B689B6803F00703FB6014
:10344000FB68062B10D07B681B681A687B681B68BA
:1034500042F001021A6007E07B681B681A687B680B
:103460001B6842F001021A60002318461437BD465B
:1034700080BC70470000014000040040000800408C
:10348000000C0040000401400040014000180040D2
:1034900080B483B000AF78607B681B68DA687B68B3
:1034A0001B6822F00102DA607B681B681A6A41F22D
:1034B00011131340002B0FD17B681B681A6A40F26E
:1034C00044431340002B07D17B681B681A687B6854
:1034D0001B6822F001021A607B68012283F83D20FC
:1034E000002318460C37BD4680BC704780B586B0B7
:1034F00000AFF860B9601346FB80FB6893F83D307D
:10350000DBB2022B01D102237AE0FB6893F83D3055
:10351000DBB2012B25D1BB68002B02D0FB88002B2E
:1035200001D101236CE0FB68022283F83D20FB6897
:103530001B6A354ADA63FB681B6A344A1A64FB6803
:103540001B6A334ADA64FB68186AB968FB681B684F
:103550002C331A46FB880AF0C8FD0346002B04D022
:1035600001E001234CE001234AE0FB681B68DA68B4
:10357000FB681B6842F48072DA60FB681B68254AAE
:10358000934222D0FB681B68B3F1804F1DD0FB68CB
:103590001B68214A934218D0FB681B681F4A93425C
:1035A00013D0FB681B681E4A93420ED0FB681B6851
:1035B0001C4A934209D0FB681B681B4A934204D003
:1035C000FB681B68194A934211D1FB681B689B6812
:1035D00003F007037B617B69062B10D0FB681B6837
:1035E0001A68FB681B6842F001021A6007E0FB687A
:1035F0001B681A68FB681B6842F001021A6000230E
:1036000018461837BD4680BD4D8300087B830008EF
:103610007B800008000001400004004000080040DA
:10362000000C004000040140004001400018004030
:1036300080B582B000AF78607B681B68DA687B6811
:103640001B6822F48072DA607B681B6A18460AF0F5
:1036500014FE7B681B681A6A41F211131340002B99
:103660000FD17B681B681A6A40F244431340002B59
:1036700007D17B681B681A687B681B6822F001020F
:103680001A607B68012283F83D2000231846083722
:10369000BD4680BD80B582B000AF78607B68002BEE
:1036A00001D1012341E07B6893F83D30DBB2002B70
:1036B00006D17B68002283F83C20786800F08DF802
:1036C0007B68022283F83D207B681A687B6804339C
:1036D0001946104604F084FE7B68012283F84620D8
:1036E0007B68012283F83E207B68012283F83F201B
:1036F0007B68012283F840207B68012283F8412007
:103700007B68012283F842207B68012283F84320F2
:103710007B68012283F844207B68012283F84520DE
:103720007B68012283F83D20002318460837BD46F8
:1037300080BD80B582B000AF78607B68022283F8DC
:103740003D207B681B681A6A41F211131340002B5D
:103750000FD17B681B681A6A40F244431340002B68
:1037600007D17B681B681A687B681B6822F001021E
:103770001A60786800F03AF87B68002283F84620E7
:103780007B68002283F83E207B68002283F83F207C
:103790007B68002283F840207B68002283F8412068
:1037A0007B68002283F842207B68002283F8432054
:1037B0007B68002283F844207B68002283F8452040
:1037C0007B68002283F83D207B68002283F83C2040
:1037D000002318460837BD4680BD80B483B000AFD3
:1037E000786000BF0C37BD4680BC704780B483B0A2
:1037F00000AF786000BF0C37BD4680BC704780B515
:1038000084B000AF786039603B68002B09D17B68D9
:1038100093F83E30DBB2012B14BF01230023DBB24F
:1038200022E03B68042B09D17B6893F83F30DBB280
:10383000012B14BF01230023DBB215E03B68082BEA
:1038400009D17B6893F84030DBB2012B14BF012310
:103850000023DBB208E07B6893F84130DBB2012B38
:1038600014BF01230023DBB2002B01D001237CE035
:103870003B68002B04D17B68022283F83E2013E0D2
:103880003B68042B04D17B68022283F83F200BE0C5
:103890003B68082B04D17B68022283F8402003E0B8
:1038A0007B68022283F841207B681B68012239680B
:1038B000184605F038FA7B681B682E4A934204D0FC
:1038C0007B681B682C4A934201D1012300E000234E
:1038D000002B07D07B681B685A6C7B681B6842F41E
:1038E00000425A647B681B68224A934222D07B685C
:1038F0001B68B3F1804F1DD07B681B681F4A934241
:1039000018D07B681B681E4A934213D07B681B68E3
:103910001C4A93420ED07B681B68174A934209D019
:103920007B681B68184A934204D07B681B68174A5F
:10393000934211D17B681B689B6803F00703FB600F
:10394000FB68062B10D07B681B681A687B681B68B5
:1039500042F001021A6007E07B681B681A687B6806
:103960001B6842F001021A60002318461037BD465A
:1039700080BD00BF00000140000401400004004081
:1039800000080040000C00400040014000180040CA
:1039900080B582B000AF786039607B681B68002218
:1039A0003968184605F0BFF97B681B682E4A9342B8
:1039B00004D07B681B682D4A934201D1012300E0AB
:1039C0000023002B17D07B681B681A6A41F2111381
:1039D0001340002B0FD17B681B681A6A40F24443E6
:1039E0001340002B07D17B681B685A6C7B681B68EF
:1039F00022F400425A647B681B681A6A41F2111370
:103A00001340002B0FD17B681B681A6A40F24443B5
:103A10001340002B07D17B681B681A687B681B6802
:103A200022F001021A603B68002B04D17B6801225E
:103A300083F83E2013E03B68042B04D17B6801220D
:103A400083F83F200BE03B68082B04D17B68012200
:103A500083F8402003E07B68012283F841200023A3
:103A600018460837BD4680BD0000014000040140F3
:103A700080B584B000AF786039600023FB733B6889
:103A8000002B09D17B6893F83E30DBB2012B14BFC9
:103A900001230023DBB222E03B68042B09D17B68C1
:103AA00093F83F30DBB2012B14BF01230023DBB2BC
:103AB00015E03B68082B09D17B6893F84030DBB2F6
:103AC000012B14BF01230023DBB208E07B6893F8CD
:103AD0004130DBB2012B14BF01230023DBB2002BEA
:103AE00001D00123B9E03B68002B04D17B6802229E
:103AF00083F83E2013E03B68042B04D17B6802224C
:103B000083F83F200BE03B68082B04D17B6802223E
:103B100083F8402003E07B68022283F841203B6861
:103B20000C2B2AD03B680C2B30D83B68082B1BD0C1
:103B30003B68082B2AD83B68002B03D03B68042B3A
:103B400009D023E07B681B68DA687B681B6842F059
:103B50000202DA601DE07B681B68DA687B681B681C
:103B600042F00402DA6014E07B681B68DA687B6864
:103B70001B6842F00802DA600BE07B681B68DA68B9
:103B80007B681B6842F01002DA6002E00123FB73DD
:103B900000BFFB7B002B5FD17B681B68012239686B
:103BA000184605F0C0F87B681B682E4A934204D083
:103BB0007B681B682C4A934201D1012300E000235B
:103BC000002B07D07B681B685A6C7B681B6842F42B
:103BD00000425A647B681B68224A934222D07B6869
:103BE0001B68B3F1804F1DD07B681B681F4A93424E
:103BF00018D07B681B681E4A934213D07B681B68F1
:103C00001C4A93420ED07B681B68174A934209D026
:103C10007B681B68184A934204D07B681B68174A6C
:103C2000934211D17B681B689B6803F00703BB605C
:103C3000BB68062B10D07B681B681A687B681B6802
:103C400042F001021A6007E07B681B681A687B6813
:103C50001B6842F001021A60FB7B18461037BD4614
:103C600080BD00BF0000014000040140000400408E
:103C700000080040000C00400040014000180040D7
:103C800080B584B000AF786039600023FB733B6877
:103C90000C2B2AD03B680C2B30D83B68082B1BD050
:103CA0003B68082B2AD83B68002B03D03B68042BC9
:103CB00009D023E07B681B68DA687B681B6822F008
:103CC0000202DA601DE07B681B68DA687B681B68AB
:103CD00022F00402DA6014E07B681B68DA687B6813
:103CE0001B6822F00802DA600BE07B681B68DA6868
:103CF0007B681B6822F01002DA6002E00123FB738C
:103D000000BFFB7B002B61D17B681B6800223968F8
:103D1000184605F008F87B681B682F4A934204D0C8
:103D20007B681B682D4A934201D1012300E00023E8
:103D3000002B17D07B681B681A6A41F211131340DD
:103D4000002B0FD17B681B681A6A40F24443134072
:103D5000002B07D17B681B685A6C7B681B6822F4B8
:103D600000425A647B681B681A6A41F211131340BF
:103D7000002B0FD17B681B681A6A40F24443134042
:103D8000002B07D17B681B681A687B681B6822F0D0
:103D900001021A603B68002B04D17B68012283F882
:103DA0003E2013E03B68042B04D17B68012283F89A
:103DB0003F200BE03B68082B04D17B68012283F88D
:103DC000402003E07B68012283F84120FB7B1846FA
:103DD0001037BD4680BD00BF000001400004014017
:103DE00080B586B000AFF860B9607A607B80002350
:103DF000FB75BB68002B09D1FB6893F83E30DBB242
:103E0000022B0CBF01230023DBB222E0BB68042B92
:103E100009D1FB6893F83F30DBB2022B0CBF0123C2
:103E20000023DBB215E0BB68082B09D1FB6893F8CF
:103E30004030DBB2022B0CBF01230023DBB208E0D1
:103E4000FB6893F84130DBB2022B0CBF0123002347
:103E5000DBB2002B01D0022364E1BB68002B09D147
:103E6000FB6893F83E30DBB2012B0CBF012300232B
:103E7000DBB222E0BB68042B09D1FB6893F83F302A
:103E8000DBB2012B0CBF01230023DBB215E0BB68C2
:103E9000082B09D1FB6893F84030DBB2012B0CBF33
:103EA00001230023DBB208E0FB6893F84130DBB26A
:103EB000012B0CBF01230023DBB2002B24D07B6835
:103EC000002B02D07B88002B01D101232AE1BB68A3
:103ED000002B04D1FB68022283F83E2016E0BB6869
:103EE000042B04D1FB68022283F83F200EE0BB685C
:103EF000082B04D1FB68022283F8402006E0FB680F
:103F0000022283F8412001E001230BE1BB680C2B66
:103F10007DD0BB680C2B00F29E80BB68082B52D072
:103F2000BB68082B00F29780BB68002B03D0BB68EE
:103F3000042B24D08FE0FB685B6A7C4ADA63FB6861
:103F40005B6A7B4A1A64FB685B6A7A4ADA64FB68DC
:103F5000586A7968FB681B6834331A467B880AF014
:103F6000C4F80346002B01D00123DBE0FB681B688B
:103F7000DA68FB681B6842F40072DA606EE0FB6886
:103F80009B6A6A4ADA63FB689B6A694A1A64FB683F
:103F90009B6A684ADA64FB68986A7968FB681B6800
:103FA00038331A467B880AF0A0F80346002B01D06C
:103FB0000123B7E0FB681B68DA68FB681B6842F402
:103FC0008062DA604AE0FB68DB6A584ADA63FB68C1
:103FD000DB6A574A1A64FB68DB6A564ADA64FB6894
:103FE000D86A7968FB681B683C331A467B880AF0FC
:103FF0007CF80346002B01D0012393E0FB681B688B
:10400000DA68FB681B6842F40062DA6026E0FB684D
:104010001B6B464ADA63FB681B6B454A1A64FB68F4
:104020001B6B444ADA64FB68186B7968FB681B6891
:1040300040331A467B880AF058F80346002B01D01B
:1040400001236FE0FB681B68DA68FB681B6842F4B9
:104050008052DA6002E00123FB7500BFFB7D002B7C
:104060005FD1FB681B680122B968184604F05BFE4B
:10407000FB681B68304A934204D0FB681B682F4AD8
:10408000934201D1012300E00023002B07D0FB68FD
:104090001B685A6CFB681B6842F400425A64FB6858
:1040A0001B68254A934222D0FB681B68B3F1804FFE
:1040B0001DD0FB681B68224A934218D0FB681B681E
:1040C000204A934213D0FB681B681F4A93420ED0CC
:1040D000FB681B68194A934209D0FB681B681B4A9E
:1040E000934204D0FB681B68194A934211D1FB68C4
:1040F0001B689B6803F007033B613B69062B10D0EC
:10410000FB681B681A68FB681B6842F001021A60B2
:1041100007E0FB681B681A68FB681B6842F0010235
:104120001A60FB7D18461837BD4680BD0D8100081A
:10413000B58100087B8000080000014000040140B8
:104140000004004000080040000C00400040014016
:104150000018004080B584B000AF7860396000235B
:10416000FB733B680C2B39D03B680C2B44D83B6865
:10417000082B25D03B68082B3ED83B68002B03D08A
:104180003B68042B0ED037E07B681B68DA687B68DD
:104190001B6822F40072DA607B685B6A18460AF0DA
:1041A0006CF82CE07B681B68DA687B681B6822F47B
:1041B0008062DA607B689B6A18460AF05EF81EE04F
:1041C0007B681B68DA687B681B6822F40062DA602F
:1041D0007B68DB6A18460AF050F810E07B681B68C1
:1041E000DA687B681B6822F48052DA607B681B6B9C
:1041F00018460AF042F802E00123FB7300BFFB7B84
:10420000002B61D17B681B6800223968184604F0D6
:104210008AFD7B681B682F4A934204D07B681B6829
:104220002D4A934201D1012300E00023002B17D037
:104230007B681B681A6A41F211131340002B0FD1DF
:104240007B681B681A6A40F244431340002B07D175
:104250007B681B685A6C7B681B6822F400425A64B6
:104260007B681B681A6A41F211131340002B0FD1AF
:104270007B681B681A6A40F244431340002B07D145
:104280007B681B681A687B681B6822F001021A6051
:104290003B68002B04D17B68012283F83E2013E0A9
:1042A0003B68042B04D17B68012283F83F200BE09C
:1042B0003B68082B04D17B68012283F8402003E08F
:1042C0007B68012283F84120FB7B18461037BD46EE
:1042D00080BD00BF000001400004014080B582B0F5
:1042E00000AF78607B68002B01D1012341E07B683F
:1042F00093F83D30DBB2002B06D17B68002283F8B7
:104300003C20786800F08DF87B68022283F83D201D
:104310007B681A687B6804331946104604F060F81D
:104320007B68012283F846207B68012283F83E20C7
:104330007B68012283F83F207B68012283F84020BC
:104340007B68012283F841207B68012283F84220A8
:104350007B68012283F843207B68012283F8442094
:104360007B68012283F845207B68012283F83D2089
:10437000002318460837BD4680BD80B582B000AF27
:1043800078607B68022283F83D207B681B681A6A8C
:1043900041F211131340002B0FD17B681B681A6A7E
:1043A00040F244431340002B07D17B681B681A6816
:1043B0007B681B6822F001021A60786800F03AF806
:1043C0007B68002283F846207B68002283F83E2029
:1043D0007B68002283F83F207B68002283F840201E
:1043E0007B68002283F841207B68002283F842200A
:1043F0007B68002283F843207B68002283F84420F6
:104400007B68002283F845207B68002283F83D20EA
:104410007B68002283F83C20002318460837BD46FD
:1044200080BD80B483B000AF786000BF0C37BD465C
:1044300080BC704780B483B000AF786000BF0C3799
:10444000BD4680BC704780B584B000AF78603960ED
:104450003B68002B09D17B6893F83E30DBB2012B1F
:1044600014BF01230023DBB222E03B68042B09D1F7
:104470007B6893F83F30DBB2012B14BF012300238C
:10448000DBB215E03B68082B09D17B6893F840301C
:10449000DBB2012B14BF01230023DBB208E07B68F1
:1044A00093F84130DBB2012B14BF01230023DBB2B0
:1044B000002B01D001237CE03B68002B04D17B68FA
:1044C000022283F83E2013E03B68042B04D17B6872
:1044D000022283F83F200BE03B68082B04D17B6865
:1044E000022283F8402003E07B68022283F8412007
:1044F0007B681B6801223968184604F014FC7B684D
:104500001B682E4A934204D07B681B682C4A934256
:1045100001D1012300E00023002B07D07B681B683A
:104520005A6C7B681B6842F400425A647B681B68C3
:10453000224A934222D07B681B68B3F1804F1DD082
:104540007B681B681F4A934218D07B681B681E4A11
:10455000934213D07B681B681C4A93420ED07B6841
:104560001B68174A934209D07B681B68184A93421C
:1045700004D07B681B68174A934211D17B681B6883
:104580009B6803F00703FB60FB68062B10D07B6879
:104590001B681A687B681B6842F001021A6007E01A
:1045A0007B681B681A687B681B6842F001021A600E
:1045B000002318461037BD4680BD00BF00000140F3
:1045C000000401400004004000080040000C0040CE
:1045D000004001400018004080B582B000AF786014
:1045E00039607B681B6800223968184604F09BFB21
:1045F0007B681B682E4A934204D07B681B682D4A57
:10460000934201D1012300E00023002B17D07B68E7
:104610001B681A6A41F211131340002B0FD17B68FB
:104620001B681A6A40F244431340002B07D17B6891
:104630001B685A6C7B681B6822F400425A647B68D2
:104640001B681A6A41F211131340002B0FD17B68CB
:104650001B681A6A40F244431340002B07D17B6861
:104660001B681A687B681B6822F001021A603B68AD
:10467000002B04D17B68012283F83E2013E03B68C5
:10468000042B04D17B68012283F83F200BE03B68B8
:10469000082B04D17B68012283F8402003E07B686B
:1046A000012283F84120002318460837BD4680BD0B
:1046B000000001400004014080B584B000AF786084
:1046C00039600023FB733B68002B09D17B6893F8AA
:1046D0003E30DBB2012B14BF01230023DBB222E00A
:1046E0003B68042B09D17B6893F83F30DBB2012B88
:1046F00014BF01230023DBB215E03B68082B09D16E
:104700007B6893F84030DBB2012B14BF01230023F8
:10471000DBB208E07B6893F84130DBB2012B14BFB9
:1047200001230023DBB2002B01D00123B9E03B6859
:10473000002B04D17B68022283F83E2013E03B6803
:10474000042B04D17B68022283F83F200BE03B68F6
:10475000082B04D17B68022283F8402003E07B68A9
:10476000022283F841203B680C2B2AD03B680C2B9B
:1047700030D83B68082B1BD03B68082B2AD83B68F5
:10478000002B03D03B68042B09D023E07B681B6817
:10479000DA687B681B6842F00202DA601DE07B6821
:1047A0001B68DA687B681B6842F00402DA6014E078
:1047B0007B681B68DA687B681B6842F00802DA6075
:1047C0000BE07B681B68DA687B681B6842F01002AC
:1047D000DA6002E00123FB7300BFFB7B002B5FD19B
:1047E0007B681B6801223968184604F09CFA7B68D4
:1047F0001B682E4A934204D07B681B682C4A934264
:1048000001D1012300E00023002B07D07B681B6847
:104810005A6C7B681B6842F400425A647B681B68D0
:10482000224A934222D07B681B68B3F1804F1DD08F
:104830007B681B681F4A934218D07B681B681E4A1E
:10484000934213D07B681B681C4A93420ED07B684E
:104850001B68174A934209D07B681B68184A934229
:1048600004D07B681B68174A934211D17B681B6890
:104870009B6803F00703BB60BB68062B10D07B6806
:104880001B681A687B681B6842F001021A6007E027
:104890007B681B681A687B681B6842F001021A601B
:1048A000FB7B18461037BD4680BD00BF00000140AD
:1048B000000401400004004000080040000C0040DB
:1048C000004001400018004080B584B000AF78601F
:1048D00039600023FB733B680C2B2AD03B680C2B00
:1048E00030D83B68082B1BD03B68082B2AD83B6884
:1048F000002B03D03B68042B09D023E07B681B68A6
:10490000DA687B681B6822F00202DA601DE07B68CF
:104910001B68DA687B681B6822F00402DA6014E026
:104920007B681B68DA687B681B6822F00802DA6023
:104930000BE07B681B68DA687B681B6822F010025A
:10494000DA6002E00123FB7300BFFB7B002B61D127
:104950007B681B6800223968184604F0E4F97B681C
:104960001B682F4A934204D07B681B682D4A9342F0
:1049700001D1012300E00023002B17D07B681B68C6
:104980001A6A41F211131340002B0FD17B681B6888
:104990001A6A40F244431340002B07D17B681B681E
:1049A0005A6C7B681B6822F400425A647B681B685F
:1049B0001A6A41F211131340002B0FD17B681B6858
:1049C0001A6A40F244431340002B07D17B681B68EE
:1049D0001A687B681B6822F001021A603B68002B92
:1049E00004D17B68012283F83E2013E03B68042B4E
:1049F00004D17B68012283F83F200BE03B68082B41
:104A000004D17B68012283F8402003E07B68012207
:104A100083F84120FB7B18461037BD4680BD00BFA0
:104A2000000001400004014080B586B000AFF8608E
:104A3000B9607A607B800023FB75BB68002B09D1CD
:104A4000FB6893F83E30DBB2022B0CBF012300233E
:104A5000DBB222E0BB68042B09D1FB6893F83F303E
:104A6000DBB2022B0CBF01230023DBB215E0BB68D5
:104A7000082B09D1FB6893F84030DBB2022B0CBF46
:104A800001230023DBB208E0FB6893F84130DBB27E
:104A9000022B0CBF01230023DBB2002B01D0022329
:104AA00064E1BB68002B09D1FB6893F83E30DBB2B0
:104AB000012B0CBF01230023DBB222E0BB68042BD7
:104AC00009D1FB6893F83F30DBB2012B0CBF012307
:104AD0000023DBB215E0BB68082B09D1FB6893F813
:104AE0004030DBB2012B0CBF01230023DBB208E016
:104AF000FB6893F84130DBB2012B0CBF012300238C
:104B0000DBB2002B24D07B68002B02D07B88002BEB
:104B100001D101232AE1BB68002B04D1FB680222EA
:104B200083F83E2016E0BB68042B04D1FB68022208
:104B300083F83F200EE0BB68082B04D1FB680222FB
:104B400083F8402006E0FB68022283F8412001E060
:104B500001230BE1BB680C2B7DD0BB680C2B00F252
:104B60009E80BB68082B52D0BB68082B00F2978050
:104B7000BB68002B03D0BB68042B24D08FE0FB68FC
:104B80005B6A7C4ADA63FB685B6A7B4A1A64FB688F
:104B90005B6A7A4ADA64FB68586A7968FB681B6862
:104BA00034331A467B8809F0A0FA0346002B01D063
:104BB0000123DBE0FB681B68DA68FB681B6842F4D2
:104BC0000072DA606EE0FB689B6A6A4ADA63FB682F
:104BD0009B6A694A1A64FB689B6A684ADA64FB68E4
:104BE000986A7968FB681B6838331A467B8809F035
:104BF0007CFA0346002B01D00123B7E0FB681B6859
:104C0000DA68FB681B6842F48062DA604AE0FB689D
:104C1000DB6A584ADA63FB68DB6A574A1A64FB6846
:104C2000DB6A564ADA64FB68D86A7968FB681B68F5
:104C30003C331A467B8809F058FA0346002B01D012
:104C4000012393E0FB681B68DA68FB681B6842F489
:104C50000062DA6026E0FB681B6B464ADA63FB6899
:104C60001B6B454A1A64FB681B6B444ADA64FB6899
:104C7000186B7968FB681B6840331A467B8809F01B
:104C800034FA0346002B01D001236FE0FB681B6858
:104C9000DA68FB681B6842F48052DA6002E00123A4
:104CA000FB7500BFFB7D002B5FD1FB681B680122F9
:104CB000B968184604F037F8FB681B68304A93421D
:104CC00004D0FB681B682F4A934201D1012300E006
:104CD0000023002B07D0FB681B685A6CFB681B681D
:104CE00042F400425A64FB681B68254A934222D072
:104CF000FB681B68B3F1804F1DD0FB681B68224A1C
:104D0000934218D0FB681B68204A934213D0FB687B
:104D10001B681F4A93420ED0FB681B68194A9342D6
:104D200009D0FB681B681B4A934204D0FB681B68D0
:104D3000194A934211D1FB681B689B6803F0070373
:104D40003B613B69062B10D0FB681B681A68FB6847
:104D50001B6842F001021A6007E0FB681B681A68D2
:104D6000FB681B6842F001021A60FB7D1846183789
:104D7000BD4680BD0D810008B58100087B8000081C
:104D80000000014000040140000400400008004011
:104D9000000C0040004001400018004080B584B085
:104DA00000AF786039600023FB733B680C2B39D06F
:104DB0003B680C2B44D83B68082B25D03B68082B5C
:104DC0003ED83B68002B03D03B68042B0ED037E065
:104DD0007B681B68DA687B681B6822F40072DA6003
:104DE0007B685B6A184609F048FA2CE07B681B6810
:104DF000DA687B681B6822F48062DA607B689B6AF1
:104E0000184609F03AFA1EE07B681B68DA687B688E
:104E10001B6822F40062DA607B68DB6A184609F0DE
:104E20002CFA10E07B681B68DA687B681B6822F448
:104E30008052DA607B681B6B184609F01EFA02E0AC
:104E40000123FB7300BFFB7B002B61D17B681B68D8
:104E500000223968184603F066FF7B681B682F4AFA
:104E6000934204D07B681B682D4A934201D10123F1
:104E700000E00023002B17D07B681B681A6A41F200
:104E800011131340002B0FD17B681B681A6A40F284
:104E900044431340002B07D17B681B685A6C7B6826
:104EA0001B6822F400425A647B681B681A6A41F24C
:104EB00011131340002B0FD17B681B681A6A40F254
:104EC00044431340002B07D17B681B681A687B683A
:104ED0001B6822F001021A603B68002B04D17B683A
:104EE000012283F83E2013E03B68042B04D17B6849
:104EF000012283F83F200BE03B68082B04D17B683C
:104F0000012283F8402003E07B68012283F84120DE
:104F1000FB7B18461037BD4680BD00BF0000014036
:104F20000004014080B582B000AF78607B68002B40
:104F300001D1012341E07B6893F83D30DBB2002BC7
:104F400006D17B68002283F83C20786800F08DF859
:104F50007B68022283F83D207B681A687B680433F3
:104F60001946104603F03CFA7B68012283F846207C
:104F70007B68012283F83E207B68012283F83F2072
:104F80007B68012283F840207B68012283F841205E
:104F90007B68012283F842207B68012283F843204A
:104FA0007B68012283F844207B68012283F8452036
:104FB0007B68012283F83D20002318460837BD4650
:104FC00080BD80B582B000AF78607B68022283F834
:104FD0003D207B681B681A6A41F211131340002BB5
:104FE0000FD17B681B681A6A40F244431340002BC0
:104FF00007D17B681B681A687B681B6822F0010276
:105000001A60786800F03AF87B68002283F846203E
:105010007B68002283F83E207B68002283F83F20D3
:105020007B68002283F840207B68002283F84120BF
:105030007B68002283F842207B68002283F84320AB
:105040007B68002283F844207B68002283F8452097
:105050007B68002283F83D207B68002283F83C2097
:10506000002318460837BD4680BD80B483B000AF2A
:10507000786000BF0C37BD4680BC704780B483B0F9
:1050800000AF786000BF0C37BD4680BC704780B56C
:1050900084B000AF786039603B68002B04D17B6836
:1050A00093F83E30FB7313E03B68042B04D17B681C
:1050B00093F83F30FB730BE03B68082B04D17B680F
:1050C00093F84030FB7303E07B6893F84130FB7347
:1050D0003B68002B04D17B6893F84230BB7313E02C
:1050E0003B68042B04D17B6893F84330BB730BE01F
:1050F0003B68082B04D17B6893F84430BB7303E012
:105100007B6893F84530BB73FB7B012B02D1BB7BE3
:10511000012B01D0012381E03B68002B04D17B6887
:10512000022283F83E2013E03B68042B04D17B6805
:10513000022283F83F200BE03B68082B04D17B68F8
:10514000022283F8402003E07B68022283F841209A
:105150003B68002B04D17B68022283F8422013E0D5
:105160003B68042B04D17B68022283F843200BE0C8
:105170003B68082B04D17B68022283F8442003E0BB
:105180007B68022283F845207B681B68012239680E
:10519000184603F0C8FD7B681B68224A934222D060
:1051A0007B681B68B3F1804F1DD07B681B681E4A6B
:1051B000934218D07B681B681C4A934213D07B68CB
:1051C0001B681B4A93420ED07B681B68194A9342A6
:1051D00009D07B681B68184A934204D07B681B681F
:1051E000164A934211D17B681B689B6803F0070342
:1051F000BB60BB68062B10D07B681B681A687B6895
:105200001B6842F001021A6007E07B681B681A689D
:105210007B681B6842F001021A60002318461037B1
:10522000BD4680BD00000140000400400008004071
:10523000000C004000040140004001400018004004
:1052400080B582B000AF786039607B681B6800224F
:105250003968184603F067FD7B681B681A6A41F2DB
:1052600011131340002B0FD17B681B681A6A40F2A0
:1052700044431340002B07D17B681B681A687B6886
:105280001B6822F001021A603B68002B04D17B6886
:10529000012283F83E2013E03B68042B04D17B6895
:1052A000012283F83F200BE03B68082B04D17B6888
:1052B000012283F8402003E07B68012283F841202B
:1052C0003B68002B04D17B68012283F8422013E065
:1052D0003B68042B04D17B68012283F843200BE058
:1052E0003B68082B04D17B68012283F8442003E04B
:1052F0007B68012283F84520002318460837BD4605
:1053000080BD80B584B000AF786039600023FB7346
:105310003B68002B04D17B6893F83E30BB7313E0ED
:105320003B68042B04D17B6893F83F30BB730BE0E0
:105330003B68082B04D17B6893F84030BB7303E0D3
:105340007B6893F84130BB733B68002B04D17B68CA
:1053500093F842307B7313E03B68042B04D17B68E5
:1053600093F843307B730BE03B68082B04D17B68D8
:1053700093F844307B7303E07B6893F845307B738C
:10538000BB7B012B02D17B7B012B01D00123BEE033
:105390003B68002B04D17B68022283F83E2013E097
:1053A0003B68042B04D17B68022283F83F200BE08A
:1053B0003B68082B04D17B68022283F8402003E07D
:1053C0007B68022283F841203B68002B04D17B6874
:1053D000022283F8422013E03B68042B04D17B684F
:1053E000022283F843200BE03B68082B04D17B6842
:1053F000022283F8442003E07B68022283F84520E0
:105400003B680C2B2AD03B680C2B30D83B68082B10
:105410001BD03B68082B2AD83B68002B03D03B6885
:10542000042B09D023E07B681B68DA687B681B6863
:1054300042F00202DA601DE07B681B68DA687B6874
:105440001B6842F00402DA6014E07B681B68DA68CB
:105450007B681B6842F00802DA600BE07B681B681F
:10546000DA687B681B6842F01002DA6002E0012310
:10547000FB7300BFFB7B002B48D17B681B680122BC
:105480003968184603F04FFC7B681B68224A934238
:1054900022D07B681B68B3F1804F1DD07B681B68EE
:1054A0001E4A934218D07B681B681D4A934213D052
:1054B0007B681B681B4A93420ED07B681B681A4AA4
:1054C000934209D07B681B68184A934204D07B68DA
:1054D0001B68174A934211D17B681B689B6803F0D5
:1054E0000703BB60BB68062B10D07B681B681A687B
:1054F0007B681B6842F001021A6007E07B681B684A
:105500001A687B681B6842F001021A60FB7B184630
:105510001037BD4680BD00BF0000014000040040C0
:1055200000080040000C0040000401400040014021
:105530000018004080B584B000AF78603960002367
:10554000FB733B680C2B2AD03B680C2B30D83B6894
:10555000082B1BD03B68082B2AD83B68002B03D0B4
:105560003B68042B09D023E07B681B68DA687B6802
:105570001B6822F00202DA601DE07B681B68DA68B3
:105580007B681B6822F00402DA6014E07B681B6809
:10559000DA687B681B6822F00802DA600BE07B683F
:1055A0001B68DA687B681B6822F01002DA6002E090
:1055B0000123FB7300BFFB7B002B56D17B681B686C
:1055C00000223968184603F0AEFB7B681B681A6A34
:1055D00041F211131340002B0FD17B681B681A6A2C
:1055E00040F244431340002B07D17B681B681A68C4
:1055F0007B681B6822F001021A603B68002B04D113
:105600007B68012283F83E2013E03B68042B04D121
:105610007B68012283F83F200BE03B68082B04D114
:105620007B68012283F8402003E07B68012283F835
:1056300041203B68002B04D17B68012283F8422083
:1056400013E03B68042B04D17B68012283F84320DC
:105650000BE03B68082B04D17B68012283F84420CF
:1056600003E07B68012283F84520FB7B1846103756
:10567000BD4680BD80B586B000AFF860B9607A6085
:105680007B800023FB75BB68002B04D1FB6893F87B
:105690003E30BB7513E0BB68042B04D1FB6893F864
:1056A0003F30BB750BE0BB68082B04D1FB6893F857
:1056B0004030BB7503E0FB6893F84130BB75BB68B5
:1056C000002B04D1FB6893F842307B7513E0BB6874
:1056D000042B04D1FB6893F843307B750BE0BB6867
:1056E000082B04D1FB6893F844307B7503E0FB681A
:1056F00093F845307B75BB7D022B02D07B7D022B5E
:1057000001D102233AE1BB7D012B43D17B7D012BEB
:1057100040D17B68002B02D07B88002B01D1012374
:105720002CE1BB68002B04D1FB68022283F83E20E9
:1057300013E0BB68042B04D1FB68022283F83F20EE
:105740000BE0BB68082B04D1FB68022283F84020E1
:1057500003E0FB68022283F84120BB68002B04D1E0
:10576000FB68022283F8422016E0BB68042B04D1B8
:10577000FB68022283F843200EE0BB68082B04D1AB
:10578000FB68022283F8442006E0FB68022283F8CB
:10579000452001E00123F1E0FB681B680122B968A4
:1057A000184603F0C0FABB680C2B7DD0BB680C2BED
:1057B00000F29E80BB68082B52D0BB68082B00F219
:1057C0009780BB68002B03D0BB68042B24D08FE0EC
:1057D000FB685B6A6B4ADA63FB685B6A6A4A1A6455
:1057E000FB685B6A694ADA64FB68586AFB681B6895
:1057F000343319467A687B8808F077FC0346002B1F
:1058000001D00123BAE0FB681B68DA68FB681B68FB
:1058100042F40072DA606EE0FB689B6A594ADA6310
:10582000FB689B6A584A1A64FB689B6A574ADA64A9
:10583000FB68986AFB681B68383319467A687B886E
:1058400008F053FC0346002B01D0012396E0FB68CF
:105850001B68DA68FB681B6842F48062DA604AE021
:10586000FB68DB6A474ADA63FB68DB6A464A1A640C
:10587000FB68DB6A454ADA64FB68D86AFB681B6828
:105880003C3319467A687B8808F02FFC0346002BCE
:1058900001D0012372E0FB681B68DA68FB681B68B3
:1058A00042F40062DA6026E0FB681B6B354ADA637B
:1058B000FB681B6B344A1A64FB681B6B334ADA645F
:1058C000FB68186BFB681B68403319467A687B8855
:1058D00008F00BFC0346002B01D001234EE0FB68CF
:1058E0001B68DA68FB681B6842F48052DA6002E0E9
:1058F0000123FB7500BFFB681B68254A934222D039
:10590000FB681B68B3F1804F1DD0FB681B68214A00
:10591000934218D0FB681B681F4A934213D0FB6860
:105920001B681E4A93420ED0FB681B681C4A9342B8
:1059300009D0FB681B681B4A934204D0FB681B68B4
:10594000194A934211D1FB681B689B6803F0070357
:105950003B613B69062B10D0FB681B681A68FB682B
:105960001B6842F001021A6007E0FB681B681A68B6
:10597000FB681B6842F001021A60FB7D184618376D
:10598000BD4680BD1D820008E58200087B800008BE
:10599000000001400004004000080040000C0040EE
:1059A00000040140004001400018004080B584B070
:1059B00000AF786039600023FB737B681B680022AE
:1059C0003968184603F0AFF93B680C2B39D03B68B7
:1059D0000C2B44D83B68082B25D03B68082B3ED8BD
:1059E0003B68002B03D03B68042B0ED037E07B686C
:1059F0001B68DA687B681B6822F40072DA607B68D7
:105A00005B6A184608F039FC2CE07B681B68DA6892
:105A10007B681B6822F48062DA607B689B6A1846A8
:105A200008F02BFC1EE07B681B68DA687B681B684B
:105A300022F40062DA607B68DB6A184608F01DFC1D
:105A400010E07B681B68DA687B681B6822F4805270
:105A5000DA607B681B6B184608F00FFC02E001233C
:105A6000FB7300BFFB7B002B4FD17B681B681A6A5E
:105A700041F211131340002B0FD17B681B681A6A87
:105A800040F244431340002B07D17B681B681A681F
:105A90007B681B6822F001021A603B68002B04D16E
:105AA0007B68012283F83E2013E03B68042B04D17D
:105AB0007B68012283F83F200BE03B68082B04D170
:105AC0007B68012283F8402003E07B68012283F891
:105AD00041203B68002B04D17B68012283F84220DF
:105AE00013E03B68042B04D17B68012283F8432038
:105AF0000BE03B68082B04D17B68012283F844202B
:105B000003E07B68012283F84520FB7B18461037B1
:105B1000BD4680BD80B582B000AF786039607B68DB
:105B2000002B01D1012341E07B6893F83D30DBB2CB
:105B3000002B06D17B68002283F83C20786800F0B7
:105B40007DF87B68022283F83D207B681A687B68B9
:105B500004331946104602F043FC7B681B681A6840
:105B60007B681B6822F008021A607B681B68196852
:105B70007B681B683A680A431A607B68012283F8D5
:105B800046207B68012283F83E207B68012283F84F
:105B90003F207B68012283F842207B68012283F842
:105BA00043207B68012283F83D20002318460837F4
:105BB000BD4680BD80B582B000AF78607B680222B0
:105BC00083F83D207B681B681A6A41F21113134069
:105BD000002B0FD17B681B681A6A40F244431340C4
:105BE000002B07D17B681B681A687B681B6822F052
:105BF00001021A60786800F02AF87B68002283F8B6
:105C000046207B68002283F83E207B68002283F8D0
:105C10003F207B68002283F842207B68002283F8C3
:105C200043207B68002283F83D207B68002283F8B4
:105C30003C20002318460837BD4680BD80B483B0A1
:105C400000AF786000BF0C37BD4680BC704780B4A1
:105C500083B000AF786000BF0C37BD4680BC704792
:105C600080B584B000AF786039607B6893F83E30CF
:105C7000FB737B6893F83F30BB737B6893F84230CB
:105C80007B737B6893F843303B73FB7B012B08D11C
:105C9000BB7B012B05D17B7B012B02D13B7B012BF5
:105CA00001D0012335E07B68022283F83E207B6827
:105CB000022283F83F207B68022283F842207B681F
:105CC000022283F843207B681B68012200211846CA
:105CD00003F029F87B681B6801220421184603F0B1
:105CE00022F87B681B680D4A934204D07B681B68CE
:105CF0000B4A934201D1012300E00023002B07D07F
:105D00007B681B685A6C7B681B6842F400425A64CB
:105D1000002318461037BD4680BD00BF000001407B
:105D20000004014080B582B000AF786039607B68C4
:105D30001B6800220021184602F0F5FF7B681B68F3
:105D400000220421184602F0EEFF7B681B68294AF6
:105D5000934204D07B681B68274A934201D10123F8
:105D600000E00023002B17D07B681B681A6A41F201
:105D700011131340002B0FD17B681B681A6A40F285
:105D800044431340002B07D17B681B685A6C7B6827
:105D90001B6822F400425A647B681B681A6A41F24D
:105DA00011131340002B0FD17B681B681A6A40F255
:105DB00044431340002B07D17B681B681A687B683B
:105DC0001B6822F001021A607B68012283F83E20E2
:105DD0007B68012283F83F207B68012283F8422000
:105DE0007B68012283F84320002318460837BD460C
:105DF00080BD00BF000001400004014080B584B0B8
:105E000000AF786039607B6893F83E30FB737B6845
:105E100093F83F30BB737B6893F842307B737B68A9
:105E200093F843303B73FB7B012B08D1BB7B012BE9
:105E300005D17B7B012B02D13B7B012B01D00123C0
:105E400045E07B68022283F83E207B68022283F8CB
:105E50003F207B68022283F842207B68022283F87D
:105E600043207B681B68DA687B681B6842F002028B
:105E7000DA607B681B68DA687B681B6842F00402A2
:105E8000DA607B681B6801220021184602F04BFF94
:105E90007B681B6801220421184602F044FF7B68DE
:105EA0001B680D4A934204D07B681B680B4A9342DF
:105EB00001D1012300E00023002B07D07B681B6881
:105EC0005A6C7B681B6842F400425A6400231846EF
:105ED0001037BD4680BD00BF0000014000040140F6
:105EE00080B582B000AF786039607B681B68DA6883
:105EF0007B681B6822F00202DA607B681B68DA6844
:105F00007B681B6822F00402DA607B681B68002251
:105F10000021184602F007FF7B681B68002204215D
:105F2000184602F000FF7B681B68294A934204D0A0
:105F30007B681B68274A934201D1012300E00023BC
:105F4000002B17D07B681B681A6A41F211131340AB
:105F5000002B0FD17B681B681A6A40F24443134040
:105F6000002B07D17B681B685A6C7B681B6822F486
:105F700000425A647B681B681A6A41F2111313408D
:105F8000002B0FD17B681B681A6A40F24443134010
:105F9000002B07D17B681B681A687B681B6822F09E
:105FA00001021A607B68012283F83E207B6801228F
:105FB00083F83F207B68012283F842207B6801221E
:105FC00083F84320002318460837BD4680BD00BF34
:105FD000000001400004014080B586B000AF786049
:105FE00039607B68002B01D1012397E07B6893F82F
:105FF0003D30DBB2002B06D17B68002283F83C20C9
:10600000786800F0D3F87B68022283F83D207B6833
:106010001B689B687A68126823F4804323F00703A7
:1060200093607B681A687B6804331946104602F057
:10603000D7F97B681B689B687B617B681B689B69E1
:106040003B617B681B681B6AFB603B681B687A6965
:1060500013437B613B6923F4407323F003033B61EB
:106060003B689A683B689B691B0213433A69134378
:106070003B613B6923F4406323F00C033B613B69C4
:1060800023F4704323F0F0033B613B68DA683B681C
:10609000DB691B0213433A6913433B613B681B698D
:1060A0001A013B681B6A1B0313433A6913433B61A4
:1060B000FB6823F02203FB60FB6823F08803FB608E
:1060C0003B685A683B685B691B011343FA681343DA
:1060D000FB607B681B687A699A607B681B683A6919
:1060E0009A617B681B68FA681A627B68012283F8F0
:1060F00046207B68012283F83E207B68012283F8DA
:106100003F207B68012283F842207B68012283F8CC
:1061100043207B68012283F83D200023184618376E
:10612000BD4680BD80B582B000AF78607B6802223A
:1061300083F83D207B681B681A6A41F211131340F3
:10614000002B0FD17B681B681A6A40F2444313404E
:10615000002B07D17B681B681A687B681B6822F0DC
:1061600001021A60786800F02AF87B68002283F840
:1061700046207B68002283F83E207B68002283F85B
:106180003F207B68002283F842207B68002283F84E
:1061900043207B68002283F83D207B68002283F83F
:1061A0003C20002318460837BD4680BD80B483B02C
:1061B00000AF786000BF0C37BD4680BC704780B42C
:1061C00083B000AF786000BF0C37BD4680BC70471D
:1061D00080B584B000AF786039607B6893F83E305A
:1061E000FB737B6893F83F30BB737B6893F8423056
:1061F0007B737B6893F843303B733B68002B10D173
:10620000FB7B012B02D17B7B012B01D0012369E0B9
:106210007B68022283F83E207B68022283F84220BA
:1062200031E03B68042B10D1BB7B012B02D13B7BBF
:10623000012B01D0012355E07B68022283F83F2027
:106240007B68022283F843201DE0FB7B012B08D1F1
:10625000BB7B012B05D17B7B012B02D13B7B012B2F
:1062600001D001233EE07B68022283F83E207B6858
:10627000022283F83F207B68022283F842207B6859
:10628000022283F843203B68002B03D03B68042B99
:1062900008D00FE07B681B6801220021184602F03D
:1062A00042FD16E07B681B6801220421184602F0BB
:1062B0003AFD0EE07B681B6801220021184602F0BF
:1062C00032FD7B681B6801220421184602F02BFD79
:1062D00000BF7B681B681A687B681B6842F001027C
:1062E0001A60002318461037BD4680BD80B582B0C5
:1062F00000AF786039603B68002B03D03B68042B0B
:1063000008D00FE07B681B6800220021184602F0CD
:106310000AFD16E07B681B6800220421184602F083
:1063200002FD0EE07B681B6800220021184602F087
:10633000FAFC7B681B6800220421184602F0F3FC7B
:1063400000BF7B681B681A6A41F211131340002BCF
:106350000FD17B681B681A6A40F244431340002B3C
:1063600007D17B681B681A687B681B6822F00102F2
:106370001A603B68002B02D03B68042B38D13B6885
:10638000002B04D17B68012283F83E2013E03B6898
:10639000042B04D17B68012283F83F200BE03B688B
:1063A000082B04D17B68012283F8402003E07B683E
:1063B000012283F841203B68002B04D17B68012235
:1063C00083F8422024E03B68042B04D17B6801223F
:1063D00083F843201CE03B68082B04D17B68012232
:1063E00083F8442014E07B68012283F845200FE005
:1063F0007B68012283F83E207B68012283F83F20DE
:106400007B68012283F842207B68012283F84320C5
:10641000002318460837BD4680BD80B584B000AF64
:10642000786039607B6893F83E30FB737B6893F843
:106430003F30BB737B6893F842307B737B6893F883
:1064400043303B733B68002B10D1FB7B012B02D107
:106450007B7B012B01D0012389E07B68022283F83A
:106460003E207B68022283F8422031E03B68042B07
:1064700010D1BB7B012B02D13B7B012B01D001232F
:1064800075E07B68022283F83F207B68022283F854
:1064900043201DE0FB7B012B08D1BB7B012B05D1E9
:1064A0007B7B012B02D13B7B012B01D001235EE0E2
:1064B0007B68022283F83E207B68022283F83F201B
:1064C0007B68022283F842207B68022283F8432003
:1064D0003B68002B03D03B68042B10D01FE07B6887
:1064E0001B6801220021184602F01DFC7B681B6816
:1064F000DA687B681B6842F00202DA602EE07B6893
:106500001B6801220421184602F00DFC7B681B6801
:10651000DA687B681B6842F00402DA601EE07B6880
:106520001B6801220021184602F0FDFB7B681B68F6
:1065300001220421184602F0F6FB7B681B68DA682A
:106540007B681B6842F00202DA607B681B68DA68CD
:106550007B681B6842F00402DA6000BF7B681B683E
:106560001A687B681B6842F001021A600023184613
:106570001037BD4680BD80B582B000AF786039600D
:106580003B68002B0FD17B681B6800220021184656
:1065900002F0C9FB7B681B68DA687B681B6822F025
:1065A0000202DA6030E03B68042B0FD17B681B6885
:1065B00000220421184602F0B6FB7B681B68DA68EB
:1065C0007B681B6822F00402DA601DE07B681B68B0
:1065D00000220021184602F0A6FB7B681B680022FF
:1065E0000421184602F09FFB7B681B68DA687B6811
:1065F0001B6822F00202DA607B681B68DA687B683D
:106600001B6822F00402DA607B681B681A6A41F298
:1066100011131340002B0FD17B681B681A6A40F2DC
:1066200044431340002B07D17B681B681A687B68C2
:106630001B6822F001021A603B68002B02D03B6805
:10664000042B38D13B68002B04D17B68012283F8EE
:106650003E2013E03B68042B04D17B68012283F8C1
:106660003F200BE03B68082B04D17B68012283F8B4
:10667000402003E07B68012283F841203B68002B27
:1066800004D17B68012283F8422024E03B68042B7C
:1066900004D17B68012283F843201CE03B68082B6F
:1066A00004D17B68012283F8442014E07B68012236
:1066B00083F845200FE07B68012283F83E207B6849
:1066C000012283F83F207B68012283F842207B6807
:1066D000012283F84320002318460837BD4680BDB9
:1066E00080B586B000AFF860B9607A603B60FB6847
:1066F00093F83E30FB75FB6893F83F30BB75FB6841
:1067000093F842307B75FB6893F843303B75BB6868
:10671000002B20D1FB7D022B02D07B7D022B01D1EF
:1067200002233FE1FB7D012B13D17B7D012B10D197
:106730007B68002B02D03B8C002B01D1012331E17F
:10674000FB68022283F83E20FB68022283F8422085
:106750005DE0012326E1BB68042B20D1BB7D022B29
:1067600002D03B7D022B01D102231BE1BB7D012B1B
:1067700013D13B7D012B10D13B68002B02D03B8C09
:10678000002B01D101230DE1FB68022283F83F2099
:10679000FB68022283F8432039E0012302E1FB7DFC
:1067A000022B08D0BB7D022B05D07B7D022B02D0B3
:1067B0003B7D022B01D10223F4E0FB7D012B24D190
:1067C000BB7D012B21D17B7D012B1ED13B7D012B7C
:1067D0001BD17B68002B05D03B68002B02D03B8C83
:1067E000002B01D10123DDE0FB68022283F83E206B
:1067F000FB68022283F83F20FB68022283F84220D4
:10680000FB68022283F8432001E00123CAE0BB6851
:10681000002B03D0BB68042B33D065E0FB685B6AB8
:10682000624ADA63FB685B6A614A1A64FB685B6A06
:10683000604ADA64FB68586AFB681B68343319469F
:106840007A683B8C07F051FC0346002B01D00123F2
:10685000A8E0FB681B68DA68FB681B6842F40072FA
:10686000DA60FB681B6801220021184602F05BFA1F
:10687000FB681B681A68FB681B6842F001021A601B
:106880008FE0FB689B6A494ADA63FB689B6A484A67
:106890001A64FB689B6A474ADA64FB68986AFB687B
:1068A0001B68383319463A683B8C07F01EFC0346D8
:1068B000002B01D0012375E0FB681B68DA68FB68D8
:1068C0001B6842F48062DA60FB681B6801220421C5
:1068D000184602F028FAFB681B681A68FB681B68F8
:1068E00042F001021A605CE0FB685B6A2F4ADA63DF
:1068F000FB685B6A2E4A1A64FB685B6A2D4ADA649D
:10690000FB68586AFB681B68343319467A683B8C0D
:1069100007F0EBFB0346002B01D0012342E0FB68AC
:106920009B6A224ADA63FB689B6A214A1A64FB6805
:106930009B6A204ADA64FB68986AFB681B683833F4
:1069400019463A683B8C07F0D0FB0346002B01D078
:10695000012327E0FB681B68DA68FB681B6842F4C8
:106960000072DA60FB681B68DA68FB681B6842F437
:106970008062DA60FB681B6801220021184602F081
:10698000D2F9FB681B6801220421184602F0CBF9FA
:10699000FB681B681A68FB681B6842F001021A60FA
:1069A00000BF002318461837BD4680BD1D82000871
:1069B000E58200087B80000880B582B000AF786077
:1069C00039603B68002B14D17B681B6800220021D2
:1069D000184602F0A8F97B681B68DA687B681B68B8
:1069E00022F40072DA607B685B6A184607F045FCA7
:1069F0003FE03B68042B14D17B681B680022042114
:106A0000184602F090F97B681B68DA687B681B689F
:106A100022F48062DA607B689B6A184607F02DFCDE
:106A200027E07B681B6800220021184602F07BF9F2
:106A30007B681B6800220421184602F074F97B6809
:106A40001B68DA687B681B6822F40072DA607B6876
:106A50001B68DA687B681B6822F48062DA607B68F6
:106A60005B6A184607F009FC7B689B6A184607F0CA
:106A700004FC7B681B681A6A41F211131340002B57
:106A80000FD17B681B681A6A40F244431340002B05
:106A900007D17B681B681A687B681B6822F00102BB
:106AA0001A603B68002B02D03B68042B38D13B684E
:106AB000002B04D17B68012283F83E2013E03B6861
:106AC000042B04D17B68012283F83F200BE03B6854
:106AD000082B04D17B68012283F8402003E07B6807
:106AE000012283F841203B68002B04D17B680122FE
:106AF00083F8422024E03B68042B04D17B68012208
:106B000083F843201CE03B68082B04D17B680122FA
:106B100083F8442014E07B68012283F845200FE0CD
:106B20007B68012283F83E207B68012283F83F20A6
:106B30007B68012283F842207B68012283F843208E
:106B4000002318460837BD4680BD80B584B000AF2D
:106B500078607B681B68DB68FB607B681B681B696F
:106B6000BB60BB6803F00203002B20D0FB6803F07E
:106B70000203002B1BD07B681B686FF002021A61B6
:106B80007B6801221A777B681B689B6903F003030B
:106B9000002B03D0786801F0A4F905E0786801F0D3
:106BA00097F9786801F0AFF97B6800221A77BB6823
:106BB00003F00403002B20D0FB6803F00403002B38
:106BC0001BD07B681B686FF004021A617B6802228D
:106BD0001A777B681B689B6903F44073002B03D012
:106BE000786801F07EF905E0786801F071F978685D
:106BF00001F089F97B6800221A77BB6803F008036B
:106C0000002B20D0FB6803F00803002B1BD07B680F
:106C10001B686FF008021A617B6804221A777B6890
:106C20001B68DB6903F00303002B03D0786801F0D5
:106C300058F905E0786801F04BF9786801F063F9DC
:106C40007B6800221A77BB6803F01003002B20D06A
:106C5000FB6803F01003002B1BD07B681B686FF0F0
:106C600010021A617B6808221A777B681B68DB694F
:106C700003F44073002B03D0786801F032F905E08B
:106C8000786801F025F9786801F03DF97B68002209
:106C90001A77BB6803F00103002B0CD0FB6803F0EC
:106CA0000103002B07D07B681B686FF001021A619B
:106CB00078680FF077FABB6803F08003002B0CD0E4
:106CC000FB6803F08003002B07D07B681B686FF024
:106CD00080021A61786804F014F9BB6803F040037D
:106CE000002B0CD0FB6803F04003002B07D07B681F
:106CF0001B686FF040021A61786801F016F9BB68F2
:106D000003F02003002B0CD0FB6803F02003002BC2
:106D100007D07B681B686FF020021A61786804F066
:106D2000DEF800BF1037BD4680BD80B586B000AF2D
:106D3000F860B9607A600023FB75FB6893F83C301B
:106D4000012B01D102233AE0FB68012283F83C20A9
:106D50007B680C2B24D07B680C2B28D87B68082BF5
:106D600017D07B68082B22D87B68002B03D07B6868
:106D7000042B07D01BE0FB681B68B968184601F0BC
:106D8000D9FB17E0FB681B68B968184601F042FCA4
:106D900010E0FB681B68B968184601F0AFFC09E019
:106DA000FB681B68B968184601F01CFD02E001236E
:106DB000FB7500BFFB68002283F83C20FB7D184672
:106DC0001837BD4680BD80B586B000AFF860B960A9
:106DD0007A600023FB75FB6893F83C30012B01D1EE
:106DE000022388E0FB68012283F83C207B68002BAB
:106DF0001BD1FB681868BB681968BB685A68BB6818
:106E0000DB6801F0D4FDFB681B689A69FB681B68AE
:106E100022F00C029A61FB681B689969BB689A684A
:106E2000FB681B680A439A6160E07B68042B1CD1F5
:106E3000FB681868BB681968BB685A68BB68DB6880
:106E400001F056FEFB681B689A69FB681B6822F418
:106E500040629A61FB681B689969BB689B681A026B
:106E6000FB681B680A439A6140E07B68082B1BD1D2
:106E7000FB681868BB681968BB685A68BB68DB6840
:106E800001F0A1FEFB681B68DA69FB681B6822F051
:106E90000C02DA61FB681B68D969BB689A68FB68F9
:106EA0001B680A43DA6121E07B680C2B1CD1FB686C
:106EB0001868BB681968BB685A68BB68DB6801F072
:106EC000BDFEFB681B68DA69FB681B6822F4406240
:106ED000DA61FB681B68D969BB689B681A02FB68AA
:106EE0001B680A43DA6101E00123FB75FB6800229D
:106EF00083F83C20FB7D18461837BD4680BD80B521
:106F000086B000AFF860B9607A600023FB75FB685B
:106F100093F83C30012B01D10223A2E0FB6801224F
:106F200083F83C207B680C2B72D07B680C2B00F222
:106F300090807B68082B4BD07B68082B00F28980FF
:106F40007B68002B03D07B68042B20D081E0FB689A
:106F50001B68B968184601F0EDFAFB681B689A696E
:106F6000FB681B6842F008029A61FB681B689A691B
:106F7000FB681B6822F004029A61FB681B68996930
:106F8000BB681A69FB681B680A439A6164E0FB6886
:106F90001B68B968184601F03DFBFB681B689A69DD
:106FA000FB681B6842F400629A61FB681B689A697F
:106FB000FB681B6822F480629A61FB681B68996910
:106FC000BB681B691A02FB681B680A439A6143E0AD
:106FD000FB681B68B968184601F090FBFB681B68EA
:106FE000DA69FB681B6842F00802DA61FB681B681B
:106FF000DA69FB681B6822F00402DA61FB681B682F
:10700000D969BB681A69FB681B680A43DA6123E027
:10701000FB681B68B968184601F0E4FBFB681B6855
:10702000DA69FB681B6842F40062DA61FB681B687E
:10703000DA69FB681B6822F48062DA61FB681B680E
:10704000D969BB681B691A02FB681B680A43DA61CD
:1070500002E00123FB7500BFFB68002283F83C209F
:10706000FB7D18461837BD4680BD80B58CB000AF9B
:10707000F860B9607A603B60002387F82F307A6847
:107080003B689A4200F0BE80FB6893F83C30012BCD
:1070900001D10223B7E0FB68012283F83C20FB68A2
:1070A000022283F83D20BB681B683B61BB685B68BC
:1070B0007B61BB689B68BB61BB68DB68FB61BB68CD
:1070C0001B697B62BB685B69BB627B68002B03D07A
:1070D0007B68042B09D011E0FB681B6807F11002E4
:1070E0001146184601F026FA0CE0FB681B6807F110
:1070F00010021146184601F08DFA03E0012387F8CB
:107100002F3000BF97F82F30002B70D13B68002B39
:1071100003D03B68042B33D065E0FB681868BB687C
:107120009969BB68DA69BB681B6A01F040FCFB68BF
:107130001B689A69FB681B6822F00C029A61FB6865
:107140001B689A68FB681B6822F070029A60FB68F3
:107150001B689A68FB681B6842F050029A60FB68E3
:107160001B689A68FB681B6822F007029A60FB683C
:107170001B689A68FB681B6842F006029A6036E05A
:10718000FB681868BB689969BB68DA69BB681B6AE9
:1071900001F0AEFCFB681B689A69FB681B6822F46F
:1071A00040629A61FB681B689A68FB681B6822F062
:1071B00070029A60FB681B689A68FB681B6842F063
:1071C00060029A60FB681B689A68FB681B6822F083
:1071D00007029A60FB681B689A68FB681B6842F0AC
:1071E00006029A6003E0012387F82F3000BFFB6896
:1071F000012283F83D20FB68002283F83C2097F8A9
:107200002F3000E0012318463037BD4680BD80B5E1
:1072100088B002AFF860B9607A603B603B6A1B0AD5
:10722000013301933B6A00933B687A68B968F86858
:1072300000F007F80346FB75FB7D18461837BD467E
:1072400080BD80B586B000AFF860B9607A603B6001
:107250000023FB75FB6893F84630DBB2022B01D1AB
:1072600002232BE1FB6893F84630DBB2012B0BD1F4
:107270003B68002B04D13B6A002B01D001231DE1A8
:10728000FB68022283F846207B68B3F5804F00F04C
:10729000D8807B68B3F5804F00F2EE807B68B3F551
:1072A000005F00F0B3807B68B3F5005F00F2E4801C
:1072B0007B68B3F5805F00F08E807B68B3F5805FFC
:1072C00000F2DA807B68B3F5006F69D07B68B3F5B4
:1072D000006F00F2D1807B68B3F5806F45D07B688A
:1072E000B3F5806F00F2C8807B68B3F5807F04D06F
:1072F0007B68B3F5007F1CD0BEE0FB681B6A714A57
:10730000DA63FB681B6A704A1A64FB681B6A6F4A7F
:10731000DA64FB68186A3968FB681B684C331A46E4
:107320007B6A06F0E2FE0346002B00F0A8800123F2
:10733000C4E0FB685B6A664ADA63FB685B6A654ABD
:107340001A64FB685B6A614ADA64FB68586A3968E8
:10735000FB681B684C331A467B6A06F0C6FE034680
:10736000002B00F08E800123A8E0FB689B6A584A3E
:10737000DA63FB689B6A574A1A64FB689B6A534A44
:10738000DA64FB68986A3968FB681B684C331A46F4
:107390007B6A06F0AAFE0346002B74D001238DE021
:1073A000FB68DB6A4A4ADA63FB68DB6A494A1A64AB
:1073B000FB68DB6A454ADA64FB68D86A3968FB68AF
:1073C0001B684C331A467B6A06F08FFE0346002B7F
:1073D0005BD0012372E0FB681B6B3D4ADA63FB68FC
:1073E0001B6B3C4A1A64FB681B6B384ADA64FB6807
:1073F000186B3968FB681B684C331A467B6A06F0C9
:1074000074FE0346002B42D0012357E0FB685B6B00
:10741000314ADA63FB685B6B304A1A64FB685B6B6A
:107420002A4ADA64FB68586B3968FB681B684C337E
:107430001A467B6A06F059FE0346002B29D0012329
:107440003CE0FB689B6B264ADA63FB689B6B254A32
:107450001A64FB689B6B1D4ADA64FB68986B396899
:10746000FB681B684C331A467B6A06F03EFE0346F7
:10747000002B10D0012321E00123FB750CE000BF9D
:107480000AE000BF08E000BF06E000BF04E000BF64
:1074900002E000BF00E000BFFB7D002B0DD1FB68C8
:1074A0001B68B9683A6A0A439A64FB681B68D96822
:1074B000FB681B687A680A43DA60FB7D1846183758
:1074C000BD4680BD4D8300087B8300087B8000089B
:1074D0000D810008B58100087DAF0008A1AF00084C
:1074E00097830008C583000880B584B000AF78603A
:1074F00039600023FB733B68B3F5804F50D03B6885
:10750000B3F5804F52D83B68B3F5005F42D03B687B
:10751000B3F5005F4AD83B68B3F5805F34D03B6871
:10752000B3F5805F42D83B68B3F5006F26D03B6867
:10753000B3F5006F3AD83B68B3F5806F18D03B685D
:10754000B3F5806F32D83B68B3F5807F04D03B68D9
:10755000B3F5007F06D029E07B681B6A184606F069
:107560008CFE26E07B685B6A184606F086FE20E00B
:107570007B689B6A184606F080FE1AE07B68DB6A2F
:10758000184606F07AFE14E07B681B6B184606F07E
:1075900074FE0EE07B685B6B184606F06EFE08E03A
:1075A0007B689B6B184606F068FE02E00123FB73C4
:1075B00000BFFB7B002B0CD17B681B68D9683B6844
:1075C000DA437B681B680A40DA607B68012283F833
:1075D0004620FB7B18461037BD4680BD80B588B07D
:1075E00002AFF860B9607A603B603B6A1B0A013306
:1075F00001933B6A00933B687A68B968F86800F0C9
:1076000007F80346FB75FB7D18461837BD4680BD5D
:1076100080B586B000AFF860B9607A603B60002347
:10762000FB75FB6893F84630DBB2022B01D10223D5
:107630002BE1FB6893F84630DBB2012B0BD13B68A2
:10764000002B04D13B6A002B01D001231DE1FB6814
:10765000022283F846207B68B3F5804F00F0D88083
:107660007B68B3F5804F00F2EE807B68B3F5005F76
:1076700000F0B3807B68B3F5005F00F2E4807B68C4
:10768000B3F5805F00F08E807B68B3F5805F00F219
:10769000DA807B68B3F5006F69D07B68B3F5006F63
:1076A00000F2D1807B68B3F5806F45D07B68B3F57D
:1076B000806F00F2C8807B68B3F5807F04D07B6860
:1076C000B3F5007F1CD0BEE0FB681B6A714ADA6329
:1076D000FB681B6A704A1A64FB681B6A6F4ADA64AB
:1076E000FB68186AFB681B684C3319463A687B6A6A
:1076F00006F0FBFC0346002B00F0A8800123C4E049
:10770000FB685B6A664ADA63FB685B6A654A1A640F
:10771000FB685B6A614ADA64FB68586AFB681B684D
:107720004C3319463A687B6A06F0DFFC0346002BAF
:1077300000F08E800123A8E0FB689B6A584ADA6358
:10774000FB689B6A574A1A64FB689B6A534ADA646F
:10775000FB68986AFB681B684C3319463A687B6A79
:1077600006F0C3FC0346002B74D001238DE0FB68B8
:10777000DB6A4B4ADA63FB68DB6A4A4A1A64FB68D5
:10778000DB6A464ADA64FB68D86AFB681B684C33DC
:1077900019463A687B6A06F0A8FC0346002B5BD0CA
:1077A000012372E0FB681B6B3D4ADA63FB681B6BCD
:1077B0003C4A1A64FB681B6B384ADA64FB68186B36
:1077C000FB681B684C3319463A687B6A06F08DFCEF
:1077D0000346002B42D0012357E0FB685B6B324A23
:1077E000DA63FB685B6B314A1A64FB685B6B2B4A9C
:1077F000DA64FB68586BFB681B684C3319463A68BF
:107800007B6A06F072FC0346002B29D001233CE082
:10781000FB689B6B264ADA63FB689B6B254A1A64FC
:10782000FB689B6B1D4ADA64FB68986BFB681B68FE
:107830004C3319463A687B6A06F057FC0346002B26
:1078400010D0012321E00123FB750CE000BF0AE00A
:1078500000BF08E000BF06E000BF04E000BF02E098
:1078600000BF00E000BFFB7D002B0DD1FB681B6853
:10787000B9683A6A0A439A64FB681B68D968FB686E
:107880001B687A680A43DA60FB7D18461837BD46E4
:1078900080BD00BF4D8300087B8300087B8000080B
:1078A0001D820008E58200087DAF0008A1AF000836
:1078B00097830008C583000880B584B000AF786066
:1078C00039600023FB733B68B3F5804F50D03B68B1
:1078D000B3F5804F52D83B68B3F5005F42D03B68A8
:1078E000B3F5005F4AD83B68B3F5805F34D03B689E
:1078F000B3F5805F42D83B68B3F5006F26D03B6894
:10790000B3F5006F3AD83B68B3F5806F18D03B6889
:10791000B3F5806F32D83B68B3F5807F04D03B6805
:10792000B3F5007F06D029E07B681B6A184606F095
:10793000A4FC26E07B685B6A184606F09EFC20E00B
:107940007B689B6A184606F098FC1AE07B68DB6A45
:10795000184606F092FC14E07B681B6B184606F094
:107960008CFC0EE07B685B6B184606F086FC08E03A
:107970007B689B6B184606F080FC02E00123FB73DA
:1079800000BFFB7B002B0CD17B681B68D9683B6870
:10799000DA437B681B680A40DA607B68012283F85F
:1079A0004620FB7B18461037BD4680BD80B483B0AF
:1079B00000AF786039607B6893F83C30012B01D1CF
:1079C000022314E07B68012283F83C207B680222BA
:1079D00083F83D207B681B683A685A617B68012206
:1079E00083F83D207B68002283F83C200023184662
:1079F0000C37BD4680BC704780B586B000AFF860DC
:107A0000B9607A600023FB75FB6893F83C30012B6A
:107A100001D10223ABE0FB68012283F83C20FB6824
:107A2000022283F83D20BB685B68002B02D0012B4B
:107A300009D021E0FB681B689A68FB681B6822F488
:107A40007F429A601BE0BB68DB68002B09D0FB68B3
:107A5000012283F83D20FB68002283F83C200123AB
:107A600085E0FB681868BB68D968BB689A68BB6822
:107A70001B6901F039F902E00123FB7500BFFB7DB2
:107A8000002B6BD17B680C2B51D07B680C2B64D8FE
:107A90007B68082B35D07B68082B5ED87B68002B71
:107AA00003D07B68042B16D057E0BB681B68002B03
:107AB00008D0FB681B689A69FB681B6842F080026B
:107AC0009A614BE0FB681B689A69FB681B6822F0AF
:107AD00080029A6142E0BB681B68002B08D0FB68FB
:107AE0001B689A69FB681B6842F400429A6135E0A2
:107AF000FB681B689A69FB681B6822F400429A6164
:107B00002CE0BB681B68002B08D0FB681B68DA6997
:107B1000FB681B6842F08002DA611FE0FB681B68AB
:107B2000DA69FB681B6822F08002DA6116E0BB6844
:107B30001B68002B08D0FB681B68DA69FB681B68B0
:107B400042F40042DA6109E0FB681B68DA69FB680D
:107B50001B6822F40042DA6100E000BFFB680122EA
:107B600083F83D20FB68002283F83C20FB7D18460B
:107B70001837BD4680BD80B584B000AF78603960ED
:107B80000023FB737B6893F83C30012B01D1022367
:107B9000B4E07B68012283F83C207B68022283F8F2
:107BA0003D207B681B689B68BB60BB6823F0770344
:107BB000BB60BB6823F47F43BB607B681B68BA680B
:107BC0009A603B681B68B3F5005F3ED0B3F5005F79
:107BD00000F28780B3F5805F00F08680B3F5805FA8
:107BE0007FD8702B1AD0702B7BD8602B50D0602B95
:107BF00077D8502B3CD0502B73D8402B58D0402BEB
:107C00006FD8302B64D0302B6BD8202B60D0202B3A
:107C100067D8002B5CD0102B5AD062E07B681868C4
:107C20003B6899683B685A683B68DB6801F05CF820
:107C30007B681B689B68BB60BB6843F07703BB60D5
:107C40007B681B68BA689A604FE07B6818683B687D
:107C500099683B685A683B68DB6801F045F87B68C7
:107C60001B689A687B681B6842F480429A603CE01B
:107C70007B6818683B6859683B68DB681A4600F007
:107C800009FF7B681B685021184601F013F82CE0AF
:107C90007B6818683B6859683B68DB681A4600F0E7
:107CA00063FF7B681B686021184601F003F81CE045
:107CB0007B6818683B6859683B68DB681A4600F0C7
:107CC000E9FE7B681B684021184600F0F3FF0CE0DA
:107CD0007B681A683B681B681946104600F0EAFF8B
:107CE00003E00123FB7300E000BF7B68012283F8FF
:107CF0003D207B68002283F83C20FB7B1846103730
:107D0000BD4680BD80B485B000AF786039607B68C7
:107D10001B685B68FB60FB6823F08003FB60FA680C
:107D20003B681343FB607B681B68FA685A6000235A
:107D300018461437BD4680BC704780B582B000AF8E
:107D4000786039607B6893F83C30012B01D10223C5
:107D500031E07B68012283F83C207B68022283F8B3
:107D60003D203968786800F091FD0346002B09D06A
:107D70007B68012283F83D207B68002283F83C2049
:107D8000012318E07B681B68DA687B681B6822F0B7
:107D90004002DA607B681B68DA687B681B6822F443
:107DA0008042DA607B68012283F83D207B680022F4
:107DB00083F83C20002318460837BD4680BD80B5B7
:107DC00082B000AF786039607B6893F83C30012B5B
:107DD00001D1022331E07B68012283F83C207B68DB
:107DE000022283F83D203968786800F04FFD034691
:107DF000002B09D07B68012283F83D207B6800229C
:107E000083F83C20012318E07B681B68DA687B68F4
:107E10001B6842F04002DA607B681B68DA687B68A6
:107E20001B6822F48042DA607B68012283F83D20DF
:107E30007B68002283F83C20002318460837BD46A3
:107E400080BD80B485B000AF786039600023FB60EE
:107E50003B680C2B1ED03B680C2B20D83B68082BB2
:107E600013D03B68082B1AD83B68002B03D03B6823
:107E7000042B05D013E07B681B685B6BFB600FE095
:107E80007B681B689B6BFB600AE07B681B68DB6B95
:107E9000FB6005E07B681B681B6CFB6000E000BFBB
:107EA000FB6818461437BD4680BC704780B483B069
:107EB00000AF786000BF0C37BD4680BC704780B40F
:107EC00083B000AF786000BF0C37BD4680BC704700
:107ED00080B483B000AF786000BF0C37BD4680BC73
:107EE000704780B483B000AF786000BF0C37BD46E8
:107EF00080BC704780B483B000AF786000BF0C379F
:107F0000BD4680BC704780B483B000AF786000BFCE
:107F10000C37BD4680BC704780B483B000AF78603A
:107F200000BF0C37BD4680BC704780B483B000AF43
:107F3000786000BF0C37BD4680BC704780B483B00A
:107F400000AF786000BF0C37BD4680BC704780B47E
:107F500083B000AF786000BF0C37BD4680BC70476F
:107F600080B483B000AF78607B6893F83D30DBB2BB
:107F700018460C37BD4680BC704780B483B000AF54
:107F800078607B6893F83D30DBB218460C37BD460D
:107F900080BC704780B483B000AF78607B6893F892
:107FA0003D30DBB218460C37BD4680BC704780B40C
:107FB00083B000AF78607B6893F83D30DBB2184641
:107FC0000C37BD4680BC704780B483B000AF78608A
:107FD0007B6893F83D30DBB218460C37BD4680BC59
:107FE000704780B483B000AF78607B6893F83D3011
:107FF000DBB218460C37BD4680BC704780B483B0F6
:1080000000AF78607B681B7F18460C37BD4680BC8C
:10801000704780B485B000AF786039603B68002B52
:1080200004D17B6893F83E30FB7313E03B68042B6C
:1080300004D17B6893F83F30FB730BE03B68082B5F
:1080400004D17B6893F84030FB7303E07B6893F8BE
:108050004130FB73FB7B18461437BD4680BC70472C
:1080600080B483B000AF78607B6893F84630DBB2B1
:1080700018460C37BD4680BC704780B584B000AF51
:1080800078607B689B6BFB60FB685B6A7A689A42EE
:1080900007D1FB6801221A77FB68012283F83E2092
:1080A0002AE0FB689B6A7A689A4207D1FB68022241
:1080B0001A77FB68012283F83F201DE0FB68DB6A2A
:1080C0007A689A4207D1FB6804221A77FB6801227A
:1080D00083F8402010E0FB681B6B7A689A4207D156
:1080E000FB6808221A77FB68012283F8412003E02D
:1080F000FB68012283F83D20F868FFF728FFFB6842
:1081000000221A7700BF1037BD4680BD80B584B00D
:1081100000AF78607B689B6BFB60FB685B6A7A688A
:108120009A420BD1FB6801221A777B68DB69002B2E
:1081300036D1FB68012283F83E2031E0FB689B6A60
:108140007A689A420BD1FB6802221A777B68DB6956
:10815000002B25D1FB68012283F83F2020E0FB683B
:10816000DB6A7A689A420BD1FB6804221A777B6833
:10817000DB69002B14D1FB68012283F840200FE05B
:10818000FB681B6B7A689A420AD1FB6808221A774F
:108190007B68DB69002B03D1FB68012283F8412057
:1081A000F868FFF7B0FEFB6800221A7700BF1037AF
:1081B000BD4680BD80B584B000AF78607B689B6BA6
:1081C000FB60FB685B6A7A689A4203D1FB68012214
:1081D0001A7719E0FB689B6A7A689A4203D1FB68B8
:1081E00002221A7710E0FB68DB6A7A689A4203D1B0
:1081F000FB6804221A7707E0FB681B6B7A689A42D7
:1082000002D1FB6808221A77F868FFF785FEFB6841
:1082100000221A7700BF1037BD4680BD80B584B0FC
:1082200000AF78607B689B6BFB60FB685B6A7A6879
:108230009A420FD1FB6801221A777B68DB69002B19
:1082400046D1FB68012283F83E20FB68012283F8B7
:1082500042203DE0FB689B6A7A689A420FD1FB6836
:1082600002221A777B68DB69002B31D1FB6801227F
:1082700083F83F20FB68012283F8432028E0FB6855
:10828000DB6A7A689A420FD1FB6804221A777B680E
:10829000DB69002B1CD1FB68012283F84020FB68BE
:1082A000012283F8442013E0FB681B6B7A689A4232
:1082B0000ED1FB6808221A777B68DB69002B07D197
:1082C000FB68012283F84120FB68012283F84520E6
:1082D000F868FFF706FEFB6800221A7700BF103728
:1082E000BD4680BD80B584B000AF78607B689B6B75
:1082F000FB60FB685B6A7A689A4203D1FB680122E3
:108300001A7719E0FB689B6A7A689A4203D1FB6886
:1083100002221A7710E0FB68DB6A7A689A4203D17E
:10832000FB6804221A7707E0FB681B6B7A689A42A5
:1083300002D1FB6808221A77F868FFF7DBFDFB68BB
:1083400000221A7700BF1037BD4680BD80B584B0CB
:1083500000AF78607B689B6BFB60FB681B6ADB6926
:10836000002B03D1FB68012283F83D20F8680DF053
:1083700019FF00BF1037BD4680BD80B584B000AF87
:1083800078607B689B6BFB60F868FFF798FD00BF27
:108390001037BD4680BD80B584B000AF78607B6883
:1083A0009B6BFB60FB689B6BDB69002B03D1FB685D
:1083B000012283F83D20F868FFF7B7FD00BF1037B2
:1083C000BD4680BD80B584B000AF78607B689B6B94
:1083D000FB60F868FFF7B2FD00BF1037BD4680BDF7
:1083E00080B485B000AF786039607B681B68FB6043
:1083F0007B68454A934213D07B68B3F1804F0FD01E
:108400007B68424A93420BD07B68414A934207D033
:108410007B68404A934203D07B683F4A934208D12D
:10842000FB6823F07003FB603B685B68FA681343EA
:10843000FB607B68344A93422BD07B68B3F1804F5A
:1084400027D07B68314A934223D07B68304A9342DD
:108450001FD07B682F4A93421BD07B682E4A9342E1
:1084600017D07B682D4A934213D07B682C4A9342E5
:108470000FD07B682B4A93420BD07B682A4A9342E9
:1084800007D07B68294A934203D07B68284A9342ED
:1084900008D1FB6823F44073FB603B68DB68FA6833
:1084A0001343FB60FB6823F080023B685B69134366
:1084B000FB607B68FA681A603B689A687B68DA62DE
:1084C0003B681A687B689A627B680F4A934203D0C4
:1084D0007B68114A934203D13B681A697B681A632F
:1084E0007B6801225A617B681B6903F00103012B41
:1084F00005D17B681B6923F001027B681A6100BF0C
:108500001437BD4680BC70470000014000040040A5
:1085100000080040000C0040000401400040014001
:10852000004401400048014000180040001C004089
:108530000020004080B487B000AF786039607B686D
:108540001B6A7B617B681B6A23F001027B681A62ED
:108550007B685B683B617B689B69FB60FB6823F021
:108560007003FB60FB6823F00303FB603B681B6840
:10857000FA681343FB607B6923F002037B613B686D
:108580009B687A6913437B617B68204A934203D0DE
:108590007B681F4A93420CD17B6923F008037B61FF
:1085A0003B68DB687A6913437B617B6923F00403D2
:1085B0007B617B68154A934203D07B68144A9342DF
:1085C00011D13B6923F480733B613B6923F4007351
:1085D0003B613B685B693A6913433B613B689B695C
:1085E0003A6913433B617B683A695A607B68FA6871
:1085F0009A613B685A687B685A637B687A691A6239
:1086000000BF1C37BD4680BC704700BF0000014062
:108610000004014080B487B000AF786039607B68A7
:108620001B6A7B617B681B6A23F010027B681A62FD
:108630007B685B683B617B689B69FB60FB6823F43C
:10864000E043FB60FB6823F44073FB603B681B68FE
:108650001B02FA681343FB607B6923F020037B61F4
:108660003B689B681B017A6913437B617B68214AE5
:10867000934203D07B68204A93420DD17B6923F05B
:1086800080037B613B68DB681B017A6913437B6174
:108690007B6923F040037B617B68164A934203D0D9
:1086A0007B68154A934213D13B6923F480633B6195
:1086B0003B6923F400633B613B685B699B003A695B
:1086C00013433B613B689B699B003A6913433B61E1
:1086D0007B683A695A607B68FA689A613B685A68B5
:1086E0007B689A637B687A691A6200BF1C37BD4653
:1086F00080BC7047000001400004014080B487B096
:1087000000AF786039607B681B6A7B617B681B6A9D
:1087100023F480727B681A627B685B683B617B68CC
:10872000DB69FB60FB6823F07003FB60FB6823F0F0
:108730000303FB603B681B68FA681343FB607B69BB
:1087400023F400737B613B689B681B027A691343C7
:108750007B617B68214A934203D07B68204A934225
:108760000DD17B6923F400637B613B68DB681B02EE
:108770007A6913437B617B6923F480637B617B6847
:10878000164A934203D07B68154A934213D13B6942
:1087900023F480533B613B6923F400533B613B6806
:1087A0005B691B013A6913433B613B689B691B0191
:1087B0003A6913433B617B683A695A607B68FA689F
:1087C000DA613B685A687B68DA637B687A691A62A7
:1087D00000BF1C37BD4680BC704700BF0000014091
:1087E0000004014080B487B000AF786039607B68D6
:1087F0001B6A3B617B681B6A23F480527B681A62A8
:108800007B685B687B617B68DB69FB60FB6823F4EA
:10881000E043FB60FB6823F44073FB603B681B682C
:108820001B02FA681343FB603B6923F400533B616E
:108830003B689B681B033A6913433B617B68114AA1
:10884000934203D07B68104A934209D17B6923F499
:1088500080437B613B685B699B017A6913437B6161
:108860007B687A695A607B68FA68DA613B685A68A3
:108870007B681A647B683A691A6200BF1C37BD4680
:1088800080BC7047000001400004014080B586B004
:1088900000AF786039600023FB757B681B689B68BC
:1088A0003B613B6923F070033B613B685B683A695D
:1088B00013433B613B6923F007033B613B681B6843
:1088C0003A6913433B617B681B683A699A603B686D
:1088D0005B68702B1AD0702B60D8602B54D0602B43
:1088E0005CD8502B46D0502B58D8402B19D0402B59
:1088F00054D8302B55D0302B50D8202B51D0202B92
:108900004CD8002B4DD0102B4BD047E07B6818681B
:108910003B68D9683B689A683B681B6900F0E4F9DA
:1089200040E03B681B68052B01D101233BE07B68DD
:108930001B681B6AFB607B681B681A6A7B681B6884
:1089400022F001021A627B681B689B69BB60BB68EE
:1089500023F0F003BB603B681B691B01BA6813433B
:10896000BB607B681B68BA689A617B681B68FA68A1
:108970001A6217E07B6818683B6899683B681B6956
:108980001A4600F087F80DE07B6818683B68996824
:108990003B681B691A4600F0E7F803E00123FB750A
:1089A00000E000BFFB7D18461837BD4680BD80B48F
:1089B00087B000AFF860B9607A603B60FB681B6A03
:1089C0003B61FB681B6A23F00102FB681A62FB68CB
:1089D0009B697B61FB68284A93421BD0FB68B3F11B
:1089E000804F17D0FB68254A934213D0FB68244A76
:1089F00093420FD0FB68234A93420BD0FB68224A74
:108A0000934207D0FB68214A934203D0FB68204A77
:108A1000934201D1012300E00023002B08D07B69A1
:108A200023F003037B617A697B6813437B6103E076
:108A30007B6943F001037B617B6923F0F0037B6179
:108A40003B681B01DBB27A6913437B613B6923F00E
:108A50000A033B61BB6803F00A033A6913433B61B5
:108A6000FB687A699A61FB683A691A6200BF1C3731
:108A7000BD4680BC704700BF0000014000040040BC
:108A800000080040000C004000040140004001408C
:108A90000018004080B487B000AFF860B9607A6019
:108AA000FB681B6A7B61FB681B6A23F00102FB68A1
:108AB0001A62FB689B693B613B6923F0F0033B61F1
:108AC0007B681B013A6913433B617B6923F00A030E
:108AD0007B617A69BB6813437B61FB683A699A6181
:108AE000FB687A691A6200BF1C37BD4680BC7047BC
:108AF00080B487B000AFF860B9607A603B60FB6813
:108B00001B6A7B61FB681B6A23F01002FB681A6218
:108B1000FB689B693B613B6923F440733B617B6865
:108B20001B023A6913433B613B6923F470433B6189
:108B30003B681B039BB23A6913433B617B6923F09B
:108B4000A0037B61BB681B0103F0A0037A69134398
:108B50007B61FB683A699A61FB687A691A6200BFB7
:108B60001C37BD4680BC704780B487B000AFF8604A
:108B7000B9607A60FB681B6A7B61FB681B6A23F043
:108B80001002FB681A62FB689B693B613B6923F436
:108B900070433B617B681B033A6913433B617B690C
:108BA00023F0A0037B61BB681B017A6913437B61DF
:108BB000FB683A699A61FB687A691A6200BF1C37E0
:108BC000BD4680BC704780B487B000AFF860B96024
:108BD0007A603B60FB681B6A7B61FB681B6A23F45D
:108BE0008072FB681A62FB68DB693B613B6923F0BA
:108BF00003033B613A697B6813433B613B6923F0A4
:108C0000F0033B613B681B01DBB23A6913433B61F4
:108C10007B6923F420637B61BB681B0203F4206340
:108C20007A6913437B61FB683A69DA61FB687A69A8
:108C30001A6200BF1C37BD4680BC704780B487B045
:108C400000AFF860B9607A603B60FB681B6A7B61CB
:108C5000FB681B6A23F48052FB681A62FB68DB69BD
:108C60003B613B6923F440733B617B681B023A69BB
:108C700013433B613B6923F470433B613B681B0337
:108C80009BB23A6913433B617B6923F420437B61C8
:108C9000BB681B0303F420437A6913437B61FB68C1
:108CA0003A69DA61FB687A691A6200BF1C37BD460F
:108CB00080BC704780B485B000AF786039607B6855
:108CC0009B68FB60FB6823F07003FB603A68FB68FD
:108CD000134343F00703FB607B68FA689A6000BFA8
:108CE0001437BD4680BC704780B487B000AFF860D1
:108CF000B9607A603B60FB689B687B617B6923F4A9
:108D00007F437B613B681A027B681A43BB6813434D
:108D10007A6913437B61FB687A699A6000BF1C37EC
:108D2000BD4680BC704780B487B000AFF860B960C2
:108D30007A60BB6803F01F03012202FA03F37B6130
:108D4000FB681A6A7B69DB431A40FB681A62FB689E
:108D50001A6ABB6803F01F03796801FA03F31A4328
:108D6000FB681A6200BF1C37BD4680BC704700BF5D
:108D700080B58AB000AF786039607B68002B01D184
:108D800001239AE07B6893F83D30DBB2002B06D1DB
:108D90007B68002283F83C20786800F0D6F87B6876
:108DA000022283F83D207B681A687B6804331946E9
:108DB0001046FFF715FB7B6818683B6819683B682D
:108DC0009B680322FFF7F3FD7B681B689A697B6849
:108DD0001B6822F00C029A617B681B6899693B68EA
:108DE0005A687B681B680A439A617B681B685A68EB
:108DF0007B681B6842F080025A607B681B689A6837
:108E00007B681B6822F070029A607B681B689A6816
:108E10007B681B6842F040029A607B681B689A6816
:108E20007B681B6822F007029A607B681B689A685F
:108E30007B681B6842F004029A600023FB610023F8
:108E40003B627023FB6000237B620023BB61002335
:108E50007B613B68DB683B617B681B6807F10C0248
:108E600011461846FFF7D6FB7B681B685A687B687B
:108E70001B6822F070025A607B681B685A687B6826
:108E80001B6842F050025A607B68012283F846203A
:108E90007B68012283F83E207B68012283F83F2013
:108EA0007B68012283F842207B68012283F84320FB
:108EB0007B68012283F83D20002318462837BD46F1
:108EC00080BD80B582B000AF78607B68022283F8F5
:108ED0003D207B681B681A6A41F211131340002B76
:108EE0000FD17B681B681A6A40F244431340002B81
:108EF00007D17B681B681A687B681B6822F0010237
:108F00001A60786800F02AF87B68002283F846200F
:108F10007B68002283F83E207B68002283F83F2094
:108F20007B68002283F842207B68002283F843207C
:108F30007B68002283F83D207B68002283F83C2078
:108F4000002318460837BD4680BD80B483B000AF0B
:108F5000786000BF0C37BD4680BC704780B483B0DA
:108F600000AF786000BF0C37BD4680BC704780B54D
:108F700084B000AF78607B6893F83E30FB737B6809
:108F800093F83F30BB737B6893F842307B737B6808
:108F900093F843303B73FB7B012B08D1BB7B012B48
:108FA00005D17B7B012B02D13B7B012B01D001231F
:108FB00059E07B68022283F83E207B68022283F816
:108FC0003F207B68022283F842207B68022283F8DC
:108FD00043207B681B68012200211846FFF7A3FE8F
:108FE0007B681B68224A934222D07B681B68B3F1DE
:108FF000804F1DD07B681B681E4A934218D07B6847
:109000001B681D4A934213D07B681B681B4A93421E
:109010000ED07B681B681A4A934209D07B681B6894
:10902000184A934204D07B681B68174A934211D1B7
:109030007B681B689B6803F00703BB60BB68062B5B
:1090400010D07B681B681A687B681B6842F00102BD
:109050001A6007E07B681B681A687B681B6842F02F
:1090600001021A60002318461037BD4680BD00BFBC
:10907000000001400004004000080040000C0040D7
:1090800000040140004001400018004080B582B05B
:1090900000AF78607B681B68002200211846FFF74C
:1090A00042FE7B681B681A6A41F211131340002BC1
:1090B0000FD17B681B681A6A40F244431340002BAF
:1090C00007D17B681B681A687B681B6822F0010265
:1090D0001A607B68012283F83E207B68012283F8B6
:1090E0003F207B68012283F842207B68012283F8BD
:1090F0004320002318460837BD4680BD80B584B0A4
:1091000000AF78607B6893F83E30FB737B6893F820
:109110003F30BB737B6893F842307B737B6893F876
:1091200043303B73FB7B012B08D1BB7B012B05D16B
:109130007B7B012B02D13B7B012B01D0012361E022
:109140007B68022283F83E207B68022283F83F205E
:109150007B68022283F842207B68022283F8432046
:109160007B681B68DA687B681B6842F00202DA6081
:109170007B681B68012200211846FFF7D4FD7B683D
:109180001B68224A934222D07B681B68B3F1804F50
:109190001DD07B681B681E4A934218D07B681B68F1
:1091A0001C4A934213D07B681B681B4A93420ED023
:1091B0007B681B68194A934209D07B681B68184A70
:1091C000934204D07B681B68164A934211D17B6896
:1091D0001B689B6803F00703BB60BB68062B10D0BD
:1091E0007B681B681A687B681B6842F001021A6082
:1091F00007E07B681B681A687B681B6842F0010205
:109200001A60002318461037BD4680BD000001409B
:109210000004004000080040000C00400004014031
:10922000004001400018004080B582B000AF786077
:109230007B681B68002200211846FFF774FD7B68DD
:109240001B68DA687B681B6822F00202DA607B68C0
:109250001B681A6A41F211131340002B0FD17B686F
:109260001B681A6A40F244431340002B07D17B6805
:109270001B681A687B681B6822F001021A607B6811
:10928000012283F83E207B68012283F83F207B681F
:10929000012283F842207B68012283F843200023C7
:1092A00018460837BD4680BD80B586B000AFF8606F
:1092B000B9601346FB80FB6893F83E30FB75FB6892
:1092C00093F84230BB75FB7D022B02D0BB7D022B95
:1092D00001D1022386E0FB7D012B34D1BB7D012B24
:1092E00031D1BB68002B02D0FB88002B01D10123B8
:1092F00078E0FB68022283F83E20FB68022283F8B4
:10930000422000BFFB681B68012200211846FFF7BE
:109310000AFDFB685B6A354ADA63FB685B6A344ABC
:109320001A64FB685B6A334ADA64FB68586AFB6854
:109330001B6834331946BA68FB8804F0D6FE03462E
:10934000002B04D001E001234CE001234AE0FB683C
:109350001B68DA68FB681B6842F40072DA60FB681D
:109360001B68254A934222D0FB681B68B3F1804FEB
:109370001DD0FB681B68214A934218D0FB681B680C
:109380001F4A934213D0FB681B681E4A93420ED0BB
:10939000FB681B681C4A934209D0FB681B681B4A88
:1093A000934204D0FB681B68194A934211D1FB68B1
:1093B0001B689B6803F007033B613B69062B10D0D9
:1093C000FB681B681A68FB681B6842F001021A60A0
:1093D00007E0FB681B681A68FB681B6842F0010223
:1093E0001A60002318461837BD4680BD1D8200084C
:1093F000E58200087B800008000001400004004076
:1094000000080040000C0040000401400040014002
:109410000018004080B582B000AF78607B681B68A0
:10942000002200211846FFF77EFC7B681B68DA6883
:109430007B681B6822F40072DA607B685B6A1846FE
:1094400004F01BFF7B681B681A6A41F2111313407A
:10945000002B0FD17B681B681A6A40F2444313400B
:10946000002B07D17B681B681A687B681B6822F099
:1094700001021A607B68012283F83E207B6801228A
:1094800083F84220002318460837BD4680BD80B5CA
:1094900084B000AF786039603B68002B09D17B68ED
:1094A00093F84230DBB2012B14BF01230023DBB25F
:1094B00022E03B68042B09D17B6893F84330DBB290
:1094C000012B14BF01230023DBB215E03B68082BFE
:1094D00009D17B6893F84430DBB2012B14BF012320
:1094E0000023DBB208E07B6893F84530DBB2012B48
:1094F00014BF01230023DBB2002B01D001236DE058
:109500003B68002B04D17B68022283F8422013E0E1
:109510003B68042B04D17B68022283F843200BE0D4
:109520003B68082B04D17B68022283F8442003E0C7
:109530007B68022283F845207B681B680422396817
:10954000184601F0B9FD7B681B685A6C7B681B6884
:1095500042F400425A647B681B68224A934222D03C
:109560007B681B68B3F1804F1DD07B681B681E4A67
:10957000934218D07B681B681C4A934213D07B68C7
:109580001B681B4A93420ED07B681B68194A9342A2
:1095900009D07B681B68184A934204D07B681B681B
:1095A000164A934211D17B681B689B6803F007033E
:1095B000FB60FB68062B10D07B681B681A687B6811
:1095C0001B6842F001021A6007E07B681B681A689A
:1095D0007B681B6842F001021A60002318461037AE
:1095E000BD4680BD0000014000040040000800406E
:1095F000000C004000040140004001400018004001
:1096000080B582B000AF786039607B681B6800224B
:109610003968184601F050FD7B681B681A6A41F2F0
:1096200011131340002B0FD17B681B681A6A40F29C
:1096300044431340002B07D17B681B685A6C7B683E
:109640001B6822F400425A647B681B681A6A41F264
:1096500011131340002B0FD17B681B681A6A40F26C
:1096600044431340002B07D17B681B681A687B6852
:109670001B6822F001021A603B68002B04D17B6852
:10968000012283F8422013E03B68042B04D17B685D
:10969000012283F843200BE03B68082B04D17B6850
:1096A000012283F8442003E07B68012283F84520EF
:1096B000002318460837BD4680BD80B584B000AF92
:1096C000786039600023FB733B68002B09D17B680D
:1096D00093F84230DBB2012B14BF01230023DBB22D
:1096E00022E03B68042B09D17B6893F84330DBB25E
:1096F000012B14BF01230023DBB215E03B68082BCC
:1097000009D17B6893F84430DBB2012B14BF0123ED
:109710000023DBB208E07B6893F84530DBB2012B15
:1097200014BF01230023DBB2002B01D00123A3E0EF
:109730003B68002B04D17B68022283F8422013E0AF
:109740003B68042B04D17B68022283F843200BE0A2
:109750003B68082B04D17B68022283F8442003E095
:109760007B68022283F845203B68082B1BD03B68AE
:10977000082B21D83B68002B03D03B68042B09D071
:109780001AE07B681B68DA687B681B6842F002029B
:10979000DA6014E07B681B68DA687B681B6842F05B
:1097A0000402DA600BE07B681B68DA687B681B6880
:1097B00042F00802DA6002E00123FB7300BFFB7B8A
:1097C000002B58D17B681B68DA687B681B6842F005
:1097D0008002DA607B681B6804223968184601F051
:1097E0006BFC7B681B685A6C7B681B6842F4004208
:1097F0005A647B681B68224A934222D07B681B68AC
:10980000B3F1804F1DD07B681B681E4A934218D06D
:109810007B681B681C4A934213D07B681B681B4AF9
:1098200093420ED07B681B68194A934209D07B682B
:109830001B68184A934204D07B681B68164A9342FF
:1098400011D17B681B689B6803F00703BB60BB6892
:10985000062B10D07B681B681A687B681B6842F077
:1098600001021A6007E07B681B681A687B681B6846
:1098700042F001021A60FB7B18461037BD4680BDDE
:10988000000001400004004000080040000C0040BF
:1098900000040140004001400018004080B584B041
:1098A00000AF786039600023FB733B68082B1BD046
:1098B0003B68082B21D83B68002B03D03B68042B66
:1098C00009D01AE07B681B68DA687B681B6822F0A5
:1098D0000202DA6014E07B681B68DA687B681B6848
:1098E00022F00402DA600BE07B681B68DA687B68B0
:1098F0001B6822F00802DA6002E00123FB7300BF5C
:10990000FB7B002B64D17B681B68002239681846FA
:1099100001F0D2FB7B681B681B6ABB60BA6840F22F
:1099200044431340002B07D17B681B68DA687B68CF
:109930001B6822F08002DA607B681B681A6A41F2B9
:1099400011131340002B0FD17B681B681A6A40F279
:1099500044431340002B07D17B681B685A6C7B681B
:109960001B6822F400425A647B681B681A6A41F241
:1099700011131340002B0FD17B681B681A6A40F249
:1099800044431340002B07D17B681B681A687B682F
:109990001B6822F001021A603B68002B04D17B682F
:1099A000012283F8422013E03B68042B04D17B683A
:1099B000012283F843200BE03B68082B04D17B682D
:1099C000012283F8442003E07B68012283F84520CC
:1099D000FB7B18461037BD4680BD80B586B000AF12
:1099E000F860B9607A607B800023FB75BB68002B50
:1099F00009D1FB6893F84230DBB2022B0CBF012384
:109A00000023DBB222E0BB68042B09D1FB6893F88A
:109A10004330DBB2022B0CBF01230023DBB215E085
:109A2000BB68082B09D1FB6893F84430DBB2022BEA
:109A30000CBF01230023DBB208E0FB6893F845303C
:109A4000DBB2022B0CBF01230023DBB2002B01D0C1
:109A5000022329E1BB68002B09D1FB6893F842304F
:109A6000DBB2012B0CBF01230023DBB222E0BB6879
:109A7000042B09D1FB6893F84330DBB2012B0CBFF8
:109A800001230023DBB215E0BB68082B09D1FB687A
:109A900093F84430DBB2012B0CBF01230023DBB26F
:109AA00008E0FB6893F84530DBB2012B0CBF0123C3
:109AB0000023DBB2002B24D07B68002B02D07B88F4
:109AC000002B01D10123EFE0BB68002B04D1FB6820
:109AD000022283F8422016E0BB68042B04D1FB6805
:109AE000022283F843200EE0BB68082B04D1FB68F8
:109AF000022283F8442006E0FB68022283F8452016
:109B000001E00123D0E0BB68082B51D0BB68082BD3
:109B100072D8BB68002B03D0BB68042B24D06BE049
:109B2000FB685B6A624ADA63FB685B6A614A1A64D3
:109B3000FB685B6A604ADA64FB68586A7968FB68AC
:109B40001B6834331A467B8804F0CFFA0346002B97
:109B500001D00123A8E0FB681B68DA68FB681B687A
:109B600042F40072DA604AE0FB689B6A504ADA63AA
:109B7000FB689B6A4F4A1A64FB689B6A4E4ADA6428
:109B8000FB68986A7968FB681B6838331A467B88DB
:109B900004F0ABFA0346002B01D0012384E0FB68FC
:109BA0001B68DA68FB681B6842F48062DA6026E0B2
:109BB000FB68DB6A3E4ADA63FB68DB6A3D4A1A648B
:109BC000FB68DB6A3C4ADA64FB68D86A7968FB6840
:109BD0001B683C331A467B8804F087FA0346002B47
:109BE00001D0012360E0FB681B68DA68FB681B6832
:109BF00042F40062DA6002E00123FB7500BFFB7DE6
:109C0000002B50D1FB681B680422B968184601F08C
:109C100053FAFB681B685A6CFB681B6842F40042ED
:109C20005A64FB681B68254A934222D0FB681B6874
:109C3000B3F1804F1DD0FB681B68214A934218D0B6
:109C4000FB681B681F4A934213D0FB681B681E4ABF
:109C500093420ED0FB681B681C4A934209D0FB68F4
:109C60001B681B4A934204D0FB681B68194A934245
:109C700011D1FB681B689B6803F007033B613B69DC
:109C8000062B10D0FB681B681A68FB681B6842F043
:109C900001021A6007E0FB681B681A68FB681B6812
:109CA00042F001021A60FB7D18461837BD4680BDA0
:109CB000C5AF0008B58100084BB0000800000140A6
:109CC0000004004000080040000C00400004014077
:109CD000004001400018004080B584B000AF7860BB
:109CE00039600023FB733B68082B25D03B68082BA9
:109CF00030D83B68002B03D03B68042B0ED029E002
:109D00007B681B68DA687B681B6822F40072DA6083
:109D10007B685B6A184604F0B0FA1EE07B681B683B
:109D2000DA687B681B6822F48062DA607B689B6A71
:109D3000184604F0A2FA10E07B681B68DA687B68BA
:109D40001B6822F40062DA607B68DB6A184604F064
:109D500094FA02E00123FB7300BFFB7B002B52D17E
:109D60007B681B6800223968184601F0A5F97B68FA
:109D70001B681A6A41F211131340002B0FD17B6844
:109D80001B681A6A40F244431340002B07D17B68DA
:109D90001B685A6C7B681B6822F400425A647B681B
:109DA0001B681A6A41F211131340002B0FD17B6814
:109DB0001B681A6A40F244431340002B07D17B68AA
:109DC0001B681A687B681B6822F001021A603B68F6
:109DD000002B04D17B68012283F8422013E03B680A
:109DE000042B04D17B68012283F843200BE03B68FD
:109DF000082B04D17B68012283F8442003E07B68B0
:109E0000012283F84520FB7B18461037BD4680BDF4
:109E100080B584B000AF786039603B68002B09D111
:109E20007B6893F84230DBB2012B14BF012300237F
:109E3000DBB222E03B68042B09D17B6893F8433006
:109E4000DBB2012B14BF01230023DBB215E03B681A
:109E5000082B09D17B6893F84430DBB2012B14BF87
:109E600001230023DBB208E07B6893F84530DBB2C6
:109E7000012B14BF01230023DBB2002B01D00123EF
:109E80006DE03B68002B04D17B68022283F84220FE
:109E900013E03B68042B04D17B68022283F8432043
:109EA0000BE03B68082B04D17B68022283F8442036
:109EB00003E07B68022283F845207B681B6804224C
:109EC0003968184601F0F8F87B681B685A6C7B68A3
:109ED0001B6842F400425A647B681B68224A934222
:109EE00022D07B681B68B3F1804F1DD07B681B6854
:109EF0001E4A934218D07B681B681D4A934213D0B8
:109F00007B681B681B4A93420ED07B681B681A4A09
:109F1000934209D07B681B68184A934204D07B683F
:109F20001B68174A934211D17B681B689B6803F03A
:109F30000703FB60FB68062B10D07B681B681A6860
:109F40007B681B6842F001021A6007E07B681B68AF
:109F50001A687B681B6842F001021A6000231846E9
:109F60001037BD4680BD00BF000001400004004026
:109F700000080040000C0040000401400040014087
:109F80000018004080B582B000AF786039607B680F
:109F90001B6800223968184601F08EF87B681B6840
:109FA0001A6A41F211131340002B0FD17B681B6812
:109FB0001A6A40F244431340002B07D17B681B68A8
:109FC0005A6C7B681B6822F400425A647B681B68E9
:109FD0001A6A41F211131340002B0FD17B681B68E2
:109FE0001A6A40F244431340002B07D17B681B6878
:109FF0001A687B681B6822F001021A603B68002B1C
:10A0000004D17B68012283F8422013E03B68042BD3
:10A0100004D17B68012283F843200BE03B68082BC6
:10A0200004D17B68012283F8442003E07B6801228D
:10A0300083F84520002318460837BD4680BD80B50B
:10A0400084B000AF786039600023FB733B68002B5D
:10A0500009D17B6893F84230DBB2012B14BF012396
:10A060000023DBB222E03B68042B09D17B6893F824
:10A070004330DBB2012B14BF01230023DBB215E018
:10A080003B68082B09D17B6893F84430DBB2012B85
:10A0900014BF01230023DBB208E07B6893F845304E
:10A0A000DBB2012B14BF01230023DBB2002B01D054
:10A0B0000123A3E03B68002B04D17B68022283F8D4
:10A0C000422013E03B68042B04D17B68022283F812
:10A0D00043200BE03B68082B04D17B68022283F805
:10A0E000442003E07B68022283F845203B68082B6C
:10A0F0001BD03B68082B21D83B68002B03D03B6862
:10A10000042B09D01AE07B681B68DA687B681B683F
:10A1100042F00202DA6014E07B681B68DA687B6850
:10A120001B6842F00402DA600BE07B681B68DA68A7
:10A130007B681B6842F00802DA6002E00123FB73CF
:10A1400000BFFB7B002B58D17B681B68DA687B68FB
:10A150001B6842F08002DA607B681B680422396861
:10A16000184600F0A9FF7B681B685A6C7B681B6867
:10A1700042F400425A647B681B68224A934222D010
:10A180007B681B68B3F1804F1DD07B681B681E4A3B
:10A19000934218D07B681B681C4A934213D07B689B
:10A1A0001B681B4A93420ED07B681B68194A934276
:10A1B00009D07B681B68184A934204D07B681B68EF
:10A1C000164A934211D17B681B689B6803F0070312
:10A1D000BB60BB68062B10D07B681B681A687B6865
:10A1E0001B6842F001021A6007E07B681B681A686E
:10A1F0007B681B6842F001021A60FB7B184610372F
:10A20000BD4680BD00000140000400400008004041
:10A21000000C0040000401400040014000180040D4
:10A2200080B584B000AF786039600023FB733B6871
:10A23000082B1BD03B68082B21D83B68002B03D090
:10A240003B68042B09D01AE07B681B68DA687B68DE
:10A250001B6822F00202DA6014E07B681B68DA688F
:10A260007B681B6822F00402DA600BE07B681B68E5
:10A27000DA687B681B6822F00802DA6002E00123DA
:10A28000FB7300BFFB7B002B64D17B681B68002243
:10A290003968184600F010FF7B681B681B6ABB60BA
:10A2A000BA6840F244431340002B07D17B681B6817
:10A2B000DA687B681B6822F08002DA607B681B68C2
:10A2C0001A6A41F211131340002B0FD17B681B68EF
:10A2D0001A6A40F244431340002B07D17B681B6885
:10A2E0005A6C7B681B6822F400425A647B681B68C6
:10A2F0001A6A41F211131340002B0FD17B681B68BF
:10A300001A6A40F244431340002B07D17B681B6854
:10A310001A687B681B6822F001021A603B68002BF8
:10A3200004D17B68012283F8422013E03B68042BB0
:10A3300004D17B68012283F843200BE03B68082BA3
:10A3400004D17B68012283F8442003E07B6801226A
:10A3500083F84520FB7B18461037BD4680BD80B58D
:10A3600086B000AFF860B9607A607B800023FB752F
:10A37000BB68002B09D1FB6893F84230DBB2022B9B
:10A380000CBF01230023DBB222E0BB68042B09D100
:10A39000FB6893F84330DBB2022B0CBF0123002390
:10A3A000DBB215E0BB68082B09D1FB6893F8443099
:10A3B000DBB2022B0CBF01230023DBB208E0FB68F9
:10A3C00093F84530DBB2022B0CBF01230023DBB234
:10A3D000002B01D0022329E1BB68002B09D1FB68C7
:10A3E00093F84230DBB2012B0CBF01230023DBB218
:10A3F00022E0BB68042B09D1FB6893F84330DBB241
:10A40000012B0CBF01230023DBB215E0BB68082B36
:10A4100009D1FB6893F84430DBB2012B0CBF012358
:10A420000023DBB208E0FB6893F84530DBB2012B78
:10A430000CBF01230023DBB2002B24D07B68002B50
:10A4400002D07B88002B01D10123EFE0BB68002BF9
:10A4500004D1FB68022283F8422016E0BB68042B7B
:10A4600004D1FB68022283F843200EE0BB68082B6E
:10A4700004D1FB68022283F8442006E0FB68022234
:10A4800083F8452001E00123D0E0BB68082B51D0C0
:10A49000BB68082B72D8BB68002B03D0BB68042BA9
:10A4A00024D06BE0FB685B6A624ADA63FB685B6A34
:10A4B000614A1A64FB685B6A604ADA64FB68586A3E
:10A4C0007968FB681B6834331A467B8803F00DFEFD
:10A4D0000346002B01D00123A8E0FB681B68DA6863
:10A4E000FB681B6842F40072DA604AE0FB689B6A12
:10A4F000504ADA63FB689B6A4F4A1A64FB689B6A9E
:10A500004E4ADA64FB68986A7968FB681B683833DE
:10A510001A467B8803F0E9FD0346002B01D0012396
:10A5200084E0FB681B68DA68FB681B6842F48062A1
:10A53000DA6026E0FB68DB6A3E4ADA63FB68DB6AC6
:10A540003D4A1A64FB68DB6A3C4ADA64FB68D86AF5
:10A550007968FB681B683C331A467B8803F0C5FDAD
:10A560000346002B01D0012360E0FB681B68DA681A
:10A57000FB681B6842F40062DA6002E00123FB75AD
:10A5800000BFFB7D002B50D1FB681B680422B9681B
:10A59000184600F091FDFB681B685A6CFB681B684D
:10A5A00042F400425A64FB681B68254A934222D059
:10A5B000FB681B68B3F1804F1DD0FB681B68214A04
:10A5C000934218D0FB681B681F4A934213D0FB6864
:10A5D0001B681E4A93420ED0FB681B681C4A9342BC
:10A5E00009D0FB681B681B4A934204D0FB681B68B8
:10A5F000194A934211D1FB681B689B6803F007035B
:10A600003B613B69062B10D0FB681B681A68FB682E
:10A610001B6842F001021A6007E0FB681B681A68B9
:10A62000FB681B6842F001021A60FB7D1846183770
:10A63000BD4680BDC5AF0008B58100084BB000081D
:10A64000000001400004004000080040000C0040F1
:10A6500000040140004001400018004080B584B073
:10A6600000AF786039600023FB733B68082B25D06E
:10A670003B68082B30D83B68002B03D03B68042B89
:10A680000ED029E07B681B68DA687B681B6822F4BF
:10A690000072DA607B685B6A184603F0EEFD1EE02C
:10A6A0007B681B68DA687B681B6822F48062DA606A
:10A6B0007B689B6A184603F0E0FD10E07B681B682E
:10A6C000DA687B681B6822F40062DA607B68DB6A08
:10A6D000184603F0D2FD02E00123FB7300BFFB7BB1
:10A6E000002B52D17B681B6800223968184600F0A5
:10A6F000E3FC7B681B681A6A41F211131340002BBC
:10A700000FD17B681B681A6A40F244431340002B48
:10A7100007D17B681B685A6C7B681B6822F4004277
:10A720005A647B681B681A6A41F211131340002BAC
:10A730000FD17B681B681A6A40F244431340002B18
:10A7400007D17B681B681A687B681B6822F00102CE
:10A750001A603B68002B04D17B68012283F84220F9
:10A7600013E03B68042B04D17B68012283F843206B
:10A770000BE03B68082B04D17B68012283F844205E
:10A7800003E07B68012283F84520FB7B18461037E5
:10A79000BD4680BD80B584B000AF786039603B684D
:10A7A000002B02D10423FB6001E00023FB607B68E7
:10A7B00093F83E30FB727B6893F83F30BB727B6846
:10A7C00093F842307B727B6893F843303B72FB7A9C
:10A7D000012B08D1BB7A012B05D17B7A012B02D149
:10A7E0003B7A012B01D0012326E07B68022283F80B
:10A7F0003E207B68022283F83F207B68022283F898
:10A8000042207B68022283F843207B681B68042275
:10A810003968184600F050FC7B681B680122F96813
:10A820001846FEF780FA7B681B685A6C7B681B68C9
:10A8300042F400425A64002318461037BD4680BDDA
:10A8400080B584B000AF786039603B68002B02D1DE
:10A850000423FB6001E00023FB607B681B6800228F
:10A860003968184600F028FC7B681B680022F968EC
:10A870001846FEF758FA7B681B681A6A41F21113F2
:10A880001340002B0FD17B681B681A6A40F24443C7
:10A890001340002B07D17B681B685A6C7B681B68D0
:10A8A00022F400425A647B681B681A6A41F2111351
:10A8B0001340002B0FD17B681B681A6A40F2444397
:10A8C0001340002B07D17B681B681A687B681B68E4
:10A8D00022F001021A607B68012283F83E207B6827
:10A8E000012283F83F207B68012283F842207B68A5
:10A8F000012283F84320002318461037BD4680BD4F
:10A9000080B584B000AF786039603B68002B02D11D
:10A910000423FB6001E00023FB607B6893F83E307A
:10A92000FB727B6893F83F30BB727B6893F84230D0
:10A930007B727B6893F843303B72FB7A012B08D122
:10A94000BB7A012B05D17B7A012B02D13B7A012BFB
:10A9500001D0012336E07B68022283F83E207B6829
:10A96000022283F83F207B68022283F842207B6822
:10A97000022283F843207B681B68DA687B681B68C7
:10A9800042F00202DA607B681B68DA687B681B6849
:10A9900042F00402DA607B681B68042239681846BA
:10A9A00000F08AFB7B681B680122F9681846FEF7F5
:10A9B000BAF97B681B685A6C7B681B6842F40042DA
:10A9C0005A64002318461037BD4680BD80B584B058
:10A9D00000AF786039603B68002B02D10423FB6034
:10A9E00001E00023FB607B681B68DA687B681B68FA
:10A9F00022F00202DA607B681B68DA687B681B68F9
:10AA000022F00402DA607B681B680022396818466D
:10AA100000F052FB7B681B680022F9681846FEF7BD
:10AA200082F97B681B681A6A41F211131340002BEC
:10AA30000FD17B681B681A6A40F244431340002B15
:10AA400007D17B681B685A6C7B681B6822F4004244
:10AA50005A647B681B681A6A41F211131340002B79
:10AA60000FD17B681B681A6A40F244431340002BE5
:10AA700007D17B681B681A687B681B6822F001029B
:10AA80001A607B68012283F83E207B68012283F8EC
:10AA90003F207B68012283F842207B68012283F8F3
:10AAA0004320002318461037BD4680BD80B485B0D2
:10AAB00000AFF860B9607A60FB6893F83C30012B16
:10AAC00001D102234CE0FB68012283F83C20BB68E3
:10AAD000002B08D0BB68102B05D0BB68202B02D000
:10AAE000BB68302B0FD1FB681B689A68FB681B683A
:10AAF00022F070029A60FB681B689968FB681B680B
:10AB0000BA680A439A60FB681B685A68FB681B684E
:10AB100042F001025A60FB681B685A68FB681B68B8
:10AB200022F004025A60FB681B685968FB681B68C6
:10AB30007A680A435A60FB681B68DA68FB681B681E
:10AB400022F02002DA60FB681B68DA68FB681B6889
:10AB500022F40052DA60FB68002283F83C200023D4
:10AB600018461437BD4680BC704780B485B000AF2E
:10AB7000F860B9607A60FB6893F83C30012B01D132
:10AB800002234CE0FB68012283F83C20BB68002BC9
:10AB900008D0BB68102B05D0BB68202B02D0BB6847
:10ABA000302B0FD1FB681B689A68FB681B6822F08A
:10ABB00070029A60FB681B689968FB681B68BA683A
:10ABC0000A439A60FB681B685A68FB681B6842F07E
:10ABD00001025A60FB681B685A68FB681B6822F018
:10ABE00004025A60FB681B685968FB681B687A6836
:10ABF0000A435A60FB681B68DA68FB681B6822F42A
:10AC00000052DA60FB681B68DA68FB681B6842F078
:10AC10002002DA60FB68002283F83C2000231846FB
:10AC20001437BD4680BC704780B485B000AFF86073
:10AC3000B9607A60FB6893F83C30012B01D10223A4
:10AC400058E0FB68012283F83C20BB68002B08D049
:10AC5000BB68102B05D0BB68202B02D0BB68302B03
:10AC60000FD1FB681B689A68FB681B6822F07002B2
:10AC70009A60FB681B689968FB681B68BA680A439E
:10AC80009A60FB681B685A68FB681B6842F0010207
:10AC90005A60FB681B685A68FB681B6822F0040254
:10ACA0005A60FB681B685968FB681B687A680A432E
:10ACB0005A60FB685B6B124ADA63FB685B6B114A94
:10ACC0001A64FB685B6B104ADA64FB681B68DA681D
:10ACD000FB681B6822F02002DA60FB681B68DA68F8
:10ACE000FB681B6842F40052DA60FB68002283F8BC
:10ACF0003C20002318461437BD4680BC704700BF77
:10AD00007DAF0008A1AF00087B80000880B485B04B
:10AD100000AF786039607B6893F83C30012B01D13B
:10AD200002235AE07B68012283F83C207B680222E0
:10AD300083F83D207B681B685B68FB607B681B6851
:10AD40009B68BB60FB6823F07003FB603B681B687B
:10AD5000FA681343FB607B681B68FA685A607B687B
:10AD60001B68204A934222D07B681B68B3F1804F56
:10AD70001DD07B681B681C4A934218D07B681B68F7
:10AD80001A4A934213D07B681B68194A93420ED02B
:10AD90007B681B68174A934209D07B681B68164A78
:10ADA000934204D07B681B68144A93420CD1BB6861
:10ADB00023F08003BB603B685B68BA681343BB60E9
:10ADC0007B681B68BA689A607B68012283F83D2023
:10ADD0007B68002283F83C20002318461437BD46C8
:10ADE00080BC7047000001400004004000080040A3
:10ADF000000C0040000401400040014000180040E9
:10AE000080B485B000AF786039600023FB607B6858
:10AE100093F83C30012B01D102233DE07B680122F5
:10AE200083F83C20FB6823F0FF023B68DB68134398
:10AE3000FB60FB6823F440723B689B681343FB6034
:10AE4000FB6823F480623B685B681343FB60FB682C
:10AE500023F400623B681B681343FB60FB6823F428
:10AE600080523B681B691343FB60FB6823F400526C
:10AE70003B685B691343FB60FB6823F480423B68DB
:10AE8000DB691343FB607B681B68FA685A647B6864
:10AE9000002283F83C20002318461437BD4680BCAE
:10AEA000704780B483B000AF786039607B6893F8F6
:10AEB0003C30012B01D102230CE07B68012283F896
:10AEC0003C207B681B683A681A657B68002283F81F
:10AED0003C20002318460C37BD4680BC704780B428
:10AEE00083B000AF786000BF0C37BD4680BC7047B0
:10AEF00080B483B000AF786000BF0C37BD4680BC23
:10AF0000704780B483B000AF786000BF0C37BD4697
:10AF100080BC704780B483B000AF78607B6893F8E2
:10AF20003D30DBB218460C37BD4680BC704780B45C
:10AF300085B000AF786039603B68002B04D17B6836
:10AF400093F84230FB7313E03B68042B04D17B6819
:10AF500093F84330FB730BE03B68082B04D17B680C
:10AF600093F84430FB7303E07B6893F84530FB7340
:10AF7000FB7B18461437BD4680BC704780B584B053
:10AF800000AF78607B689B6BFB60FB68012283F8F5
:10AF90003D20F868FFF7A3FF00BF1037BD4680BD16
:10AFA00080B584B000AF78607B689B6BFB60FB680A
:10AFB000012283F83D20F868FFF79AFF00BF1037A1
:10AFC000BD4680BD80B584B000AF78607B689B6B68
:10AFD000FB60FB685B6A7A689A420BD1FB680122CE
:10AFE0001A777B68DB69002B25D1FB68012283F887
:10AFF000422020E0FB689B6A7A689A420BD1FB688A
:10B0000002221A777B68DB69002B14D1FB680122CE
:10B0100083F843200FE0FB68DB6A7A689A420AD122
:10B02000FB6804221A777B68DB69002B03D1FB687D
:10B03000012283F84420F868FCF765FFFB680022D2
:10B040001A7700BF1037BD4680BD80B584B000AF11
:10B0500078607B689B6BFB60FB685B6A7A689A42EE
:10B0600007D1FB6801221A77FB68012283F842208E
:10B0700018E0FB689B6A7A689A4207D1FB68022253
:10B080001A77FB68012283F843200BE0FB68DB6A38
:10B090007A689A4206D1FB6804221A77FB6801227B
:10B0A00083F84420F868FCF752FFFB6800221A7707
:10B0B00000BF1037BD4680BD80B487B000AFF860D8
:10B0C000B9607A60BB6803F00F03042202FA03F34D
:10B0D0007B61FB681A6A7B69DB431A40FB681A6272
:10B0E000FB681A6ABB6803F00F03796801FA03F37F
:10B0F0001A43FB681A6200BF1C37BD4680BC70470C
:10B1000080B582B000AF78607B68002B01D101234D
:10B1100042E07B6893F84130DBB2002B06D17B68BC
:10B12000002283F8402078680BF07CF97B682422A9
:10B1300083F841207B681B68DA687B681B6822F40F
:10B140000052DA60786802F016FC7B681B681A69A6
:10B150007B681B6822F490421A617B681B685A69FD
:10B160007B681B6822F02A025A617B681B68DA68D8
:10B170007B681B6842F40052DA607B6800225A64E4
:10B180007B68202283F841207B68202283F84220BC
:10B190007B6800225A63002318460837BD4680BDED
:10B1A00080B582B000AF78607B68002B01D10123AD
:10B1B0004AE07B6893F84130DBB2002B06D17B6814
:10B1C000002283F8402078680BF02CF97B68242259
:10B1D00083F841207B681B68DA687B681B6822F46F
:10B1E0000052DA60786802F0C6FB7B681B681A6957
:10B1F0007B681B6822F490421A617B681B685A695D
:10B200007B681B6822F022025A617B681B685A69BE
:10B210007B681B6842F008025A617B681B68DA6829
:10B220007B681B6842F40052DA607B6800225A6433
:10B230007B68202283F841207B68202283F842200B
:10B240007B6800225A63002318460837BD4680BD3C
:10B2500080B582B000AF786039607B68002B01D187
:10B2600001235AE07B6893F84130DBB2002B06D112
:10B270007B68002283F8402078680BF0D3F87B6865
:10B28000242283F841207B681B68DA687B681B688E
:10B2900022F40052DA60786802F06DFB7B681B686C
:10B2A0001A697B681B6822F400621A617B681B685C
:10B2B0005A697B681B6822F02A025A617B681B6806
:10B2C0001A697B681B6842F480421A617B681B68BC
:10B2D0001A697B681B6822F020021A617B681B6870
:10B2E00019697B681B683A680A431A617B681B68A6
:10B2F000DA687B681B6842F40052DA607B680022DF
:10B300005A647B68202283F841207B68202283F8DE
:10B3100042207B6800225A63002318460837BD4646
:10B3200080BD80B584B000AFF8600B467A60FB72D8
:10B33000FB68002B01D1012362E0FB6893F84130E8
:10B34000DBB2002B06D1FB68002283F84020F868AE
:10B350000BF068F8FB68242283F84120FB681B6827
:10B36000DA68FB681B6822F40052DA60F86802F0C1
:10B3700002FBFB681B681A69FB681B6822F4904299
:10B380001A61FB681B685A69FB681B6822F02A0275
:10B390005A61FB681B681A69FB681B6822F00F0280
:10B3A0001A61FB681B681969FA7AFB681B680A4313
:10B3B0001A61FB681B68DA68FB681B6822F400628C
:10B3C000DA60FB681B68D968FB681B687A680A4307
:10B3D000DA60FB681B68DA68FB681B6842F400529D
:10B3E000DA60FB6800225A64FB68202283F841205F
:10B3F000FB68202283F84220FB6800225A63002366
:10B4000018461037BD4680BD80B582B000AF786069
:10B410007B68002B01D1012324E07B68242283F880
:10B4200041207B681B68DA687B681B6822F4005245
:10B43000DA60786800F023F87B6800225A647B6841
:10B44000002283F841207B68002283F842207B6839
:10B4500000221A637B6800225A637B68002283F80B
:10B460004020002318460837BD4680BD80B483B015
:10B4700000AF786000BF0C37BD4680BC704780B419
:10B4800083B000AF786000BF0C37BD4680BC70470A
:10B4900080B58AB002AFF860B9603B601346FB80AC
:10B4A00000237B61FB6893F84130DBB2202B75D120
:10B4B000BB68002B02D0FB88002B01D101236EE07A
:10B4C000FB6800225A64FB68212283F84120F4F7CC
:10B4D000D1FF7861FB68FA889A84FB68FA88DA847D
:10B4E000FB689B68B3F5805F08D1FB681B69002B84
:10B4F00004D10023FB61BB68BB6103E0BB68FB6157
:10B500000023BB612EE03B6800937B690022802111
:10B51000F86801F0B4FE0346002B05D0FB6820223A
:10B5200083F8412003233AE0FB69002B0BD1BB6970
:10B530001B881A46FB681B68C2F308025A60BB6985
:10B540000233BB6107E0FB691A78FB681B685A602D
:10B55000FB690133FB61FB68DB8C9BB2013B9AB258
:10B56000FB68DA84FB68DB8C9BB2002BCBD13B6899
:10B5700000937B6900224021F86801F080FE0346B9
:10B58000002B05D0FB68202283F84120032306E02E
:10B59000FB68202283F84120002300E002231846A4
:10B5A0002037BD4680BD80B58AB002AFF860B96073
:10B5B0003B601346FB8000237B61FB6893F84230BD
:10B5C000DBB2202B40F08180BB68002B02D0FB88CF
:10B5D000002B01D1012379E0FB6800225A64FB684B
:10B5E000222283F84220FB6800221A63F4F742FF0C
:10B5F0007861FB68FA889A85FB68FA88DA85FB68C7
:10B600009B68B3F5805F08D1FB681B69002B04D1F0
:10B610000023FB61BB68BB6103E0BB68FB610023E7
:10B62000BB6147E03B6800937B6900222021F868FA
:10B6300001F025FE0346002B05D0FB68202283F88D
:10B640004220032342E0FB69002B0CD1FB681B68FE
:10B650005B689BB2C3F308039AB2BB691A80BB69EB
:10B660000233BB611FE0FB689B68B3F5805F07D0C6
:10B67000FB689B68002B0AD1FB681B69002B06D175
:10B68000FB681B685B68DAB2FB691A7008E0FB684C
:10B690001B685B68DBB203F07F03DAB2FB691A70E8
:10B6A000FB690133FB61FB68DB8D9BB2013B9AB206
:10B6B000FB68DA85FB68DB8D9BB2002BB2D1FB689F
:10B6C000202283F84220002300E00223184620377E
:10B6D000BD4680BD80B485B000AFF860B960134648
:10B6E000FB80FB6893F84130DBB2202B21D1BB6893
:10B6F000002B02D0FB88002B01D101231AE0FB684C
:10B70000BA681A62FB68FA889A84FB68FA88DA8455
:10B71000FB6800225A64FB68212283F84120FB6801
:10B720001B68DA68FB681B6842F08002DA6000235D
:10B7300000E0022318461437BD4680BC704780B530
:10B7400084B000AFF860B9601346FB80FB6893F8E3
:10B750004230DBB2202B12D1BB68002B02D0FB8819
:10B76000002B01D101230BE0FB6800221A63FB8848
:10B770001A46B968F86801F0DBFD034600E00223D1
:10B7800018461037BD4680BD80B58CB000AFF8605C
:10B79000B9601346FB80FB6893F84130DBB2202B85
:10B7A00056D1BB68002B02D0FB88002B01D10123AE
:10B7B0004FE0BA68FB681A62FB68FA889A84FB68F3
:10B7C000FA88DA84FB6800225A64FB68212283F835
:10B7D0004120FB689B6B214ADA63FB689B6B204A24
:10B7E0001A64FB689B6B1F4ADA64FB689B6B002240
:10B7F0001A6507F10803FB62FB68986BFB6A19681E
:10B80000FB681B6804331A46FB8802F06EFCFB6879
:10B810001B686FF040021A60FB681B681433BB6141
:10B82000BB6953E8003F7B617B6943F08003BB62E7
:10B83000FB681B681433BA6A7A623B62396A7A6AB7
:10B8400041E80023FB61FB69002BE5D1002300E008
:10B85000022318463037BD4680BD00BFD5CF000853
:10B860006FD00008F3D1000880B584B000AFF86055
:10B87000B9601346FB80FB6893F84230DBB2202BA3
:10B8800012D1BB68002B02D0FB88002B01D1012311
:10B890000BE0FB6800221A63FB881A46B968F86857
:10B8A00001F07FFD034600E0022318461037BD4635
:10B8B00080BD80B49DB000AF78600023FB667B68DC
:10B8C0001B685B6903F08003C3F3C013DBB2FB6644
:10B8D0007B6893F84130DBB2212B1CD1FB6E002B2F
:10B8E00019D07B681B681433FB64FB6C53E8003F82
:10B8F000BB64BB6C23F08003BB667B681B6814339E
:10B90000BA6EBA657B65796DBA6D41E800233B6517
:10B910003B6D002BE5D17B681B685B6903F040033E
:10B92000C3F38013DBB2FB667B6893F84230DBB273
:10B93000222B50D1FB6E002B4DD07B681B680C3343
:10B94000BB63BB6B53E8003F7B637B6B23F480736B
:10B950007B667B681B680C337A6E7A643B64396C57
:10B960007A6C41E80023FB63FB6B002BE5D17B681D
:10B970001B6814337B627B6A53E8003F3B623B6A7F
:10B9800023F001033B667B681B6814333A6E3A630D
:10B99000FB62F96A3A6B41E80023BB62BB6A002B89
:10B9A000E5D17B681B6814333B613B6953E8003F7A
:10B9B000FB60FB6823F04003FB657B681B68143366
:10B9C000FA6DFA61BB61B969FA6941E800237B61EC
:10B9D0007B69002BE5D1002318467437BD4680BC37
:10B9E000704780B49DB000AF78607B6893F84130B9
:10B9F000DBB2212B19D17B681B6814333B653B6D8F
:10BA000053E8003FFB64FB6C43F08003FB667B68FC
:10BA10001B681433FA6EFA65BB65B96DFA6D41E8BF
:10BA200000237B657B6D002BE5D17B6893F842306A
:10BA3000DBB2222B5CD10023FB607B681B681B6898
:10BA4000FB607B681B685B68FB60FB687B681B694D
:10BA5000002B19D07B681B680C33FB63FB6B53E82E
:10BA6000003FBB63BB6B43F48073BB667B681B68A2
:10BA70000C33BA6EBA647B64796CBA6C41E800230B
:10BA80003B643B6C002BE5D17B681B681433BB62C5
:10BA9000BB6A53E8003F7B627B6A43F001037B662D
:10BAA0007B681B6814337A6E7A633B63396B7A6BFD
:10BAB00041E80023FB62FB6A002BE5D17B681B6831
:10BAC00014337B617B6953E8003F3B613B6943F082
:10BAD00040033B667B681B6814333A6E3A62FB6135
:10BAE000F9693A6A41E80023BB61BB69002BE5D1E3
:10BAF000002318467437BD4680BC704780B590B0AF
:10BB000000AF78600023FB637B681B685B6903F010
:10BB10008003C3F3C013DBB2FB637B6893F841304F
:10BB2000DBB2212B28D1FB6B002B25D07B681B6857
:10BB300014337B627B6A53E8003F3B623B6A23F02D
:10BB40008003BB637B681B681433BA6B3A63FB6288
:10BB5000F96A3A6B41E80023BB62BB6A002BE5D16E
:10BB60007B689B6B002B04D07B689B6B184602F0B4
:10BB700014FB786801F0B0FC7B681B685B6903F01C
:10BB80004003C3F38013DBB2FB637B6893F842305E
:10BB9000DBB2222B28D1FB6B002B25D07B681B68E6
:10BBA00014333B613B6953E8003FFB60FB6823F0C3
:10BBB00040037B637B681B6814337A6BFA61BB615B
:10BBC000B969FA6941E800237B617B69002BE5D103
:10BBD0007B68DB6B002B04D07B68DB6B184602F0C4
:10BBE000DCFA786801F09FFC002318464037BD4618
:10BBF00080BD80B588B000AFF860B9603B60134687
:10BC0000FB80FB6893F84230DBB2202B40F0C08011
:10BC1000BB68002B02D0FB88002B01D10123B8E0C8
:10BC2000FB6800225A64FB68222283F84220FB68EA
:10BC300001221A63FB6800225A63F4F71BFC786147
:10BC4000FB68FA889A85FB68FA88DA85FB689B6846
:10BC5000B3F5805F08D1FB681B69002B04D100237A
:10BC6000FB61BB68BB6103E0BB68FB610023BB6198
:10BC70003B6800221A8077E0FB681B681B6803F0B2
:10BC80001003102B17D100233B61FB681B681B6856
:10BC90003B61FB681B685B683B613B693B681B88D9
:10BCA000002B08D0FB6802225A63FB68202283F82D
:10BCB000422000236DE0FB681B681B6803F0200333
:10BCC000202B3CD1FB69002B0CD1FB681B685B6807
:10BCD0009BB2C3F308039AB2BB691A80BB690233F3
:10BCE000BB611FE0FB689B68B3F5805F07D0FB6812
:10BCF0009B68002B0AD1FB681B69002B06D1FB68EF
:10BD00001B685B68DAB2FB691A7008E0FB681B68A5
:10BD10005B68DBB203F07F03DAB2FB691A70FB6980
:10BD20000133FB613B681B8801339AB23B681A8080
:10BD3000FB68DB8D9BB2013B9AB2FB68DA85BB6A7C
:10BD4000B3F1FF3F10D0F4F795FB02467B69D31A9D
:10BD5000BA6A9A4202D3BB6A002B05D1FB68202243
:10BD600083F84220032314E0FB68DB8D9BB2002B99
:10BD700082D1FB689A8DFB68DB8D9BB2D31A9AB295
:10BD80003B681A80FB68202283F84220002300E0F1
:10BD9000022318462037BD4680BD80B58CB000AF69
:10BDA000F860B9601346FB80FB6893F84230DBB261
:10BDB000202B4AD1BB68002B02D0FB88002B01D17D
:10BDC000012343E0FB6801221A63FB6800225A63E7
:10BDD000FB881A46B968F86801F0AAFA034687F8A2
:10BDE0002F3097F82F30002B2CD1FB681B6B012BC9
:10BDF00025D100233B61FB681B681B683B61FB6826
:10BE00001B685B683B613B69FB681B680C33BB616B
:10BE1000BB6953E8003F7B617B6943F01003BB6261
:10BE2000FB681B680C33BA6A7A623B62396A7A6AC9
:10BE300041E80023FB61FB69002BE5D102E001230F
:10BE400087F82F3097F82F3000E00223184630375C
:10BE5000BD4680BD80B58CB000AFF860B9601346B8
:10BE6000FB80FB6893F84230DBB2202B4AD1BB68E1
:10BE7000002B02D0FB88002B01D1012343E0FB689B
:10BE800001221A63FB6800225A63FB881A46B968CC
:10BE9000F86801F086FA034687F82F3097F82F30BC
:10BEA000002B2CD1FB681B6B012B25D100233B61A0
:10BEB000FB681B681B683B61FB681B685B683B6138
:10BEC0003B69FB681B680C33BB61BB6953E8003FEF
:10BED0007B617B6943F01003BB62FB681B680C331A
:10BEE000BA6A7A623B62396A7A6A41E80023FB6186
:10BEF000FB69002BE5D102E0012387F82F3097F88A
:10BF00002F3000E0022318463037BD4680BD80B494
:10BF100083B000AF78607B685B6B18460C37BD461A
:10BF200080BC704780B5A0B000AF78607B681B68AC
:10BF30000C33FB65FB6D53E8003FBB65BB6D23F421
:10BF4000F073FB677B681B680C33FA6FBA667B661D
:10BF5000796EBA6E41E800233B663B6E002BE5D15B
:10BF60007B681B681433BB64BB6C53E8003F7B6485
:10BF70007B6C23F00103BB677B681B681433BA6FCB
:10BF80007A653B65396D7A6D41E80023FB64FB6C93
:10BF9000002BE5D17B681B6B012B19D17B681B68DB
:10BFA0000C337B637B6B53E8003F3B633B6B23F0BD
:10BFB00010037B677B681B680C337A6F3A64FB6302
:10BFC000F96B3A6C41E80023BB63BB6B002BE5D1F6
:10BFD0007B681B685B6903F08003802B36D17B682C
:10BFE0001B6814333B623B6A53E8003FFB61FB690B
:10BFF00023F080033B677B681B6814333A6FFA6257
:10C00000BB62B96AFA6A41E800237B627B6A002B53
:10C01000E5D17B689B6B002B18D07B689B6B002263
:10C020001A657B689B6B184602F0B7F80346002B35
:10C030000CD07B689B6B184602F079FC0346202BE2
:10C0400004D17B6810225A64032352E07B681B688A
:10C050005B6903F04003402B36D17B681B681433C7
:10C06000FB60FB6853E8003FBB60BB6823F0400304
:10C07000FB667B681B681433FA6EBA617B61796971
:10C08000BA6941E800233B613B69002BE5D17B683D
:10C09000DB6B002B18D07B68DB6B00221A657B689A
:10C0A000DB6B184602F079F80346002B0CD07B6856
:10C0B000DB6B184602F03BFC0346202B04D17B6867
:10C0C00010225A64032314E07B680022DA847B6820
:10C0D0000022DA857B6800225A647B68202283F87C
:10C0E00042207B68202283F841207B6800221A636B
:10C0F000002318468037BD4680BD80B58EB000AFA6
:10C1000078607B681B680C333B623B6A53E8003FF6
:10C11000FB61FB6923F0C0037B637B681B680C3306
:10C120007A6BFA62BB62B96AFA6A41E800237B6201
:10C130007B6A002BE5D17B681B685B6903F0800399
:10C14000802B36D17B681B681433FB60FB6853E897
:10C15000003FBB60BB6823F080033B637B681B68C8
:10C1600014333A6BBA617B617969BA6941E800239B
:10C170003B613B69002BE5D17B689B6B002B18D0A2
:10C180007B689B6B00221A657B689B6B184602F0EC
:10C1900004F80346002B0CD07B689B6B184602F01A
:10C1A000C6FB0346202B04D17B6810225A6403236C
:10C1B00007E07B680022DA847B68202283F8412034
:10C1C000002318463837BD4680BD80B59AB000AF11
:10C1D00078607B681B680C33BB64BB6C53E8003F22
:10C1E0007B647B6C23F490737B667B681B680C33E9
:10C1F0007A6E7A653B65396D7A6D41E80023FB64A0
:10C20000FB6C002BE5D17B681B6814337B637B6B75
:10C2100053E8003F3B633B6B23F001033B667B68C5
:10C220001B6814333A6E3A64FB63F96B3A6C41E86D
:10C230000023BB63BB6B002BE5D17B681B6B012B21
:10C2400019D17B681B680C333B623B6A53E8003FA3
:10C25000FB61FB6923F01003FB657B681B680C33F3
:10C26000FA6DFA62BB62B96AFA6A41E800237B623E
:10C270007B6A002BE5D17B681B685B6903F0400398
:10C28000402B36D17B681B681433FB60FB6853E896
:10C29000003FBB60BB6823F04003BB657B681B6845
:10C2A0001433BA6DBA617B617969BA6941E80023D8
:10C2B0003B613B69002BE5D17B68DB6B002B18D021
:10C2C0007B68DB6B00221A657B68DB6B184601F02C
:10C2D00064FF0346002B0CD07B68DB6B184602F032
:10C2E00026FB0346202B04D17B6810225A640323CB
:10C2F0000AE07B680022DA857B68202283F84220EE
:10C300007B6800221A63002318466837BD4680BD4B
:10C3100080B5A2B000AF78600123C7F884307B6895
:10C320001B680C333B663B6E53E8003FFB65FB6DBF
:10C3300023F4F073C7F880307B681B680C33D7F8A0
:10C340008020FA66BB66B96EFA6E41E800237B6610
:10C350007B6E002BE3D17B681B681433FB64FB6CA2
:10C3600053E8003FBB64BB6C23F00103FB677B68B1
:10C370001B681433FA6FBA657B65796DBA6D41E855
:10C3800000233B653B6D002BE5D17B681B6B012BCC
:10C3900019D17B681B680C33BB63BB6B53E8003F50
:10C3A0007B637B6B23F01003BB677B681B680C33DC
:10C3B000BA6F7A643B64396C7A6C41E80023FB63A2
:10C3C000FB6B002BE5D17B689B6B002B0FD07B6850
:10C3D0001B685B6903F08003802B04D17B689B6B37
:10C3E000534A1A6503E07B689B6B00221A657B68E1
:10C3F000DB6B002B0FD07B681B685B6903F040038D
:10C40000402B04D17B68DB6B4A4A1A6503E07B68EA
:10C41000DB6B00221A657B681B685B6903F0800395
:10C42000802B2DD17B681B6814337B627B6A53E8B9
:10C43000003F3B623B6A23F080037B677B681B689D
:10C4400014337A6F3A63FB62F96A3A6B41E800236E
:10C45000BB62BB6A002BE5D17B689B6B002B0FD0C6
:10C460007B689B6B184601F008FF0346002B04D045
:10C470007B689B6B00221A6502E00023C7F88430BA
:10C480007B681B685B6903F04003402B30D17B68FD
:10C490001B6814333B613B6953E8003FFB60FB685A
:10C4A00023F040033B677B681B6814333A6FFA61E3
:10C4B000BB61B969FA6941E800237B617B69002BA4
:10C4C000E5D17B68DB6B002B12D07B68DB6B1846F9
:10C4D00001F0D3FE0346002B07D07B68DB6B002204
:10C4E0001A650123C7F8843002E00023C7F88430BE
:10C4F000D7F88430012B16D17B680022DA847B6860
:10C500000022DA857B6800225A647B68202283F847
:10C5100041207B68202283F842207B6800221A6336
:10C52000786800F0ECFB002318468837BD4680BDD4
:10C5300013D6000873D6000880B58EB000AF7860BF
:10C540007B681B680C333B623B6A53E8003FFB612E
:10C55000FB6923F0C0037B637B681B680C337A6B39
:10C56000FA62BB62B96AFA6A41E800237B627B6ABD
:10C57000002BE5D17B681B685B6903F08003802B8F
:10C580003CD17B681B681433FB60FB6853E8003FB9
:10C59000BB60BB6823F080033B637B681B6814337C
:10C5A0003A6BBA617B617969BA6941E800233B6102
:10C5B0003B69002BE5D17B689B6B002B13D07B681C
:10C5C0009B6B164A1A657B689B6B184601F055FEFB
:10C5D0000346002B1CD07B689B6B1B6D7A68926BAB
:10C5E0001046984714E07B680022DA847B6820229A
:10C5F00083F84120786800F08BFB09E07B6800221B
:10C60000DA847B68202283F84120786800F080FB80
:10C61000002318463837BD4680BD00BFD3D600087A
:10C6200080B59AB000AF78607B681B680C33BB6440
:10C63000BB6C53E8003F7B647B6C23F490737B6698
:10C640007B681B680C337A6E7A653B65396D7A6D51
:10C6500041E80023FB64FB6C002BE5D17B681B6881
:10C6600014337B637B6B53E8003F3B633B6B23F0EE
:10C6700001033B667B681B6814333A6E3A64FB63C4
:10C68000F96B3A6C41E80023BB63BB6B002BE5D12F
:10C690007B681B6B012B19D17B681B680C333B62D9
:10C6A0003B6A53E8003FFB61FB6923F01003FB6525
:10C6B0007B681B680C33FA6DFA62BB62B96AFA6A6E
:10C6C00041E800237B627B6A002BE5D17B681B6815
:10C6D0005B6903F04003402B3FD17B681B68143338
:10C6E000FB60FB6853E8003FBB60BB6823F040037E
:10C6F000BB657B681B681433BA6DBA617B6179696D
:10C70000BA6941E800233B613B69002BE5D17B68B6
:10C71000DB6B002B13D07B68DB6B194A1A657B68D7
:10C72000DB6B184601F0A9FD0346002B22D07B6885
:10C73000DB6B1B6D7A68D26B104698471AE07B68FA
:10C740000022DA857B68202283F842207B68002261
:10C750001A63786800F0E5FA0CE07B680022DA855D
:10C760007B68202283F842207B6800221A63786865
:10C7700000F0D7FA002318466837BD4680BD00BFD9
:10C78000FDD6000880B5BAB000AF78607B681B6842
:10C790001B68C7F8E4307B681B68DB68C7F8E030CB
:10C7A0007B681B685B69C7F8DC300023C7F8D830AA
:10C7B0000023C7F8D430D7F8E43003F00F03C7F8EC
:10C7C000D830D7F8D830002B0FD1D7F8E43003F0A9
:10C7D0002003002B09D0D7F8E03003F02003002B12
:10C7E00003D0786801F009F859E2D7F8D830002B67
:10C7F00000F0DC80D7F8DC3003F00103002B06D119
:10C80000D7F8E03003F49073002B00F0CF80D7F816
:10C81000E43003F00103002B0BD0D7F8E03003F431
:10C820008073002B05D07B685B6C43F001027B6852
:10C830005A64D7F8E43003F00403002B0BD0D7F888
:10C84000DC3003F00103002B05D07B685B6C43F008
:10C8500002027B685A64D7F8E43003F00203002B2D
:10C860000BD0D7F8DC3003F00103002B05D07B6838
:10C870005B6C43F004027B685A64D7F8E43003F041
:10C880000803002B11D0D7F8E03003F02003002B71
:10C8900005D1D7F8DC3003F00103002B05D07B680D
:10C8A0005B6C43F008027B685A647B685B6C002B0E
:10C8B00000F0F081D7F8E43003F02003002B08D01B
:10C8C000D7F8E03003F02003002B02D0786800F0A6
:10C8D00094FF7B681B685B6903F04003C3F380131C
:10C8E000DBB2C7F8D4307B685B6C03F00803002B25
:10C8F00003D1D7F8D430002B4FD0786800F013FE66
:10C900007B681B685B6903F04003402B41D17B6867
:10C910001B681433C7F89C30D7F89C3053E8003FAD
:10C92000C7F89830D7F8983023F04003C7F8D030D4
:10C930007B681B681433D7F8D020C7F8A820C7F845
:10C94000A430D7F8A410D7F8A82041E80023C7F8EE
:10C95000A030D7F8A030002BD9D17B68DB6B002B3F
:10C9600013D07B68DB6B7E4A1A657B68DB6B1846ED
:10C9700001F083FC0346002B16D07B68DB6B1B6D3C
:10C980007A68D26B104698470EE0786800F0AEF9EE
:10C990000AE0786800F0AAF906E0786800F0A6F9E5
:10C9A0007B6800225A6475E100BF73E17B681B6BF2
:10C9B000012B40F04F81D7F8E43003F01003002B37
:10C9C00000F04881D7F8E03003F01003002B00F0AE
:10C9D00041810023BB607B681B681B68BB607B6870
:10C9E0001B685B68BB60BB687B681B685B6903F0A6
:10C9F0004003402B40F0B6807B68DB6B1B685B68B4
:10CA0000A7F8BE30B7F8BE30002B00F045817B6838
:10CA10009B8DB7F8BE209A4280F03E817B68B7F8C4
:10CA2000BE20DA857B68DB6BDB69B3F5807F00F0C5
:10CA300088807B681B680C33C7F88830D7F888304B
:10CA400053E8003FC7F88430D7F8843023F480736C
:10CA5000C7F8B8307B681B680C33D7F8B820C7F824
:10CA60009420C7F89030D7F89010D7F8942041E878
:10CA70000023C7F88C30D7F88C30002BD9D17B68D5
:10CA80001B6814337B677B6F53E8003F3B673B6F4A
:10CA900023F00103C7F8B4307B681B681433D7F860
:10CAA000B420C7F88020FB67F96FD7F8802041E8F1
:10CAB0000023BB67BB6F002BE1D17B681B6814337D
:10CAC0003B663B6E53E8003FFB65FB6D23F0400384
:10CAD000C7F8B0307B681B681433D7F8B020FA660B
:10CAE000BB66B96EFA6E41E800237B667B6E002B55
:10CAF000E3D17B68202283F842207B6800221A63FE
:10CB00007B681B680C33FB64FB6C53E8003FBB6421
:10CB1000BB6C23F01003C7F8AC307B681B680C3388
:10CB2000D7F8AC20BA657B65796DBA6D41E8002312
:10CB30003B653B6D002BE3D17B68DB6B184601F056
:10CB40002CFB7B6802225A637B689A8D7B68DB8DA5
:10CB50009BB2D31A9BB21946786800F0EBF89BE0C1
:10CB6000EBD500087B689A8D7B68DB8D9BB2D31A6E
:10CB7000A7F8CE307B68DB8D9BB2002B00F08E8057
:10CB8000B7F8CE30002B00F089807B681B680C332F
:10CB9000BB63BB6B53E8003F7B637B6B23F49073F9
:10CBA000C7F8C8307B681B680C33D7F8C8207A6494
:10CBB0003B64396C7A6C41E80023FB63FB6B002B10
:10CBC000E3D17B681B6814337B627B6A53E8003FC8
:10CBD0003B623B6A23F00103C7F8C4307B681B68E3
:10CBE0001433D7F8C4203A63FB62F96A3A6B41E820
:10CBF0000023BB62BB6A002BE3D17B68202283F851
:10CC000042207B6800221A637B681B680C333B61FF
:10CC10003B6953E8003FFB60FB6823F01003C7F853
:10CC2000C0307B681B680C33D7F8C020FA61BB6149
:10CC3000B969FA6941E800237B617B69002BE3D184
:10CC40007B6802225A63B7F8CE301946786800F044
:10CC500071F823E0D7F8E43003F08003002B09D00B
:10CC6000D7F8E03003F08003002B03D0786800F0A1
:10CC70005DFD14E0D7F8E43003F04003002B0ED044
:10CC8000D7F8E03003F04003002B08D0786800F0BC
:10CC90009CFD04E000BF02E000BF00E000BFE837F9
:10CCA000BD4680BD80B483B000AF786000BF0C3754
:10CCB000BD4680BC704780B483B000AF786000BFD1
:10CCC0000C37BD4680BC704780B483B000AF78603D
:10CCD00000BF0C37BD4680BC704780B483B000AF46
:10CCE000786000BF0C37BD4680BC704780B483B00D
:10CCF00000AF786000BF0C37BD4680BC704780B481
:10CD000083B000AF786000BF0C37BD4680BC704771
:10CD100080B483B000AF786000BF0C37BD4680BCE4
:10CD2000704780B483B000AF786000BF0C37BD4659
:10CD300080BC704780B483B000AF78600B467B80C6
:10CD400000BF0C37BD4680BC704780B489B000AFCF
:10CD500078607B6893F84030012B01D102232AE0F0
:10CD60007B68012283F840207B68242283F84120DD
:10CD70007B681B680C33FB60FB6853E8003FBB60BB
:10CD8000BB6843F00103FB617B681B680C33FA69E5
:10CD9000BA617B617969BA6941E800233B613B690B
:10CDA000002BE5D17B68202283F841207B6800229C
:10CDB00083F84020002318462437BD4680BC7047C6
:10CDC00080B489B000AF78607B6893F84030012B65
:10CDD00001D102232DE07B68012283F840207B688B
:10CDE000242283F841207B681B680C33FB60FB68BE
:10CDF00053E8003FBB60BB6843F00203FB617B6804
:10CE00001B680C33FA69BA617B617969BA6941E8D8
:10CE100000233B613B69002BE5D17B68202283F82E
:10CE200041207B6800225A637B68002283F84020FF
:10CE3000002318462437BD4680BC704780B489B0B3
:10CE400000AF78607B6893F84030012B01D102235A
:10CE50002DE07B68012283F840207B68242283F840
:10CE600041207B681B680C33FB60FB6853E8003F84
:10CE7000BB60BB6823F00203FB617B681B680C335B
:10CE8000FA69BA617B617969BA6941E800233B615B
:10CE90003B69002BE5D17B68202283F841207B6829
:10CEA00000225A637B68002283F840200023184642
:10CEB0002437BD4680BC704780B485B000AF786031
:10CEC0000023FB607B6893F84030012B01D10223E3
:10CED00020E07B68012283F840207B68242283F8CD
:10CEE00041207B681B68DB68FB60FB6823F00C0358
:10CEF000FB60FB6843F00803FB607B681B68FA6813
:10CF0000DA607B68202283F841207B68002283F866
:10CF10004020002318461437BD4680BC704780B4BB
:10CF200085B000AF78600023FB607B6893F84030E9
:10CF3000012B01D1022320E07B68012283F84020ED
:10CF40007B68242283F841207B681B68DB68FB60D8
:10CF5000FB6823F00C03FB60FB6843F00403FB60F9
:10CF60007B681B68FA68DA607B68202283F84120BE
:10CF70007B68002283F84020002318461437BD4602
:10CF800080BC704780B485B000AF78600023FB6040
:10CF90000023BB607B6893F84130DBB2FB607B68A9
:10CFA00093F84230DBB2BB60FB68DAB2BB68DBB23D
:10CFB0001343DBB218461437BD4680BC704780B4BB
:10CFC00083B000AF78607B685B6C18460C37BD4659
:10CFD00080BC704780B590B000AF78607B689B6B79
:10CFE000FB637B681B681B6803F48073002B37D1DD
:10CFF000FB6B0022DA84FB6B1B6814337B627B6A59
:10D0000053E8003F3B623B6A23F08003BB63FB6B4A
:10D010001B681433BA6B3A63FB62F96A3A6B41E8F6
:10D020000023BB62BB6A002BE5D1FB6B1B680C3392
:10D030003B613B6953E8003FFB60FB6843F0400302
:10D040007B63FB6B1B680C337A6BFA61BB61B9695C
:10D05000FA6941E800237B617B69002BE5D102E09E
:10D06000F86BFFF71FFE00BF4037BD4680BD80B59F
:10D0700084B000AF78607B689B6BFB60F868FFF75B
:10D080001AFE00BF1037BD4680BD80B59CB000AF12
:10D0900078607B689B6BFB667B681B681B6803F48E
:10D0A0008073002B72D1FB6E0022DA85FB6E1B6849
:10D0B0000C33FB64FB6C53E8003FBB64BB6C23F494
:10D0C0008073BB66FB6E1B680C33BA6EBA657B65FA
:10D0D000796DBA6D41E800233B653B6D002BE5D1CE
:10D0E000FB6E1B681433BB63BB6B53E8003F7B6371
:10D0F0007B6B23F001037B66FB6E1B6814337A6E37
:10D100007A643B64396C7A6C41E80023FB63FB6B07
:10D11000002BE5D1FB6E1B6814337B627B6A53E8FE
:10D12000003F3B623B6A23F040033B66FB6E1B689B
:10D1300014333A6E3A63FB62F96A3A6B41E80023B2
:10D14000BB62BB6A002BE5D1FB6E202283F8422034
:10D15000FB6E1B6B012B19D1FB6E1B680C333B6103
:10D160003B6953E8003FFB60FB6823F01003FB655D
:10D17000FB6E1B680C33FA6DFA61BB61B969FA6921
:10D1800041E800237B617B69002BE5D1FB6E002227
:10D190005A63FB6E1B6B012B06D1FB6E9B8D1946F0
:10D1A000F86EFFF7C7FD02E0F86EFFF78DFD00BFD8
:10D1B0007037BD4680BD80B584B000AF78607B68B5
:10D1C0009B6BFB60FB6801225A63FB681B6B012BA6
:10D1D00008D1FB689B8D5B089BB21946F868FFF786
:10D1E000A9FD02E0F868FFF778FD00BF1037BD46E3
:10D1F00080BD80B584B000AF78600023FB607B68A1
:10D200009B6BBB60BB681B685B6903F08003C3F367
:10D21000C013DBB2FB60BB6893F84130DBB2212B5B
:10D2200008D1FB68002B05D0BB680022DA84B868FF
:10D2300000F052F9BB681B685B6903F04003C3F35D
:10D240008013DBB2FB60BB6893F84230DBB2222B69
:10D2500008D1FB68002B05D0BB680022DA85B868CE
:10D2600000F061F9BB685B6C43F01002BB685A6464
:10D27000B868FFF73BFD00BF1037BD4680BD80B5E5
:10D2800086B000AFF860B9603B601346FB713BE0CD
:10D290003B6AB3F1FF3F37D0F3F7ECF802463B6847
:10D2A000D31A3A6A9A4202D33B6A002B01D1032374
:10D2B0003AE0FB681B68DB6803F00403002B23D013
:10D2C000BB68802B20D0BB68402B1DD0FB681B683F
:10D2D0001B6803F00803082B16D100237B61FB6851
:10D2E0001B681B687B61FB681B685B687B617B69F3
:10D2F000F86800F018F9FB6808225A64FB680022FD
:10D3000083F8402001230FE0FB681B681A68BB68A4
:10D310001340BA689A420CBF01230023DBB21A46BD
:10D32000FB799A42B4D0002318461837BD4680BD19
:10D3300080B485B000AFF860B9601346FB80FB682D
:10D34000BA689A62FB68FA889A85FB68FA88DA8577
:10D35000FB6800225A64FB68222283F84220FB68A3
:10D360001B69002B07D0FB681B68DA68FB681B6829
:10D3700042F48072DA60FB681B685A69FB681B68BC
:10D3800042F001025A61FB681B68DA68FB681B689F
:10D3900042F02002DA60002318461437BD4680BCF4
:10D3A000704780B598B000AFF860B9601346FB8055
:10D3B000BA68FB689A62FB68FA889A85FB68002263
:10D3C0005A64FB68222283F84220FB68DB6B3F4AE9
:10D3D000DA63FB68DB6B3E4A1A64FB68DB6B3D4A31
:10D3E000DA64FB68DB6B00221A6507F10803FB6552
:10D3F000FB68D86BFB681B6804331946FB6D1A6821
:10D40000FB8800F072FE00233B61FB681B681B6811
:10D410003B61FB681B685B683B613B69FB681B69A0
:10D42000002B19D0FB681B680C333B643B6C53E842
:10D43000003FFB63FB6B43F48073BB65FB681B68B9
:10D440000C33BA6DFA64BB64B96CFA6C41E8002322
:10D450007B647B6C002BE5D1FB681B681433FB629B
:10D46000FB6A53E8003FBB62BB6A43F001037B6584
:10D47000FB681B6814337A6DBA637B63796BBA6B94
:10D4800041E800233B633B6B002BE5D1FB681B6845
:10D490001433BB61BB6953E8003F7B617B6943F098
:10D4A00040033B65FB681B6814333A6D7A623B624C
:10D4B000396A7A6A41E80023FB61FB69002BE5D1F8
:10D4C000002318466037BD4680BD00BF8BD00008E2
:10D4D000B7D10008F3D1000880B489B000AF7860FC
:10D4E0007B681B680C33FB60FB6853E8003FBB6044
:10D4F000BB6823F0C003FB617B681B680C33FA69CF
:10D50000BA617B617969BA6941E800233B613B6993
:10D51000002BE5D17B68202283F8412000BF24370F
:10D52000BD4680BC704780B495B000AF78607B6822
:10D530001B680C337B637B6B53E8003F3B633B6BA7
:10D5400023F49073FB647B681B680C33FA6C3A64B9
:10D55000FB63F96B3A6C41E80023BB63BB6B002BA8
:10D56000E5D17B681B6814333B623B6A53E8003F9C
:10D57000FB61FB6923F00103BB647B681B68143308
:10D58000BA6CFA62BB62B96AFA6A41E800237B624C
:10D590007B6A002BE5D17B681B6B012B19D17B6863
:10D5A0001B680C33FB60FB6853E8003FBB60BB6843
:10D5B00023F010037B647B681B680C337A6CBA61C0
:10D5C0007B617969BA6941E800233B613B69002BC3
:10D5D000E5D17B68202283F842207B6800221A6311
:10D5E00000BF5437BD4680BC704780B584B000AFE3
:10D5F00078607B689B6BFB60FB680022DA85FB68C8
:10D600000022DA84F868FFF771FB00BF1037BD46CF
:10D6100080BD80B584B000AF78607B689B6BFB6099
:10D62000FB689B6B00221A65FB68DB6B002B04D048
:10D63000FB68DB6B1B6D002B17D1FB680022DA84C3
:10D64000FB680022DA85FB6800225A64FB6820220E
:10D6500083F84120FB68202283F84220FB680022E7
:10D660001A63F868FFF74BFB00E000BF1037BD46B8
:10D6700080BD80B584B000AF78607B689B6BFB6039
:10D68000FB68DB6B00221A65FB689B6B002B04D0E8
:10D69000FB689B6B1B6D002B17D1FB680022DA84A3
:10D6A000FB680022DA85FB6800225A64FB682022AE
:10D6B00083F84120FB68202283F84220FB68002287
:10D6C0001A63F868FFF71BFB00E000BF1037BD4688
:10D6D00080BD80B584B000AF78607B689B6BFB60D9
:10D6E000FB680022DA84FB68202283F84120F86876
:10D6F000FFF70EFB00BF1037BD4680BD80B584B07C
:10D7000000AF78607B689B6BFB60FB680022DA856A
:10D71000FB68202283F84220FB6800221A63F86825
:10D72000FFF7FFFA00BF1037BD4680BD80B485B05B
:10D7300000AF78607B6893F84130DBB2212B3ED19B
:10D740007B689B68B3F5805F14D17B681B69002BF5
:10D7500010D17B681B6AFB60FB681B881A467B68DC
:10D760001B68C2F308025A607B681B6A9A1C7B68BC
:10D770001A6208E07B681B6A591C7A6811621A7881
:10D780007B681B685A607B68DB8C9BB2013B9BB259
:10D790007A681946D184002B0FD17B681B68DA6840
:10D7A0007B681B6822F08002DA607B681B68DA689D
:10D7B0007B681B6842F04002DA60002300E002232D
:10D7C00018461437BD4680BC704780B582B000AFA4
:10D7D00078607B681B68DA687B681B6822F040020F
:10D7E000DA607B68202283F841207868FFF75AFAD4
:10D7F000002318460837BD4680BD80B58CB000AF09
:10D8000078607B6893F84230DBB2222B40F0AE8028
:10D810007B689B68B3F5805F17D17B681B69002B21
:10D8200013D10023FB627B689B6ABB627B681B6829
:10D830005B689BB2C3F308039AB2BB6A1A807B6829
:10D840009B6A9A1C7B689A6226E07B689B6AFB62F3
:10D850000023BB627B689B68B3F5805F07D07B6861
:10D860009B68002B0AD17B681B69002B06D17B6863
:10D870001B685B68DAB2FB6A1A7008E07B681B6899
:10D880005B68DBB203F07F03DAB2FB6A1A707B6875
:10D890009B6A5A1C7B689A627B68DB8D9BB2013B5A
:10D8A0009BB27A681946D185002B5DD17B681B68D5
:10D8B000DA687B681B6822F02002DA607B681B68EC
:10D8C000DA687B681B6822F48072DA607B681B6808
:10D8D0005A697B681B6822F001025A617B6820222A
:10D8E00083F842207B6800225A637B681B6B012B04
:10D8F00035D17B6800221A637B681B680C337B611F
:10D900007B6953E8003F3B613B6923F010037B6276
:10D910007B681B680C337A6A3A62FB61F9693A6A80
:10D9200041E80023BB61BB69002BE5D17B681B6824
:10D930001B6803F01003102B0AD10023FB607B68E7
:10D940001B681B68FB607B681B685B68FB60FB688F
:10D950007B689B8D19467868FFF7ECF902E07868E0
:10D96000FFF7B2F9002302E0002300E0022318468B
:10D970003037BD4680BD2DE9B04FC0B000AFC7F80D
:10D98000F400D7F8F4301B681B6923F44050D7F833
:10D99000F430D968D7F8F4301A6840EA010313610B
:10D9A000D7F8F4309A68D7F8F4301B691A43D7F8DF
:10D9B000F4305B691A43D7F8F430DB691343C7F8D6
:10D9C000F830D7F8F4301B68DB6823F4164121F0F7
:10D9D0000C01D7F8F4301A68D7F8F8300B43D3604D
:10D9E000D7F8F4301B685B6923F44070D7F8F43043
:10D9F0009969D7F8F4301A6840EA01035361D7F8FF
:10DA0000F4301A688E4B9A4205D0D7F8F4301A6871
:10DA10008C4B9A4204D1F5F799FAC7F8FC0003E061
:10DA2000F5F780FAC7F8FC00D7F8F430DB69B3F5F6
:10DA3000004F40F00B81D7F8FC300022C7F8E830E7
:10DA4000C7F8EC20D7E93A4522462B469118B9652C
:10DA50005B41FB65D7E91623214612EB01082946F5
:10DA600043EB01094FF000024FF000034FEAC903F6
:10DA700043EA58734FEAC80290469946234618EB8A
:10DA80000303C7F8E0302B4649EB0303C7F8E43043
:10DA9000D7F8F4305B680022C7F8D830C7F8DC202C
:10DAA000D7E936120B46DB183B65134642EB0303FE
:10DAB0007B65D7E91423D7E9380108F041F902461C
:10DAC0000B46614BA3FB02235B091C01D7F8FC301A
:10DAD0000022C7F8D030C7F8D420D7E934894246AD
:10DAE0004B469118B9645B41FB64D7E91223414668
:10DAF00012EB010A494643EB010B4FF000024FF0D5
:10DB000000034FEACB0343EA5A734FEACA02924634
:10DB10009B4643461AEB0303C7F8C8304B464BEB12
:10DB20000303C7F8CC30D7F8F4305B680022C7F89D
:10DB3000C030C7F8C420D7E930120B46DB183B646D
:10DB4000134642EB03037B64D7E91023D7E9320184
:10DB500008F0F6F802460B4611463B4BA3FB0123A7
:10DB60005B09642202FB03F3CB1ADB0003F13202F0
:10DB7000354BA3FB02235B095B0003F4F8731C44E1
:10DB8000D7F8FC300022C7F8B830C7F8BC20D7E976
:10DB90002E8942464B469118B9635B41FB63D7E936
:10DBA0000E2341465118396349464B417B634FF080
:10DBB00000024FF00003D7E90CAB5946CB005146A9
:10DBC00043EA51735146CA0010461946034642467D
:10DBD0009B18C7F8B0304B460A4642EB0303C7F820
:10DBE000B430D7F8F4305B680022C7F8A830C7F823
:10DBF000AC20D7E92A120B46DB18BB62134642EB76
:10DC00000303FB62D7E90A23D7E92C0108F098F84F
:10DC100002460B460C4BA3FB02135B09642101FB7C
:10DC200003F3D31ADB003233074AA2FB03235B0959
:10DC300003F00702D7F8F4301B6822449A6005E12C
:10DC400000100140001401401F85EB51D7F8FC3053
:10DC50000022C7F8A030C7F8A420D7E92889424697
:10DC60004B46911839625B417B62D7E908234146F4
:10DC70005418494643EB01054FF000024FF00003F2
:10DC8000EB0043EA5473E20014461D464346E31892
:10DC9000C7F898304B4645EB0303C7F89C30D7F8DC
:10DCA000F4305B680022C7F89030C7F894204FF03A
:10DCB00000024FF00003D7E9244529468B00214696
:10DCC00043EA917321468A00D7E9260108F038F823
:10DCD00002460B46604BA3FB02235B091C01D7F8ED
:10DCE000FC300022C7F88830C7F88C20D7E9228999
:10DCF00042464B469118B9615B41FB61D7E9062367
:10DD000041465118396149464B417B614FF0000251
:10DD10004FF00003D7E904AB5946CB00514643EA24
:10DD200051735146CA0010461946034642469B1895
:10DD3000C7F880304B460A4642EB0303C7F88430ED
:10DD4000D7F8F4305B680022BB67FA674FF0000237
:10DD50004FF00003D7E91E8949468B00414643EA4C
:10DD6000917341468A00D7E9200107F0E9FF024696
:10DD70000B461146384BA3FB01235B09642202FBCF
:10DD800003F3CB1A1B013233334AA2FB03235B0993
:10DD900003F0F0031C44D7F8FC3000223B677A679D
:10DDA000D7E91C8942464B469118B9605B41FB603C
:10DDB000D7E9022341465118396049464B417B60FF
:10DDC0004FF000024FF00003D7E900AB5946CB00FB
:10DDD000514643EA51735146CA001046194603465C
:10DDE00042469B18BB664B460A4642EB0303FB6662
:10DDF000D7F8F4305B6800223B667A664FF0000289
:10DE00004FF00003D7E9188949468B00414643EAA1
:10DE1000917341468A00D7E91A0107F091FF024643
:10DE20000B460D4BA3FB02135B09642101FB03F3BB
:10DE3000D31A1B013233084AA2FB03235B0903F008
:10DE40000F02D7F8F4301B6822449A6000BF07F530
:10DE50008077BD46BDE8B08F1F85EB5180B586B099
:10DE600000AF786000237B61F2F704FB38617B68C8
:10DE7000002B01D1012399E07B68022283F8352031
:10DE80007B68002283F834207B681B681A687B68F3
:10DE90001B6822F001021A600FE0F2F7EBFA02466B
:10DEA0003B69D31A052B08D97B6820225A657B6809
:10DEB000032283F83520032378E07B681B681B6806
:10DEC00003F00103002BE8D17B681B681B687B61B2
:10DED0007A69384B13407B617B685A687B689B6822
:10DEE0001A437B68DB681A437B681B691A437B68AB
:10DEF0005B691A437B689B691A437B68DB691A4339
:10DF00007B681B6A13437A6913437B617B685B6A96
:10DF1000042B07D17B68DA6A7B681B6B13437A6931
:10DF200013437B617B681B687A691A607B681B6896
:10DF30005B697B617B6923F007037B617B685B6ABC
:10DF40007A6913437B617B685B6A042B17D17B681A
:10DF50009B6A7A6913437B617B68DB6A002B0ED076
:10DF6000786800F051FD0346002B08D07B68402202
:10DF70005A657B68012283F83520012316E07B680F
:10DF80001B687A695A61786800F009FD0346FB60F6
:10DF90007B68DB6D3F229A40FB689A607B680022B9
:10DFA0005A657B68012283F835200023184618370C
:10DFB000BD4680BD3F8010F080B584B000AF786072
:10DFC0007B68002B01D1012350E07B6893F835304A
:10DFD000DBB2022B01D1022348E07B681B681A6880
:10DFE0007B681B6822F001021A607B681B680022B4
:10DFF0001A607B681B6800225A607B681B680022DD
:10E000009A607B681B680022DA607B681B680022CC
:10E010001A617B681B6821225A61786800F0BFFC96
:10E020000346FB607B680022DA637B6800221A6487
:10E030007B6800225A647B6800229A647B68002215
:10E04000DA647B6800221A657B68DB6D3F229A40A8
:10E05000FB689A607B6800225A657B68002283F81F
:10E0600035207B68002283F83420002318461037BF
:10E07000BD4680BD80B586B000AFF860B9607A60FB
:10E080003B600023FB75FB6893F83430012B01D112
:10E09000022326E0FB68012283F83420FB6893F812
:10E0A0003530DBB2012B15D1FB68022283F8352015
:10E0B000FB6800225A653B687A68B968F86800F026
:10E0C00041FCFB681B681A68FB681B6842F0010290
:10E0D0001A6005E0FB68002283F834200223FB75F8
:10E0E000FB7D18461837BD4680BD80B586B000AFB1
:10E0F000F860B9607A603B600023FB75FB689B6D3C
:10E100003B61FB6893F83430012B01D1022340E0DE
:10E11000FB68012283F83420FB6893F83530DBB2CA
:10E12000012B2FD1FB68022283F83520FB680022E7
:10E130005A653B687A68B968F86800F003FCFB68C8
:10E14000DB6D3F229A403B699A60FB681B681A6846
:10E15000FB681B6842F016021A60FB681B6C002B00
:10E1600007D0FB681B681A68FB681B6842F008024E
:10E170001A60FB681B681A68FB681B6842F00102A2
:10E180001A6005E0FB68002283F834200223FB7547
:10E19000FB7D18461837BD4680BD80B584B000AF02
:10E1A00078607B689B6DFB60F2F764F9B8607B6810
:10E1B00093F83530DBB2022B08D07B6880225A6599
:10E1C0007B68002283F83420012352E07B681B68BF
:10E1D0001A687B681B6822F016021A607B681B684D
:10E1E0005A697B681B6822F080025A617B681B6C4D
:10E1F000002B03D17B689B6C002B07D07B681B68CE
:10E200001A687B681B6822F008021A607B681B682A
:10E210001A687B681B6822F001021A6013E0F2F7AB
:10E2200029F90246BB68D31A052B0CD97B6820223A
:10E230005A657B68032283F835207B68002283F8C7
:10E240003420032315E07B681B681B6803F001037F
:10E25000002BE4D17B68DB6D3F229A40FB689A601B
:10E260007B68012283F835207B68002283F8342004
:10E27000002318461037BD4680BD80B483B000AF80
:10E2800078607B6893F83530DBB2022B04D07B6872
:10E2900080225A6501230CE07B68052283F8352033
:10E2A0007B681B681A687B681B6822F001021A6091
:10E2B000002318460C37BD4680BC704780B58AB035
:10E2C00000AFF8600B467A60FB720023FB77F2F731
:10E2D000D1F8B861FB6893F83530DBB2022B08D077
:10E2E000FB6880225A65FB68002283F834200123F2
:10E2F000BFE0FB681B681B6803F48073002B05D02C
:10E30000FB684FF480725A650123B2E0FB7A002B60
:10E3100006D1FB68DB6D202202FA03F37B6205E085
:10E32000FB68DB6D102202FA03F37B62FB689B6DD6
:10E330007B617B691B683B625AE07B68B3F1FF3FFE
:10E3400017D07B68002B07D0F2F794F80246BB6920
:10E35000D31A7A689A420CD2FB6820225A65FB686D
:10E36000012283F83520FB68002283F83420032340
:10E370007FE07B691B683B62FB68DB6D08229A408B
:10E380003B6A1340002B0BD0FB685B6D43F001022E
:10E39000FB685A65FB68DB6D08229A407B699A60CE
:10E3A000FB68DB6D01229A403B6A1340002B0BD0C7
:10E3B000FB685B6D43F00202FB685A65FB68DB6D2E
:10E3C00001229A407B699A60FB68DB6D04229A40C7
:10E3D0003B6A1340002B0BD0FB685B6D43F00402DB
:10E3E000FB685A65FB68DB6D04229A407B699A6082
:10E3F0003A6A7B6A1340002B05D1FB685B6D03F022
:10E400000103002B99D0FB685B6D002B18D0FB68D3
:10E410005B6D03F00103002B12D0F868FFF7BDFE1F
:10E42000FB68DB6D30229A407B699A60FB680122B1
:10E4300083F83520FB68002283F83420012318E09C
:10E44000FB7A002B0ED1FB68DB6D30229A407B6992
:10E450009A60FB68012283F83520FB68002283F86C
:10E46000342005E0FB68DB6D10229A407B699A60DE
:10E47000FB7F18462837BD4680BD80B586B000AF0B
:10E4800078600023BB608E4B1B688E4AA2FB03237F
:10E490009B0A7B617B689B6D3B613B691B68FB60F2
:10E4A0007B68DB6D08229A40FB681340002B1AD072
:10E4B0007B681B681B6803F00403002B13D07B6888
:10E4C0001B681A687B681B6822F004021A607B686C
:10E4D000DB6D08229A403B699A607B685B6D43F074
:10E4E00001027B685A657B68DB6D01229A40FB68FC
:10E4F0001340002B12D07B681B685B6903F080031C
:10E50000002B0BD07B68DB6D01229A403B699A603F
:10E510007B685B6D43F002027B685A657B68DB6D4C
:10E5200004229A40FB681340002B12D07B681B68C2
:10E530001B6803F00203002B0BD07B68DB6D042209
:10E540009A403B699A607B685B6D43F004027B688C
:10E550005A657B68DB6D10229A40FB681340002BE4
:10E5600043D07B681B681B6803F00803002B3CD07A
:10E570007B68DB6D10229A403B699A607B681B6860
:10E580001B6803F48023002B18D07B681B681B6872
:10E5900003F40023002B08D17B681B6C002B24D0D4
:10E5A0007B681B6C786898471FE07B689B6C002B2E
:10E5B0001BD07B689B6C7868984716E07B681B686B
:10E5C0001B6803F48073002B07D17B681B681A68F3
:10E5D0007B681B6822F008021A607B681B6C002BAA
:10E5E00003D07B681B6C786898477B68DB6D2022C2
:10E5F0009A40FB681340002B00F08E807B681B68FC
:10E600001B6803F01003002B00F086807B68DB6D35
:10E6100020229A403B699A607B6893F83530DBB2E0
:10E62000052B36D17B681B681A687B681B6822F053
:10E6300016021A607B681B685A697B681B6822F0A7
:10E6400080025A617B681B6C002B03D17B689B6C3A
:10E65000002B07D07B681B681A687B681B6822F058
:10E6600008021A607B68DB6D3F229A403B699A6022
:10E670007B68012283F835207B68002283F83420F0
:10E680007B681B6D002B7DD07B681B6D786898477D
:10E6900078E07B681B681B6803F48023002B1CD088
:10E6A0007B681B681B6803F40023002B0CD17B687C
:10E6B0005B6C002B30D07B685B6C786898472BE0F4
:10E6C00000000020B5814E1B7B68DB6B002B23D044
:10E6D0007B68DB6B786898471EE07B681B681B686B
:10E6E00003F48073002B0FD17B681B681A687B686A
:10E6F0001B6822F010021A607B68012283F8352023
:10E700007B68002283F834207B68DB6B002B03D00E
:10E710007B68DB6B786898477B685B6D002B32D039
:10E720007B685B6D03F00103002B22D07B68052220
:10E7300083F835207B681B681A687B681B6822F0A9
:10E7400001021A60BB680133BB607A699A4207D341
:10E750007B681B681B6803F00103002BF2D100E00B
:10E7600000BF7B68012283F835207B68002283F894
:10E7700034207B68DB6C002B05D07B68DB6C786811
:10E78000984700E000BF1837BD4680BD80B487B011
:10E7900000AFF8600B467A60FB720023FB75FB68E4
:10E7A00093F83430012B01D1022341E0FB680122B0
:10E7B00083F83420FB6893F83530DBB2012B30D17D
:10E7C000FB7A052B26D0052B28DC042B1ED0042B2E
:10E7D00024DC032B16D0032B20DC022B0ED0022BC3
:10E7E0001CDC002B02D0012B04D017E0FB687A68F8
:10E7F000DA6318E0FB687A681A6414E0FB687A68E8
:10E800005A6410E0FB687A689A640CE0FB687A68E6
:10E81000DA6408E0FB687A681A6504E00123FB7596
:10E8200001E00123FB75FB68002283F83420FB7DA7
:10E8300018461C37BD4680BC704780B485B000AF19
:10E8400078600B46FB700023FB737B6893F83430D1
:10E85000012B01D1022358E07B68012283F8342088
:10E860007B6893F83530DBB2012B47D1FB78062B60
:10E870002ED0062B3FDC052B26D0052B3BDC042BB2
:10E880001ED0042B37DC032B16D0032B33DC022BDA
:10E890000ED0022B2FDC002B02D0012B04D02AE05B
:10E8A0007B680022DA632BE07B6800221A6427E091
:10E8B0007B6800225A6423E07B6800229A641FE090
:10E8C0007B680022DA641BE07B6800221A6517E08F
:10E8D0007B680022DA637B6800221A647B6800226E
:10E8E0005A647B6800229A647B680022DA647B6841
:10E8F00000221A6504E00123FB7301E00123FB738E
:10E900007B68002283F83420FB7B18461437BD4611
:10E9100080BC704780B483B000AF78607B6893F8A8
:10E920003530DBB218460C37BD4680BC704780B42A
:10E9300083B000AF78607B685B6D18460C37BD46CE
:10E9400080BC704780B485B000AFF860B9607A6071
:10E950003B60FB681B681A68FB681B6822F4802216
:10E960001A60FB681B683A685A60FB689B68402B1A
:10E9700008D1FB681B687A689A60FB681B68BA68F4
:10E98000DA6007E0FB681B68BA689A60FB681B687E
:10E990007A68DA6000BF1437BD4680BC704780B427
:10E9A00085B000AF78607B681B68DBB2103B144A0F
:10E9B000A2FB03231B09FB60124AFB6813441B786C
:10E9C0001A467B68DA65FB68032B09D97B681B68EC
:10E9D00023F47F7323F003031A1D7B689A6507E015
:10E9E0007B681B6823F47F7323F003037A689365C5
:10E9F0007B689B6D18461437BD4680BC704700BFCE
:10EA0000ABAAAAAAC876010880B485B000AF786026
:10EA10000023FB737B689B6ABB607B689B69002B50
:10EA200023D1BB68032B5FD0BB68032B5ED8BB68C8
:10EA3000022B09D0BB68022B58D8BB68002B03D02F
:10EA4000BB68012B09D051E07B68DB6A03F080735F
:10EA5000002B4DD00123FB734AE07B68DB6AB3F1E6
:10EA6000C07F47D10123FB7344E07B689B69B3F50A
:10EA7000005F26D1BB68032B1BD0BB68032B3BD8A0
:10EA8000BB68022B09D0BB68022B35D8BB68002BB2
:10EA900003D0BB68012B03D02EE00123FB7332E0CF
:10EAA0007B68DB6A03F08073002B27D00123FB73A4
:10EAB00024E07B68DB6AB3F1C07F21D10123FB73C3
:10EAC0001EE0BB68022B03D9BB68032B03D01AE0FE
:10EAD0000123FB7317E07B68DB6A03F08073002B74
:10EAE00010D00123FB730DE000BF0CE000BF0AE073
:10EAF00000BF08E000BF06E000BF04E000BF02E086
:10EB000000BF00E000BFFB7B18461437BD4680BC49
:10EB1000704700BF80B584B000AF7860134A7B684F
:10EB200013600023FB6007F108031946F86800F042
:10EB300017FE03460E4A13600D4B1B68002B04D1D1
:10EB40000C4808F075F801230CE0BB6819460A4828
:10EB500008F006F8054B1B68054A12685A6100F078
:10EB60000DF8002318461037BD4680BD680400200C
:10EB70006C040020E47601080477010890B58FB09A
:10EB800008AF804808F054F87F4B1B685B68002290
:10EB90005A617E4B1B68184600F0C2F97A4B1B681D
:10EBA0005B68184600F0ACFA774B1B68774A11682F
:10EBB0000022184600F068FF03461A46744B1A708C
:10EBC000734B93F90030002B08D0714B93F9003050
:10EBD0001946704807F0C4FF0123CEE06E4B5B6C12
:10EBE000BB606D4B9B6CFB606B4BDB6C3B616A4BA2
:10EBF0001B6D7B61644B1868644B1B681A46634B42
:10EC00001B68023307F1080100F06AFF03461A4649
:10EC10005F4B1A705E4B93F90030002B08D05C4BB1
:10EC200093F9003019465D4807F09AFF0223A4E0EB
:10EC3000564B1A68554B1B6812785A7000237B603C
:10EC4000514B1868564B1968504B1B685B783A1D3E
:10EC500007920693002305934FF4FA7304934FF43D
:10EC60007A7303934FF4FA73029342F211130193F0
:10EC7000002300930B460022002100F05DFF0346B5
:10EC80001A46434B1A70424B93F90030002B1AD0AE
:10EC90003F4B93F9003013F1130F14D03C4B93F911
:10ECA000003013F10C0F05D17B6819463D4807F081
:10ECB00057FF06E0364B93F9003019463A4807F003
:10ECC0004FFF032359E0304B18682F4B1B68D9695D
:10ECD000334B1A682D4B1B685C783B1D0093234611
:10ECE00001F06EF803461A46294B1A70284B93F927
:10ECF0000030002B1AD0264B93F9003013F1130F7C
:10ED000014D0234B93F9003013F10C0F05D17B681D
:10ED10001946244807F024FF06E01D4B93F9003004
:10ED20001946224807F01CFF042326E0174B1B68F6
:10ED30005B681846F4F73EFB134B1B681B68002BFF
:10ED400002D01B4807F074FF0F4B1B685B68184626
:10ED500000F0F6F8174807F06BFF174B1B689B682D
:10ED6000184607F025FEF1F785FB0346134A1360AA
:10ED7000124B1B68124A1360002318461C37BD460D
:10ED800090BD00BF307701086C04002068040020AB
:10ED900078040020587701080C00002080770108D3
:10EDA000E8030020AC770108D47701080078010857
:10EDB0002878010850780108F80300207404002026
:10EDC0007004002080B582B000AFF1F753FB03461A
:10EDD0002C4A13602B4B1A682B4B1B689A424CD061
:10EDE000284B1A68284B1B68D31A4FF47A7202FB1F
:10EDF00003F37B60234B1B68234A1360234B186883
:10EE000000237A68002101F0A3F80346FB701F4B32
:10EE10001B689B6B5A7A1E4B1B68D209D2B25A747C
:10EE20001A4B1B689B6B9A7A194B1B68D209D2B29A
:10EE30001A74FB78012B18D1154B1B685B681846B8
:10EE4000F4F726FB124B1B68184600F069F80F4BCD
:10EE50001B68184600F0ABFD0E4807F0E9FE0C4BAE
:10EE60001B681846FFF756FE07E0FB78022B04D11B
:10EE7000094807F0DDFEF2F72AFF00BF0837BD465C
:10EE800080BD00BF74040020700400206C040020CA
:10EE9000680400206C7801089478010880B584B07B
:10EEA00000AF1E4B1B685B68EFF310827A607A68D4
:10EEB0005A6372B600BF194B1B681B68002B20D128
:10EEC000164B1B685B685B69002B1AD00023FB6044
:10EED0004FF47A73BB60114B1B680022B968184667
:10EEE00001F039F9F8600D4B18680023BA68F96829
:10EEF00001F074F9094B18680023BA68F96801F049
:10EF0000B2F9064B1B685B685B6B3B603B6883F345
:10EF1000108800BF00BF1037BD4680BD6C040020C4
:10EF200080B582B000AF78607B68002B04D07B682E
:10EF30009B681846F1F724FE00BF0837BD4680BD28
:10EF400080B582B000AF78607B681B68002B0BD067
:10EF50007B681B689B681846F1F7CEFD0346002BC3
:10EF600002D17B6801225A6100BF0837BD4680BDCF
:10EF700080B590B000AFF860B9607A607B80FB68C4
:10EF8000002B05D07B68002B02D0BB6C002B02D17C
:10EF90004FF0FF33ABE0FB68BA681A60564AFB6873
:10EFA0001360FB687A685A60FB687A881A81FB688C
:10EFB000BA6CDA60FB68B7F84C201A82FB68002252
:10EFC0005A82FB6800225A61FB6800229A61FB6842
:10EFD0000022DA61FB6801221A62FB6800229A842F
:10EFE000FB6800229A620023FB872BE0FA8F13460E
:10EFF0005B0013449B001A467B68134400221A806E
:10F00000FA8F13465B0013449B001A467B68134437
:10F010004FF6FF725A80FA8F13465B0013449B0031
:10F020001A467B68134400225A60FA8F13465B002D
:10F0300013449B001A467B68134400229A60FB8F9E
:10F040000133FB87FA8F7B889A42CFD30023BB879B
:10F050000CE0BA8F13465B001344DB001A46BB6C0E
:10F06000134400221A61BB8F0133BB87BA8FB7F8F4
:10F070004C309A42EDD3BB68DB689847FB681B684D
:10F080009B681B681D4A934202D10023BB6201E0CA
:10F090000E23BB620023FB6201233B6300237B61E1
:10F0A0000023BB610023FB6100233B6200237B62E2
:10F0B00001237B630E23BB63BB689B6807F11402CB
:10F0C00011461846F1F738FC0346002B02D04FF0EA
:10F0D000FF330CE0BB689B6813211846F2F701F977
:10F0E0000346002B02D04FF0FF3300E00023184608
:10F0F0004037BD4680BD00BF7C0400200064004056
:10F1000080B582B000AF78607B68002B09D07B6847
:10F110001B68002B05D07B681B689B681846F1F7BD
:10F120002FFD00BF0837BD4680BD80B487B000AF5B
:10F13000F860084611461A4603467B810B463B8120
:10F140001346FB800023FB75FB68002B3CD07B6AD9
:10F15000002B39D0BB6A002B36D0FB681B897A891B
:10F160009A4231D2FB6859687A8913465B0013448E
:10F170009B000B443B613B697A6A5A603B69BA6AFF
:10F180009A60B7F90830C3F30A031BB23A6A002A3F
:10F1900001D0134A00E0002213431BB29AB23B692C
:10F1A0001A80B7F90630C3F30A031BB26FEA434370
:10F1B0006FEA53431BB29AB23B695A80FB689B6962
:10F1C000002B04D000BF02E0FF23FB7500E000BF6E
:10F1D00097F9173018461C37BD4680BC704700BFF2
:10F1E0000080FFFF80B487B000AFF8607B600B4603
:10F1F0007B8113463B8100237B61FB68002B24D07D
:10F20000FB681B8A7A899A421FD2FB68D9687A897F
:10F2100013465B001344DB000B447B613B89C3F363
:10F220000A037A68002A02D04FF4004200E000226C
:10F230001A437B691A607B6997F820201A717B69F1
:10F2400000221A617B697A6A5A617B6918461C3709
:10F25000BD4680BC704780B584B000AF786039602F
:10F260000023FB737B681B689B681846F1F766FEFA
:10F270000346002B28D0174B00225A60154B002262
:10F280009A603B681B791A46124B1A613B681B68EF
:10F29000C3F30A030F4A13603B681B689B0B03F020
:10F2A00002030C4AD3607B681B6898683B685A1D50
:10F2B00007F108030749F1F72EFD0346002B0CBFA9
:10F2C00001230023DBB2FB73FB7B18461037BD46DE
:10F2D00080BD00BF8804002080B586B000AF786094
:10F2E00039600023FB753B681B69002B0CD07B68E1
:10F2F0001B6A002B06D17B685B8A43F008039AB235
:10F300007B685A82F723FB75EFF310833B613A6900
:10F310007B68DA6272B600BF39687868FFF79BFFD6
:10F320000346002B04D03B685A697B68DA610DE024
:10F330003B681B69002B09D13B6801221A617B687D
:10F340009B8C9BB201339AB27B689A847B68DB6AA0
:10F35000FB60FB6883F3108800BF97F917301846ED
:10F360001837BD4680BD80B489B000AF78600023F7
:10F37000FB61EFF310833B613A697B68DA6272B636
:10F3800000BF7B68DB69002B04D07B680022DA6158
:10F390000123FB617B689B8C9BB2002B23D07B6895
:10F3A000DB687B617B681B8A7B8319E07B691B6957
:10F3B000002B0FD07B695B69002B0BD07B6900228F
:10F3C0001A617B689B8C9BB2013B9AB27B689A84E2
:10F3D0000223FB617B6918337B617B8B013B7B8361
:10F3E0007B8B002BE2D17B68DB6AFB60FB6883F3DD
:10F3F000108800BFFB69002B06D07B685B8A43F056
:10F4000080039AB27B685A8200BF2437BD4680BC15
:10F41000704780B485B000AF78600023BB607B6824
:10F420001B689B681B689B6903F00703BB607B68D4
:10F430009B6ABA689A422ED07B685B8AFB817B68A4
:10F44000BA689A62BB6803F00403002B04D0FB89FE
:10F4500043F00403FB811BE0FB8923F4417323F099
:10F460000303FB81BB6803F00103002B05D0FB897C
:10F4700043F4807343F00103FB81BB6803F0020394
:10F48000002B05D0FB8943F4007343F00203FB819A
:10F490007B68FA895A8200BF1437BD4680BC70472A
:10F4A00080B58CB000AFF860B9607A600023FB6271
:10F4B000002387F8293007F1140305332C4AB96873
:10F4C000F868F1F7C6FD0346002B4CD1284B1B68AA
:10F4D000274AD268022A02D14FF4004200E00022FB
:10F4E00013437B61224B1B69DBB23B767B697B62FA
:10F4F000204B1B689B69002B01D000BE1FE01D4BF9
:10F500001B685B68FB621B4B1B681B897B8513E0D8
:10F51000FB6A1B881A467B6A5340FA6A528813407A
:10F52000002B03D1012387F8293008E07B8D013BB4
:10F530007B85FB6A0C33FB627B8D002BE8D197F84F
:10F540002930002B10D0FB6A002B0DD0FB6A9B6882
:10F55000002B09D0FB6A9B68FA6A526807F1140114
:10F560001046984700E000BF3037BD4680BD00BF61
:10F57000A00400207C04002080B582B000AF786039
:10F58000002200217868FFF78BFF00BF0837BD46D7
:10F5900080BD80B582B000AF78600022012178681C
:10F5A000FFF77EFF00BF0837BD4680BD80B586B03F
:10F5B00000AF786039607B6800221A627B680022A5
:10F5C000DA617B689B8C9BB2002B39D07B68DB684F
:10F5D0007B61EFF31083FB60FA687B68DA6272B6D6
:10F5E00000BF7B681B8A7B821EE07B691B69002B46
:10F5F00014D079697868FFF72EFE0346002B17D0E8
:10F600007B6900221A617B689B8C9BB2013B9AB29A
:10F610007B689A847B695A697B68DA617B8A013BE3
:10F620007B827B6918337B617B8A002BDDD100E014
:10F6300000BF7B68DB6ABB60BB6883F3108800BFD8
:10F6400000BF1837BD4680BD80B582B000AF78607E
:10F65000044B1B6801211846FFF7A8FF00BF0837BD
:10F66000BD4680BD7C04002080B582B000AF7860CC
:10F67000044B1B6801211846FFF798FF00BF0837AD
:10F68000BD4680BD7C04002080B582B000AF7860AC
:10F69000044B1B6801211846FFF788FF00BF08379D
:10F6A000BD4680BD7C04002080B485B000AF78608A
:10F6B0000B46FB70FB78DB08FB73FB7803F007035A
:10F6C000012202FA03F3BB737B68002B0AD0FB7B99
:10F6D000092B07D8FB7B7A68D25CBB7B1340DBB27B
:10F6E000002B01D0012300E0002318461437BD464B
:10F6F00080BC704780B483B000AF78607B68002B1B
:10F7000007D07B68DB68002B03D07B68DB681B7845
:10F7100000E0002318460C37BD4680BC704780B41B
:10F7200083B000AF78607B68002B03D07B6893F9CF
:10F73000003000E0002318460C37BD4680BC7047FF
:10F7400080B483B000AF78607B68002B02D07B6808
:10F750001B7C00E0002318460C37BD4680BC704778
:10F7600080B586B000AF786039600023FB6000236D
:10F770007B6100233B614021012006F0A3FF03468B
:10F78000FB60FB68002B00F001813B6940333B616B
:10F790002C21012006F096FF03461A46FB681A61E9
:10F7A000FB681B69002B00F0F1803B692C333B6147
:10F7B0000823FB723021012006F084FF03461A461D
:10F7C000FB685A61FB685B69002B00F0DF803B69D6
:10F7D00030333B61FB7A1021184606F073FF034675
:10F7E0001A46FB689A61FB689B69002B00F0CE808B
:10F7F000FB7A1B013A6913443B615021012006F05A
:10F8000061FF03461A46FB68DA61FB68DB69002B7F
:10F8100000F0BC803B6950333B611123BB72BB7A63
:10F82000012B12D9BB7A0821184606F04BFF03467C
:10F830001A46FB681A62FB681B6A002B00F0A68060
:10F84000BB7ADB003A6913443B61AC21012006F02E
:10F8500039FF03461A46FB685A62FB685B6A002B55
:10F8600000F094803B69AC333B612C21012006F011
:10F8700029FF03461A46FB689A62FB689B6A002BC5
:10F8800000F084803B692C333B615C21012006F051
:10F8900019FF03461A46FB68DA62FB68DB6A002B35
:10F8A00074D03B695C333B614FF4CA71042006F0AD
:10F8B00009FF03461A46FB681A63FB681B6B002BA3
:10F8C00064D03B6903F5CA633B614FF4C671042001
:10F8D00006F0F8FE03461A46FB685A63FB685B6B4A
:10F8E000002B53D03B6903F5C6633B610C2101201B
:10F8F00006F0E8FE03461A46FB689A63FB689B6BBA
:10F90000002B43D03B690C333B617421012006F08E
:10F91000D9FE03461A46FB68DA63FB68DB6B002BF3
:10F9200034D03B6974333B613821012006F0CAFEB4
:10F9300003461A46FB685A60FB685B68002B25D0BB
:10F940003B6938333B610C21112006F0BBFE0346B6
:10F950001A46FB689A60FB689B68002B16D03B69CF
:10F96000CC333B611821092006F0ACFE03461A4651
:10F97000FB68DA60FB68DB68002B07D03B69D83393
:10F980003B61FB6801221A60FB687B617B69002B8D
:10F9900002D1F86800F00BF83B68002B02D03B68FE
:10F9A0003A691A607B6918461837BD4680BD80B534
:10F9B00082B000AF78607B68002B53D07B685B68B7
:10F9C0001846FFF79DFB7B68DB68184606F096FE3D
:10F9D0007B689B68184606F091FE7B685B6818465A
:10F9E00006F08CFE7B68DB6B184606F087FE7B68B2
:10F9F0009B6B184606F082FE7B685B6B184606F030
:10FA00007DFE7B681B6B184606F078FE7B68DB6A20
:10FA1000184606F073FE7B689B6A184606F06EFE79
:10FA20007B685B6A184606F069FE7B68DB691846EE
:10FA300006F064FE7B681B6A184606F05FFE7B6872
:10FA40009B69184606F05AFE7B685B69184606F00B
:10FA500055FE7B681B69184606F050FE786806F074
:10FA60004DFE00E000BF0837BD4680BD80B485B0C4
:10FA700000AF78600023FB600123FB60FB68184641
:10FA80001437BD4680BC704780B58AB004AFF860BB
:10FA9000B9601346FB80FB68002B02D14FF0FF33A7
:10FAA0001AE0FB685B6800225A61B868FFF738FA11
:10FAB000FB685868FB689968FB68DB68FA88029203
:10FAC00009220192009311230A46B968FFF750FA00
:10FAD0000346FB7597F9173018461837BD4680BDA9
:10FAE00080B58CB006AFF860B9607A603B60FB68A7
:10FAF000002B02D14FF0FF331AE0FB68D86BFB6894
:10FB00005B68FA68526840F2E4710591082104913B
:10FB1000039240F2E57202921022019200937B68F8
:10FB20003A68B96805F0C4FE0346FB7597F91730CB
:10FB300018461837BD4680BDF0B591B00AAFF860E1
:10FB4000B9607A603B60FB68002B02D14FF0FF3355
:10FB50002FE17B68002B02D1FB68DB697B60FB68CF
:10FB600000221A6097F84830FF2B03D1FB6801226E
:10FB70001A600AE097F84830002B03D097F9483014
:10FB8000002B02DA4FF0FF3313E1FB689B6B184642
:10FB900005F098FB03467B7497F91130002B02D0D7
:10FBA00097F9113005E1FB681B68002B02D06FF05C
:10FBB0001203FEE0FB68D869FB685C687F4B1B683A
:10FBC0005B6803F10C05FB681E6A7C4B1B685B6875
:10FBD0006C337A4A126852681832F96C059197F8BA
:10FBE0004810049103920122029201931123009381
:10FBF00033462A46214600F0A3FC03467B7497F95E
:10FC00001130002B02D097F91130D2E0FB681C694B
:10FC10006A4B1B685B6803F19005FB685B68FA68D8
:10FC2000526897F8481089B201F5E06189B297F8F7
:10FC30004860F86C08900791072106910592002210
:10FC400004920022039202933B8F0193BB8E009398
:10FC500033467A682946204601F0EBFA03467B7466
:10FC600097F91130002B02D097F91130A1E0FB6811
:10FC70005869FB689C69514B1B685B688433FA6860
:10FC80005268F96C039108210291019200930823B4
:10FC90002246796800F0DBFF03467B7497F9113048
:10FCA000002B02D097F9113083E0444B1B685B684E
:10FCB000B4337B6100237B822FE0FB685A6A7B8A26
:10FCC000AC2101FB03F3D518FB685B687A8A073225
:10FCD00092B2F9684968788A063080B297F848602D
:10FCE000FC6C05940490039102920193BB8F0093E6
:10FCF00033467A693968284603F070FD03467B7401
:10FD000097F91130002B02D097F9113051E07B693F
:10FD10000C337B617B8A01337B827B8A002BCCD0C6
:10FD2000FB68986A254B1B685B6803F16001FB6800
:10FD30005A68FB6C0093022305F0D0F903467B74EC
:10FD400097F91130002B02D097F9113031E0FB68A0
:10FD5000DD6A1A4B1B685B6803F12406174B1B68AE
:10FD60005B6803F1300C154B1B685B683C33134A2E
:10FD700012685268A832F9684968F8684068FC6CF3
:10FD800006940024059404900120039002910192AE
:10FD90000093634632467968284604F0E1FE034644
:10FDA0007B7497F91130002B02D097F9113000E0E5
:10FDB000002318461C37BD46F0BD00BFE8030020F5
:10FDC00090B593B006AFF860B9607A60FB70FB68DD
:10FDD000002B02D14FF0FF33B4E0FB78002B07D0AB
:10FDE00097F90330002B03DBFB681B68002B09D05D
:10FDF000FB681B68002B02D06FF01203A2E04FF0EB
:10FE0000FF339FE0514B1B685B68CC33FB624F4B69
:10FE10001B685B68FC33BB620023FB843DE000236E
:10FE2000BB84FB8C032B08D8FB8C02339BB21B02D8
:10FE30009AB2FB789BB21344BB84FB681A6BFB8CB1
:10FE40004FF4CA7101FB03F3D018FB68DC6AFB684E
:10FE50005B68FA8C033292B2396C05910492039379
:10FE6000BB6A0293FB6A0193BB8C00932346BA687A
:10FE7000796802F06FFB0346BB7597F91630002BCB
:10FE800002D097F916305DE0FB6A0C33FB62BB6A67
:10FE90000C33BB62FB8C0133FB84FB8C032BBED980
:10FEA0002A4B1B685B6803F596733B62274B1B6804
:10FEB0005B6803F5AE73FB6100237B833EE00023A8
:10FEC0003B837B8B032B09D87B8B1B029AB2FB787D
:10FED0009BB213449BB203F5C0733B83FB685A6B20
:10FEE0007B8B4FF4C67101FB03F3D018FB68DC6A0F
:10FEF000FB685B687A8B023292B2396C059104928E
:10FF00000393FB6902933B6A01933B8B0093234667
:10FF1000BA68796802F008FF0346FB7597F9173055
:10FF2000002B02D097F917300CE03B6A0C333B6290
:10FF3000FB690C33FB617B8B01337B837B8B032B56
:10FF4000BDD9002318463437BD4690BDE8030020D4
:10FF5000F0B59DB008AFF861B9617A613B610023EB
:10FF600087F84F30FB691B691846FFF7D8FB03463B
:10FF700087F8273097F927307F2B03D097F9273060
:10FF8000052B01D1012300E000233B64FB695B6882
:10FF90001846FFF73EFAFB69DB6B184605F03AFDA1
:10FFA0000346002B02D0012387F84F30FB691B6802
:10FFB000FB63FB695B685B8A7B870023BB64FB692F
:10FFC000DB6B1846FFF7BCFB0346012B01D1012375
:10FFD000BB64FB69DB6918211846FFF765FB786392
:10FFE000FB69DB691B211846FFF75EFB3863FB6981
:10FFF000DB691C211846FFF757FBF862FB69DB69D8
:020000040801F1
:1000000017211846FFF750FBB862FB699B6BFB603A
:10001000FB6B002B02D197F9276000E000267B8F55
:1000200003F00403C3F38003DBB2BB607A8F40F2BA
:1000300003331340002B14BF01230023DBB27B608A
:10004000FB6B002B01D1BC6A00E00024FB6B002B92
:1000500001D17D6B00E00025FB6B002B07D13B6BD2
:10006000002B02D1FB6A002B01D0012300E000230A
:100070003B60FB69DB691846FFF73CFB0346002B3E
:1000800014BF01230023DBB21A463B690793002308
:10009000069305923B680493039502947B68019351
:1000A000BB680093BB6C32467969F86805F021F9AA
:1000B000FB691B68002B02D097F84F3047E0FB69C3
:1000C000D8693B697A69396C00F01AFBFB691869D9
:1000D00007F127013B697A6901F068F9034687F85F
:1000E0004F3097F927307F2B03D097F92730052B16
:1000F00001D1012300E000233B64002387F847304F
:1001000011E0FB695A6A97F84730AC2101FB03F311
:10011000D0183B697A69396C03F04AFE97F847308A
:10012000013387F8473097F84730002BE9D0FB6957
:1001300058693B697A69396C00F0C8FEFB699B6AB3
:100140007A69396C184605F047F897F84F30184629
:100150005437BD46F0BD80B588B000AFF860B960D7
:100160007A600023FB61FB681B68002B31D1FB68C0
:100170001B691846FFF7D3FA0346FB7697F91B3045
:100180007F2B03D097F91B30052B01D1012300E011
:1001900000237B61FB68D86A7B68BA68796904F0E0
:1001A00003FE0346FB74FB7C022B09D0022B0DDC03
:1001B000002B0DD0012B00D008E00123FB6108E0EB
:1001C000FB685B681846FFF7CEF802E000BF00E06E
:1001D00000BFFB6918462037BD4680BD80B58AB098
:1001E00002AFF860B9607A603B60FB681B68002B67
:1001F00035D1FB681B691846FFF791FA0346052BBA
:100200000CBF01230023DBB2BB6100237B61002311
:10021000FB8314E0FB681A6BFB8B4FF4CA7101FB84
:1002200003F3D01807F11402BB680193BB69009374
:100230003B68796802F0D0FAFB8B0133FB83FB8BC0
:10024000032BE7D97B69002B0AD1FB68D86900230F
:10025000009300231722002100F091FB00E000BF73
:100260002037BD4680BD80B588B002AFF860B96068
:100270007A603B60FB681B68002B24D1FB681B691C
:100280001846FFF74CFA0346052B0CBF0123002349
:10029000DBB23B610023FB8211E0FB685A6BFB8AF7
:1002A0004FF4C67101FB03F3D018BB6800933B69A0
:1002B0003A68796802F06CFFFB8A0133FB82FB8AA3
:1002C000032BEAD900E000BF1837BD4680BD00BF50
:1002D00080B485B000AF78607B681B78FB73FB7BD4
:1002E00018461437BD4680BC704780B483B000AF59
:1002F00078600B46FB70FA787B681A700123184609
:100300000C37BD4680BC704780B483B000AF7860C6
:1003100039603A687B681A60042318460C37BD467A
:1003200080BC704780B483B000AF78607B68002BDE
:1003300002D07B681B8800E0002318460C37BD46BE
:1003400080BC704780B483B000AF786039607B6850
:10035000002B01D1052303E07B683A689A600023F3
:1003600018460C37BD4680BC704780B586B002AFDA
:10037000F8607A603B600B46FB72F97A3B68009349
:1003800004237A68F86801F085FB034618461037A5
:10039000BD4680BD80B586B000AFF860B9607A60B8
:1003A0003B60FB68002B0CD0FB681B7D002B08D149
:1003B000BB68002B05D07B68032B02D93B68002B60
:1003C00001D109231BE0FB685B683B613B695B6A09
:1003D000002B02D000237B6102E04FF000437B61E1
:1003E0003B6993F8283080337A6913437B617969DC
:1003F000B868FFF789FF3B6804221A60002318469B
:100400001837BD4680BD80B586B000AFF860B960D2
:100410007A603B60FB68002B0FD0BB68002B0CD0D0
:100420003B68002B09D07B68032B03D8FB681B7D3E
:10043000002B02D17B68002B01D109234CE0FB6823
:100440005B683B613B691B7F012B01D8092343E0BB
:10045000FB681B7D002B0BD13B6993F820301946BC
:10046000B868FFF742FF3B6801221A60002333E0BF
:10047000FB681A7D3B6993F820309A422BD83B6980
:100480005B7F1A46FB681B7DD31A9BB2FB82B7F9D0
:100490001630002B07DA3B691B7F1A46FB8A134490
:1004A0009BB2FB8207E0B7F916303A69127F93429C
:1004B00001DB092310E03B699A69B7F91630DB00CC
:1004C00013441B681946B868FFF71EFF3B680422F7
:1004D0001A60002300E0192318461837BD4680BD76
:1004E00080B586B000AFF860B9607A603B60FB68A9
:1004F000002B0CD0FB681B7D002B08D1BB68002BA8
:1005000005D07B68012B02D13B68002B01D1092368
:1005100012E0B868FFF7DCFE0346002B01D00F2382
:100520000AE0FB685B687B617B69002283F820201E
:100530003B6801221A60002318461837BD4680BD6B
:1005400080B588B002AFF860B9607A603B60002384
:10055000FB75FB68002B1AD07B68002B17D03B681B
:10056000002B03D197F82030012B10D87B6A002B89
:100570000DD0BB68002B0AD097F83030002B06D086
:1005800097F93030002B02DBFB6A002B02D14FF0D1
:10059000FF33A7E050220021F86806F040FCFB681A
:1005A000BA685A61002301220021786801F0ECFA50
:1005B0000246FB68DA60FB68DB68002B0CD17B6BC2
:1005C000002B06D07868FFF7ADFE03461A467B6B1A
:1005D0001A606FF00B0385E0FB68DB6800221A707D
:1005E000FB683A689A61FB6897F820201A7707F150
:1005F000100201230021786AFFF7B7FE0346BB759E
:1006000097F91630002B04D13A69384B1340002B70
:1006100010D07B6B002B06D0786AFFF783FE034671
:100620001A467B6B1A6097F91630002B02D06FF0D8
:100630000B0357E097F830309BB28033BB823B69A5
:10064000DB43DB0FDBB21A46FB685A62FB68FA68D1
:100650001A63FB68264A5A63FB68264A9A63FB685A
:1006600030331946786AFFF76DFE0346BB7597F97C
:100670001630002B0CD07B6B002B06D0786AFFF76E
:1006800051FE03461A467B6B1A606FF00B0329E09C
:10069000FB6897F8302083F82820BA8A398D002328
:1006A0000193082300930023B868FEF79BFD0246E0
:1006B000FB68DA62FB68DB6A002B02D14FF0FF3384
:1006C00010E0FB68FA681A64FB680B4A5A64FB681E
:1006D0000A4A9A64FB6840331946F86AFFF732FE0B
:1006E00097F9173018461837BD4680BD00F8FF7FD0
:1006F000950301088D16010807040108E1040108AB
:1007000080B588B002AFF860B9607A603B60FB6882
:100710005B695B8ABB82FB681B8ABA8A9A4200F0DB
:100720009780FB681A8ABB8A53407B82FB68BA8A2F
:100730001A827A8A40F201131340002B10D0BA8A31
:1007400040F201131340002B14BF01230023DBB23E
:1007500019460023009300230122F86800F00FF9E6
:100760007B8A03F00203002B0ED0BB8A03F0020346
:10077000C3F34003DBB219460023009348F2201371
:100780000722F86800F0FBF87B8A03F00403002BD3
:100790000ED0BB8A03F00403C3F38003DBB2194617
:1007A0000023009348F240131222F86800F0E7F8A3
:1007B0007B8A03F00803002B0ED0BB8A03F00803EA
:1007C000C3F3C003DBB219460023009348F21013B1
:1007D0001422F86800F0D3F87B8A03F08003002B22
:1007E0000ED0BB8A03F08003C3F3C013DBB21946FB
:1007F000002300934FF401431522F86800F0BFF87E
:100800007B8A03F40073002B0ED0BB8A03F40073C1
:10081000C3F34023DBB219460023009348F22013B0
:100820000622F86800F0ABF87B8A03F40063002B23
:100830000ED0BB8A03F40063C3F3C023DBB21946B6
:100840000023009348F210131322F86800F097F881
:100850000023FB75FB685B79002B03D0FB7D43F025
:100860000103FB75FB689B78002B03D1FB68DB78E9
:10087000002B03D0FB7D43F01003FB75FB681B7A54
:10088000002B03D1FB685B7A002B03D0FB7D63F068
:100890007F03FB75FB68DB68FA7D1A70BB68002B71
:1008A00067D0FB681B7F012B65D9FB689B7F7B743E
:1008B000FB68DB6A1B69002B5DD1FB685B7F7A7C80
:1008C0009A4258D0FB689A697B7CDB001344196814
:1008D000FB7D1A04FB6898697B7CDB0003440A43B8
:1008E0001A60FB68DB6A581DFB689A697B7CDB0039
:1008F00013440822194606F01EFBFB685A69FB6880
:10090000DB6A19461046FEF7E7FC7B7C01337B74FB
:10091000FB681B7F7A7C9A4201D27A7C00E000223D
:10092000FB689A77FB68DB7F012B0CD1FB68022206
:10093000DA77002300934FF4805320220121F868D6
:1009400000F01DF817E0FB68DB7F022B13D1FB687A
:100950009A7FFB685B7F9A420DD1FB680022DA77B1
:1009600000230093002320220021F86800F007F8FC
:1009700001E000BF00E000BF1837BD4680BD80B475
:100980008DB000AFF860B96011461A460B46FB7196
:100990001346BB80FB68002B00F0A680FB79DB08C8
:1009A00087F82F30FB7903F00703012202FA03F3E3
:1009B00087F82E3097F82F30092B0AD9052387F8AE
:1009C0002F30012387F82E304FF4C243BB80FB79D0
:1009D000BB6397F82F30FA681344BB62BB6A1A787E
:1009E00097F82E30134087F82730BB68002B04D0CF
:1009F00097F82730002B06D079E097F82730002BA6
:100A000074D00023BB80FB791A06BB8813433B627A
:100A1000BB6BFB61FB685B69EFF310827A617A69FB
:100A20001A6372B600BFBB68002B08D0BB6A1A7885
:100A300097F82E301343DAB2BB6A1A700BE0BB6A28
:100A40001B785AB297F92E30DB435BB213405BB28E
:100A5000DAB2BB6A1A70FB681B7F012B3CD9FB68BA
:100A60005B7FFB76FB7E013387F82D30FB681B7FB5
:100A700097F82D209A4202D3002387F82D30FB6887
:100A80009B7F97F82D209A4203D1FB680122DA77E9
:100A900022E0FB689A69FB7EDB0013443A6A1A6025
:100AA000FB689A69FB7EDB001344FA695A60FB68B5
:100AB00097F82D205A77FB6893F820301A46FB6888
:100AC0001B7F013B9A4207D2FB6893F82030013329
:100AD000DAB2FB6883F82020FB685B691B6B3B6123
:100AE0003B6983F3108802E000BF00E000BF3437A9
:100AF000BD4680BC704700BF80B485B000AF786051
:100B00007B681B68FB60FB6818461437BD4680BCD9
:100B1000704780B483B000AF78607B68002B02D050
:100B20007B681B8800E0002318460C37BD4680BC5C
:100B3000704780B483B000AF786039607B68002B69
:100B400001D1052303E07B683A689A6000231846C8
:100B50000C37BD4680BC704780B586B002AFF860E8
:100B60007A603B600B46FB72F97A3B680093042382
:100B70007A68F86800F08EFF034618461037BD46C5
:100B800080BD80B487B000AF786039607B687B61DE
:100B90003B681B79FB743B680533FB60FB7C012BD6
:100BA00007D1FB681B785AB27B695A707B690122B6
:100BB000DA6000BF1C37BD4680BC704780B588B086
:100BC00000AFF860B9607A603B60FB68002B01D130
:100BD000092338E0FB685B68FB61BB68002B0FD022
:100BE000FB681B7D002B0BD0FB681A7DFB691B7A11
:100BF0009A4205D87B68042B02D13B68002B01D1B7
:100C0000092320E0B868FFF777FFB861BB691B0CC8
:100C1000FB75BB69BB82FB681B7D013BD9B2BB8AFC
:100C2000FA7DF86900F0BCF80346FB7497F91330BD
:100C3000002B01D0082306E03B687A68B968F868A1
:100C400000F024FD034618462037BD4680BD80B520
:100C500088B000AFF860B9607A60FB70FB68002B69
:100C60000BD0BB68002B08D07B68002B05D0BB6A7B
:100C7000002B02D0FB6A002B02D14FF0FF3387E03C
:100C800030220021F86806F0CAF8FB68BA681A60DA
:100C9000FB687A685A60FB68FA6A9A61FB683A8E68
:100CA0009A83FA78BB6A9B78013B934228BF13462C
:100CB000DAB2FB681A720023FB7741E0FB7F013355
:100CC000D9B207F114020123B86AFFF745FF0346C2
:100CD000BB7797F91E30002B0CD07B6B002B06D016
:100CE000B86AFFF716FF03461A467B6B1A606FF06F
:100CF0000B034DE07B691B0C7B777B697B837B8BD4
:100D00007A7FF97FF86800F04BF803467B7697F915
:100D10001930002B11D07B6B002B06D0B86AFFF77F
:100D2000F8FE03461A467B6B1A6097F9193013F1E7
:100D30000C0F02D097F919302AE0FB7F0133FB77C3
:100D4000FB681B7AFA7F9A42B8D3FB68FA681A628A
:100D5000FB68114A5A62FB68104A9A62FB682033AA
:100D60001946B86AFFF7E5FE0346BB7797F91E30D0
:100D7000002B0CD07B6B002B06D0B86AFFF7C9FEA6
:100D800003461A467B6B1A606FF00B0300E00023EA
:100D900018462037BD4680BDDD150108BD0B010892
:100DA00090B58DB004AF7860084611461A460346E8
:100DB000FB700B46BB7013463B800023FB777B68C0
:100DC000002B04D07B681B7AFA789A4202D34FF04A
:100DD000FF3375E03B88002B24D0BB78002B21D05B
:100DE0000023BB7719E07B685A68BB7F1B01134463
:100DF00007F108040FCB84E80F00FA78BB7F9A4212
:100E000008D03B69002B05D03B7ABA789A4201D1D1
:100E1000F423FB77BB7F0133BB777B681B7ABA7FF8
:100E20009A42E0D397F91F30002B47D17B685A686C
:100E3000FB781B011344BB61BB69BA781A703B880D
:100E40004FF47A7203FB02F2BB699A60BB69FF221E
:100E50005A70BB690022DA60BB691B78002B0CD08A
:100E6000BB699B68002B08D0BB691B7803F5E06366
:100E7000BB83BB6901229A7007E00023BB83BB6977
:100E800000229A60BB6900229A707B6898697B682F
:100E90009A8BFB789BB2134499B27B685A68FB78B3
:100EA0001B011344BA8B084C029401930023009356
:100EB00040F2FF73FEF739F90346FB7797F91F30CD
:100EC00018462437BD4690BD830B010880B58EB00F
:100ED00002AFF860B9607A603B600123FB620123D6
:100EE000BB62BB68002B77D0FB685B69002B73D0BB
:100EF000002387F8273068E07B683B62FB685A680C
:100F000097F827301B011344BB61BB699B78002B0A
:100F100055D0BB69DB68002B22D0BB6993F9013047
:100F2000002B12D1BB699B78022B0AD1FB68186891
:100F300097F82730009348F230131C220121FFF765
:100F40001EFDBB6901229A7007E0BB6902229A70FC
:100F5000BB6900225A6000233B62BB690022DA6051
:100F6000BB699B78022B1CD1BB695A683B6A1A4447
:100F7000BB695A60BB695A68BB699B689A4210D3C7
:100F8000FB68186897F82730009348F230131B224B
:100F90000121FFF7F4FCBB69FF225A70BB690322F1
:100FA0009A70BB699B78022B01D00023FB62BB695E
:100FB00093F90130052B03D00023BB6200E000BF92
:100FC00097F82730013387F82730FB681B7A97F8AA
:100FD00027209A4290D328E0BB68002B03D1FB68FE
:100FE0005B69002B21D00023FB7715E0FB685A6872
:100FF000FB7F1B0113447B617B69FF225A707B6975
:101000000022DA607B699B78002B02D07B69012289
:101010009A70FB7F0133FB77FB681B7AFA7F9A4259
:10102000E4D30023FB620023BB62FB68DB68002B78
:1010300014D1FB6A002B11D0FB68186800230093C1
:1010400000231B220021FFF79AFCFB68186800238D
:10105000009300231C220021FFF791FCFB68FA6A31
:10106000DA60FB68BA6A1A61FB68BA685A6100BF45
:101070003037BD4680BD00BF80B485B000AF78601A
:101080007B681B889BB2FB81FB8918461437BD46E1
:1010900080BC704780B483B000AF78607B68002B61
:1010A00002D07B681B8800E0002318460C37BD4641
:1010B00080BC704780B483B000AF786039607B68D3
:1010C000002B01D1052303E07B683A689A60002376
:1010D00018460C37BD4680BC704780B586B002AF5D
:1010E000F8607A603B600B46FB72F97A3B680093CC
:1010F00002237A68F86800F0CDFC034618461037E2
:10110000BD4680BD80B485B000AF78600B46FB70F3
:10111000FB78DB08FB73FB7803F00703012202FA7C
:1011200003F3BB737B68002B0AD0FB7B092B07D82A
:10113000FB7B7A68D25CBB7B1340DBB2002B01D017
:10114000012300E0002318461437BD4680BC7047D9
:1011500080B483B000AF78607B68002B07D07B68D9
:10116000DB68002B03D07B68DB681B7800E0002382
:1011700018460C37BD4680BC704780B487B000AFBE
:10118000786039603B681B79FB753B6805333B61D0
:101190003B691B78FB733B6901331B78BB737B682E
:1011A000BB60FB7D022B0AD1BB7B002B04D0BB684C
:1011B000DB78BA7B9A4202D1BB68FA7B9A7000BF97
:1011C0001C37BD4680BC704780B586B000AFF86064
:1011D000B9607A603B60FB68002B0CD0FB681B7D1C
:1011E000002B08D1BB68002B05D07B68022B02D1F5
:1011F0003B68002B01D1092317E0FB685B687B612A
:10120000B868FFF739FF03461A464FF47A7303FBB9
:1012100002F27B699A607B690022DA603B687A6837
:10122000B968F86800F032FA034618461837BD4628
:1012300080BD80B58AB004AFF860B9607A60FB7099
:101240000023FB75FB68002B0BD0BB68002B08D07C
:101250007B68002B05D0BB6A002B02D07B6B002B78
:1012600002D14FF0FF3397E02C220021F86805F0FF
:10127000D6FDFB6800221A70FB6800225A70FB68DA
:10128000FA78DA70FB683A8C9A80FB687A681A629E
:10129000BB8C4FF47A7203FB02F2FB68DA6007F151
:1012A000140201230021B868FFF717FF0346BB753E
:1012B00097F91630002B0CD03B6C002B06D0B86889
:1012C000FFF7E8FE03461A463B6C1A606FF00B030B
:1012D00062E0BB8A1A464FF47A7303FB02F2FB68A2
:1012E0009A60FB68FA681A61FB682D4A5A61FB68CC
:1012F0002C4A9A61FB6810331946B868FFF7DAFE8A
:101300000346BB7597F91630002B0CD03B6C002BB5
:1013100006D0B868FFF7BEFE03461A463B6C1A605B
:101320006FF00B0338E0FB68DA68FB689B689A4251
:1013300003D9FB689A68FB68DA603A8EB98D1A4B5C
:101340000293FB6801930023009340F2FF73B86A95
:10135000FDF7EBFE0346FB7597F91730002B02D023
:1013600097F9173018E0FB687A6B5A62BA8F398F99
:1013700000230193012300930023786BFDF732FFD4
:101380000246FB689A62FB689B6A002B02D14FF011
:10139000FF3301E097F9173018461837BD4680BD76
:1013A000DD150108C91101087B11010880B58EB057
:1013B00000AFF860B9607A603B60FB681B7887F823
:1013C0003730002387F8363097F93730002B0CBFC1
:1013D00001230023DBB23B63FB68DB687A689A4237
:1013E00004D2FB68DA687B68D31A00E00023FA684D
:1013F000D3603B6B002B0ED1FB689B68002B2DD07C
:10140000FB68DB68002B06D0FB6893F9013097F985
:1014100037209A4222D0FB689B6A97F837205A718E
:10142000FB685A6AFB689B6A19461046FDF754FF31
:1014300097F93730002B0DD1FB689B8803F480733C
:10144000002B03D0052387F8373007E07F2387F888
:10145000373003E0FB689A68FB68DA60FB6897F84E
:1014600037205A70FB689B78002B2AD0FB689B784A
:10147000822B1ED0822B20DC812B16D0812B1CDCF2
:10148000802B0ED0802B18DC012B02D0022B04D035
:1014900013E0052387F8373010E0042387F837304E
:1014A0000CE07F2387F8373008E0022387F83630D6
:1014B00004E0012387F8363000E000BFFB6800221B
:1014C0009A70FB689B8803F48053C3F30033DBB24C
:1014D000FB62FB681B6A12211846FFF713FEB86215
:1014E000FB681B6A1B211846FFF70CFE7862FB683D
:1014F0001B6A1C211846FFF705FE3862FB6A002BA9
:101500000AD0BB6A002B05D17B6A002B02D13B6A53
:10151000002B01D0012300E00023FB61FB689B88C6
:1015200003F40053C3F34033DBB2BB61FB681B6AB7
:101530001846FFF70DFE03461A46FB689B88DBB290
:101540001340DBB2002B14BF01230023DBB27B610D
:10155000BB69002B04D07B69002B01D0012300E084
:1015600000233B6197F93730052B13D1FB69002B22
:1015700002D13B69002B0DD0FB689B8803F48043AC
:10158000002B03D0042387F8373015E07F2387F83A
:10159000373011E0FB689B881BB2002B0CDA97F9FF
:1015A00037307F2B08D1FB69002B05D13B69002B1D
:1015B00002D1052387F83730FB6897F837201A7077
:1015C000BB68002B03D0BB6897F837201A7097F8D8
:1015D000363018463837BD4680BD00BF80B588B06C
:1015E00000AFF860B9607A603B60FB68002B05D003
:1015F000BB68002B02D03B68002B01D1092341E0DE
:10160000FB689B68FB61FB681B68BB61BB69002BC7
:1016100001D10E2336E00023FB75FB68DB68002B4D
:1016200003D1FA697B689A4222D9FB68DB68FA69C0
:101630009A4201D8092325E0FB68DB68FA69D31ACE
:10164000FB61FB68DB68BA691344BB61FA697B68BC
:101650009A420AD97B68FB61FB68DA68FB691A4425
:10166000FB68DA60FF23FB7502E0FB680022DA60AA
:10167000FA69B969B86805F05EFC3B68FA691A60F6
:1016800097F9173018462037BD4680BD80B588B021
:1016900000AFF860B9607A603B60FB68002B05D052
:1016A000BB68002B02D03B68002B01D1092356E018
:1016B000FB689B68FB61FB69BB61FB681B687B6126
:1016C0007B69002B01D10E2349E00023FB74FB68EA
:1016D000DB68002B03D1FA697B689A4224D9FB6846
:1016E000DB68FA699A4201D8092338E0FB68DB68B5
:1016F000FA69D31AFB61FB69BB61FB68DB687A6935
:1017000013447B61FA697B689A420AD97B68FB6162
:10171000FB68DA68FB691A44FB68DA60FF23FB7434
:1017200002E0FB680022DA60FA697B689A4201D223
:101730000C2314E0FA69BB699A420FD8FA697B68F6
:101740009A420BD8FA69B968786905F0F4FB00BFD2
:101750003B68FA691A6097F9133000E009231846CC
:101760002037BD4680BD80B485B000AFF860B96059
:101770007A603B60022318461437BD4680BC704730
:1017800080B485B000AFF860B9607A603B60022336
:1017900018461437BD4680BC704780B487B000AF90
:1017A00078600B467B807B68002B03D07B681B88AE
:1017B000002B01D1002346E00023FB827B681B88BD
:1017C000013BBB8226E0FA8ABB8A13445B10FB8193
:1017D0007B685968FA8913465B0013449B000B44ED
:1017E000BB60BB681B887A889A4201D1BB682AE03B
:1017F000BB681B887A889A4209D2FB89002B03D0E8
:10180000FB89013BBB8205E0FB89BB8202E0FB89CF
:101810000133FB82FA8ABB8A9A42D4D3FA8ABB8A02
:101820009A420FD17B685968FA8A13465B001344C9
:101830009B000B443B613B691B887A889A4201D12B
:101840003B6900E0002318461C37BD4680BC70474A
:1018500080B48DB000AFF8607A603B600B46FB72DD
:10186000FB68002B03D0FB685B68002B01D10523CC
:10187000E7E07B68002B01D10923E2E0002387F831
:101880002F307B683B62FB68DB7803F00F03032B90
:1018900055D0032B00F39380012B02D0022B17D0DD
:1018A0008DE0FB7A002B03D00E2387F82F308AE0DF
:1018B000FB685B683B613B691A793B6A1A743B6958
:1018C0001A683B6A1A603B699A683B6A9A607AE0D8
:1018D000FB689B78FA7A9A4203D30E2387F82F305D
:1018E00071E0FB685B68BB61FB7A002B0BD1BB69C5
:1018F0001A7A3B6A1A74BB691A683B6A1A603B6AB7
:1019000001229A605FE0BB695A7A3B6A1A74BB692C
:101910005B687B617B69002B09D0BB691B69FA7A24
:10192000013AD2B202FB03F37A69134400E07B6907
:101930003A6A1360BB69DA683B6A9A6043E0FB6805
:101940005B68FB610023BB62002387F827301CE043
:1019500097F8272013465B0013449B001A46FB6947
:1019600013441B79FA7A9A420AD197F82720134632
:101970005B0013449B001A46FB691344BB620AE0F8
:1019800097F82730013387F82730FB689B7897F862
:1019900027209A42DCD3BB6A002B03D10E2387F8A1
:1019A0002F3010E0BB6A5A793B6A1A74BB6A1A6816
:1019B0003B6A1A60BB6A9A683B6A9A6003E0092333
:1019C00087F82F3000BF97F92F30002B37D1FB68F5
:1019D0009B68002B02D03B68002B09D07B681B4A18
:1019E0009A617B681A4ADA613B6A00225A601CE0FD
:1019F000FB689B685B68002B03D0FB689B685B6897
:101A000000E0144B7A689361FB689B689B68002B2D
:101A100003D0FB689B689B6800E00F4B7A68D3613A
:101A2000FB689B681A683B6A5A603B6A0022DA606E
:101A3000FB681A883B6A5A823B6AFA7A1A7597F9E8
:101A40002F3018463437BD4680BC7047DD1501087D
:101A50008D160108671701088117010880B483B04B
:101A600000AF0346FB7197F90730002B03DB97F9B2
:101A70000730192B02DD064B5B6A04E097F907304B
:101A8000034A52F8233018460C37BD4680BC7047D5
:101A9000547F010890B591B000AFF8607A603B6068
:101AA0000B46FB727B68002B01D109232BE007F169
:101AB000180320220021184605F0B1F907F1180398
:101AC000FB6300237B6107F11802F97A3B6DF8682C
:101AD000FFF7BEFE034687F83B3097F93B30002BFB
:101AE00002D097F93B300EE0FB6B9B683A689A4254
:101AF00001D00B2307E03C6B07F114033A687968C7
:101B0000F86BA047034618464437BD4690BD90B5D4
:101B100091B000AFF8607A603B600B46FB727B6867
:101B2000002B01D109232BE007F11803202200210B
:101B3000184605F074F907F11803FB6300237B6175
:101B400007F11802F97A3B6DF868FFF781FE03464A
:101B500087F83B3097F93B30002B02D097F93B30A8
:101B60000EE0FB6B9B683A689A4201D00B2307E0BA
:101B70007C6B07F114033A687968F86BA047034659
:101B800018464437BD4690BD80B58EB000AFF860B2
:101B90007A603B600B46FB7207F110033B6307F171
:101BA0001002F97A0123F868FFF752FE034687F81E
:101BB000373097F93730002B16D13B6B1B68002B61
:101BC00003D03B6B9B68002B03D1092387F8373088
:101BD0000AE07B68002B07D03B6B9B687A689A42CF
:101BE00002D00B2387F837303B68002B03D03B68CB
:101BF00097F837201A7097F93730002B02D13B6BDA
:101C00001B6800E0002318463837BD4680BD00BF82
:101C100080B485B000AF78607B681B78FB73FB7B7A
:101C200018461437BD4680BC704780B485B000AFFD
:101C300078607B681B889BB2FB81FB891846143750
:101C4000BD4680BC704780B485B000AF78607B68CB
:101C50001B68FB60FB6818461437BD4680BC7047A4
:101C600080B483B000AF786039603A687B681A60EE
:101C7000042318460C37BD4680BC704780B483B03F
:101C800000AF78607B68002B02D07B681B8800E087
:101C9000002318460C37BD4680BC704780B483B023
:101CA00000AF786039607B68002B01D1052303E029
:101CB0007B683A689A60002318460C37BD4680BCA2
:101CC000704780B586B002AFF8607A603B600B4623
:101CD000FB72F97A3B68009301237A68F868FFF792
:101CE000D9FE034618461037BD4680BD80B586B084
:101CF00002AFF8607A603B600B46FB72F97A3B6892
:101D0000009302237A68F868FFF7C4FE034618467A
:101D10001037BD4680BD80B586B002AFF8607A60EE
:101D20003B600B46FB72F97A3B68009304237A68A8
:101D3000F868FFF7AFFE034618461037BD4680BD72
:101D400080B485B000AFF860B9607A603B603B68F2
:101D5000002B02D03B687A681A60002318461437BB
:101D6000BD4680BC704780B584B000AFF860B960F4
:101D70007A603B60BB68002B05D0FB68002B02D06B
:101D80003B68002B01D1092310E0FB689B687A684F
:101D90009A4202D9FB689B687B607A680021B86828
:101DA00005F03DF83B687A681A6000231846103742
:101DB000BD4680BDB0B592B000AFF860B9603B6081
:101DC0001346FB71BB681B0CA7F84430BB681B0AA9
:101DD00087F84330BB6887F8423097F84230DB0819
:101DE00087F84130FB795B011033FA681344FB63D9
:101DF00097F84130082B01D9072392E0B7F8443017
:101E00001F2B1AD897F84330002B16D1FB6BBB63FE
:101E100018220021B86B05F002F897F84120BB6B3F
:101E20009A6097F84120BB6BDA60FB6B3F4A9A617E
:101E3000FB6B3F4ADA61002373E0B7F84430194680
:101E4000B86DFFF7AAFC786307F1100297F843100A
:101E50000023786BFFF7FCFC034687F8333097F9D3
:101E60003330002B02D097F933305AE03B68002B17
:101E700003D0082387F8473002E0042387F847306F
:101E800097F8202097F847301340DBB2002B0AD098
:101E900097F8423003F00703002B04D1BA6997F892
:101EA00041309A4201D206233BE0FB6B1D4607F10D
:101EB00010040FCC0FC594E80F0085E80F0097F8C9
:101EC0004120FB6BDA603B68002B29D197F8433047
:101ED0001F2B1FD87B6B9B68002B1BD07B6B9968DB
:101EE00097F84330DB08DBB2FA7908330B44191D4D
:101EF000FB68443243F8221097F8433003F007039D
:101F000001229A40FB79D1B2FA6813440A4683F859
:101F1000302105E0FA79FB684432002143F82210B1
:101F2000002318464837BD46B0BD00BF671D0108F5
:101F3000411D010880B58CB002AFF860B9607A60CD
:101F40003B6000237B620023FB7607F11B02012329
:101F500000217868FFF7B5FE034687F8223097F92D
:101F60002230002B0CD03B6B002B06D07868FFF79B
:101F700085FE03461A023B6B1A606FF00B037FE08D
:101F8000002387F823305BE097F823305B011033A0
:101F9000FA681344FB6100237B6197F82330013317
:101FA000D9B207F1140201237868FFF7B4FE0346A3
:101FB00087F8223097F922300E2B3BD097F9223048
:101FC000002B0FD03B6B002B09D07868FFF756FE33
:101FD00003461A0297F823301A433B6B1A606FF0DE
:101FE0000B034DE0796997F82320BB6800933B68A9
:101FF000F868FFF7DFFE034687F8223097F92230B2
:10200000002B0CD0FB6900229A60FB69FF22DA608A
:102010007B6B1B68002B02D17A697B6B1A60FB7E9D
:1020200097F823209A4206D2FB69DB687A6A134448
:102030007B6200E000BF97F82330013387F823303C
:1020400097F82330072B9FD97B6A082B05D87B6A2A
:10205000002B09D1FB7E002B06D07B6B1B68002B6D
:1020600002D17B6B01221A607B6B1B68002B06D1AF
:102070007B6ADAB2FB681A73FA7EFB685A73002334
:1020800018462837BD4680BD80B58EB002AFF860D7
:10209000B9607A603B60FB68002B09D0BB68002BFD
:1020A00006D03B68002B03D0FB681B7D082B01D9B1
:1020B00009237EE0FB685B687B627B6A9B68002B80
:1020C00007D17B6A5B7B002B05D0FB681B7D002B57
:1020D00001D002236DE0FB681B7D002B45D1B86861
:1020E000FFF796FD0346BB770023FB62BB7F082BFF
:1020F00001D907235DE0002387F82B301BE097F818
:102100002B305B0110337A6A1344BB61BB699B6857
:102110007B61BB69DB683B613A697B699A4201D9A3
:10212000062346E0FA6A3B691344FB6297F82B30BA
:10213000013387F82B3097F82B20BB7F9A42DED3F0
:10214000FB6A082B01D9072333E0FB6A002B04D17B
:10215000BB7F002B01D00F232BE0FB6ADAB27B6A36
:102160001A737B6ABA7F5A731CE0B868FFF76BFD7D
:102170003862FB681B7D013BDAB27B6AD3F8381109
:102180007B6AD3F83C3100930B46396A786AFFF7D3
:1021900011FE0346FB7797F91F30002B02D097F909
:1021A0001F3006E03B687A68B968F868FFF76EFA96
:1021B000034618463037BD4680BD80B588B000AFB5
:1021C000F860B9607A603B603B687A68B968F86823
:1021D000FFF704FA0346FB7697F91B30002B34D146
:1021E000FB681B7D012B30D13B681B68042B2CD175
:1021F000FB685B687B61B868FFF725FDF861FB69E8
:102200009BB2C3F30A037B827B8A002B11D07A8AAC
:102210007B69B3F8423119464FF680730B409A42FE
:1022200007D1FB691B0C1B047A69B2F842211343E6
:10223000FB617B699B68002B03D1FB6943F0004382
:10224000FB61F969B868FFF70BFD97F91B30184679
:102250002037BD4680BD80B588B000AF786039605A
:102260007B68BB61BB697B613B681B79FB743B6826
:102270000533FB60BB6993F88031FB777B699B6812
:10228000002B3ED07B691B7BFA7C9A4234D37B695E
:102290001B7BFA7C9A4205D1FB7F012B07D10B23D4
:1022A000FB7704E0FB7F002B01D10D23FB7700239C
:1022B000BB77BB69D3F88831002B0CD0BB69D3F84E
:1022C0008431002B07D0BB69D3F88431DB68002B45
:1022D00001D00123BB77BB7F2E33DB00BA691344E7
:1022E0000822F968184604F026FEBA7FBB695A3204
:1022F000012143F8221004E0FB7F002B01D10C23C5
:10230000FB77BB69FA7F83F8802100BF2037BD4689
:1023100080BD80B592B004AFF860B9607A603B6070
:10232000FB68002B08D0BB68002B05D03B68002B56
:1023300002D07B68042B01D9092302E1FB685B68AA
:102340003B633B6BFB6207F110037A68B968184680
:1023500004F0F1FDFB681B7D052B00F0D580052BFB
:1023600000F3E480012B03D0022B00F0A680DDE017
:10237000B868FFF768FCF861FB699BB2C3F30A0316
:10238000FB86FB69DB43DB0FDBB2BB61FA696F4B9A
:102390001340002B3DD1BB69002B09D0FB6A9B6821
:1023A000002B05D0FB6AB3F84431FA8E9A4230D143
:1023B000BB69002B26D0FB8E7F2B2AD9FB8EB3F571
:1023C000807F03D9FB8EB3F5C07F22D9FB8EB3F596
:1023D000B06F03D9FB8EB3F5C06F1AD3FB8EB3F584
:1023E000C06F03D9FB8EB3F5D06F12D3FB8EB3F55C
:1023F000DC6F03D3FB8EB3F5E06F0AD3FB8EB3F52E
:10240000E06F06D8BB69002B05D0FB6A5B7B002B15
:1024100001D10F2395E0FB6A9B68BA699A4206D105
:10242000FB6AB3F84431FA8E9A4200F08180FB6A6D
:10243000B3F84231FA8E9A4208D1FB6923F07F0249
:1024400007F1100311461846FFF70AFCBB69002B81
:1024500001D10023FB86FB6A5868FB6AB3F8401180
:10246000FA8E3B4B02933B6B01930023009340F2A7
:10247000FF73FCF75AFE0346FB75BB69002B0BD0BC
:1024800097F91730002B07D1FB6A01229A60FB6A8B
:10249000FA8EA3F844214BE0FB6A00229A603B6B62
:1024A0000022C3F868213B6B0022C3F86C2197F926
:1024B0001730002B3CD0092343E0B868FFF7A8FB96
:1024C000034687F8273097F82730F02B05D997F87F
:1024D0002730FD2B01D80F2333E097F82730F02B5E
:1024E00094BF01230023DBB23B623B6BD3F88831FE
:1024F0003A6A9A4203D03B6B0022C3F86C213B6BD3
:102500003A6AC3F8882114E0B868FFF78EFB0346E7
:10251000BB62BB6A4FF47A7203FB02F23B6BC3F8F7
:102520008C213B6B0022C3F8902102E000BF00E049
:1025300000BF07F110013B687A68F868FFF7A6F85A
:10254000034618463837BD4680BD00BF00F8FF3F40
:102550005722010880B590B004AFF860B9607A6086
:102560003B60FB687B62FB68002B0ED0BB68002BD6
:102570000BD07B68002B08D0FB6B002B05D03B6C8D
:10258000002B02D07B6C002B02D14FF0FF3315E102
:102590004FF4CA720021F86804F041FC7B6A7A6843
:1025A0001A607B6A7A6C5A600023FB6107F11C0396
:1025B0000193FB6C009301233A6CB968786AFFF7CA
:1025C000B9FC034687F8233097F92330002B02D05B
:1025D00097F92330F2E00023BB6107F118020123D1
:1025E0000121F86BFFF797FB034687F8223097F934
:1025F0002230002B0ED0FB6C002B08D0F86BFFF7BD
:102600003DFB03461B0243F00102FB6C1A606FF0B6
:102610000B03D3E0BB69DB43DB0FDBB2FB62BB69BF
:102620009BB2C3F30A037B85FB6A002B0DD07B6A48
:102630005B7B002B02D07B8D002B06D10023FB623D
:10264000FB69002B01D10123FB61FB69002B0ED03C
:102650007B6A1868FB69012B01D0FB6900E0BB694C
:1026600000934FF402431A220121FEF788F9FB6A16
:10267000002B01D100237B857B8D002B08D07A8D28
:10268000398F4FF680730B409A4201D13B8F7B8587
:102690007A8DB7F848104B4B0293FB6801930023E7
:1026A000009340F2FF73786CFCF73FFD034687F818
:1026B000233097F92330002B02D097F923307DE0A7
:1026C0007B6AFA6A9A60FE23FB7507F11702012301
:1026D0000221F86BFFF7F5FA034687F8223097F9E5
:1026E0002230002B0ED0FB6C002B08D0F86BFFF7CC
:1026F000C5FA03461B0243F00202FB6C1A606FF03E
:102700000B035BE0FB683A68C3F88421FB7DF02B88
:1027100094BF01230023DBB21A46FB68C3F888216B
:102720000023BB8207F1140201230521F86BFFF798
:10273000DDFABB8A1A464FF47A7303FB02F2FB6898
:10274000C3F88C217B6A0122C3F838217B6ABA68FE
:10275000C3F83C217B6AB7F84820A3F840217B6A84
:102760003A8FA3F842217B6A7A8DA3F844217B6AD1
:10277000FA68C3F848217B6A134AC3F84C217B6A84
:10278000124AC3F850217B6AFA68C3F858217B6A61
:102790000F4AC3F85C217B6A0E4AC3F860217B6A4A
:1027A00003F5A4731946F86BFFF778FA7B6A03F513
:1027B000AC731946386CFFF771FA002318463037AE
:1027C000BD4680BD57220108BB2101081323010823
:1027D000DD1501088920010890B597B002AFF860B7
:1027E000B9607A603B60FB683B633B6B9B68002B86
:1027F00000F029813B6E002B00F025817B6E002BC1
:1028000005D1FB68D3F88831002B40F01C81FB68B0
:1028100093F880310A2B2BD9FB6893F880310B2B6E
:1028200014BF01230023DBB2FB62FB6893F8803105
:102830000C2B04D148F21023A7F84E3003E048F2E5
:102840002023A7F84E303B6B18683B6B1B7B1A4666
:10285000B7F84E3000920422F96AFEF790F8FB6A4E
:10286000002B01D0012200E00022FB6883F88021C8
:10287000002387F84D30FB68D3F88831002B0DD04A
:10288000FB68D3F88431002B08D0FB68D3F884317F
:10289000DB68002B02D1012387F84D300023BB6495
:1028A00083E00123BB6497F84D302E33DB00FA68D8
:1028B00013447B6400233B6497F84D20FB685A3235
:1028C000002143F82210002387F83F3050E097F8AA
:1028D0003F305B0110333A6B1344BB62BB6A0C336D
:1028E0007B627B6A1B6887F8233097F823303A6C49
:1028F00013443B643B6C082B41D8BB6A9B68BB63A9
:10290000BB6B082B01D90823BB6397F82330BA6B44
:102910009A4212D907F1180308220021184604F040
:102920007EFA97F8232007F11803796C184604F013
:1029300002FB07F118037B6301E07B6C7B637B6A1E
:1029400000221A60BB6ADC69B86A07F11403BA6B2B
:10295000796BA04797F823207B6A1A6097F8233099
:102960007A6C13447B6497F83F30013387F83F302B
:102970003B6B5B7B97F83F209A42A8D300E000BFF7
:102980003B6C082B05D83B6B1B7B1A463B6C934278
:102990000BD03B6B18683B6C43F4801300934FF4EF
:1029A000C2432C220121FDF7EAFF97F84D20FB6876
:1029B0005A3253F82230002B7FF473AFFB68D3F800
:1029C0008C31002B53D0BB6C002B04D0FB68012250
:1029D000C3F8902128E0FB68D3F89031002B23D076
:1029E000FB68D3F89021FB68D3F88C319A421BD254
:1029F000FB68D3F89021BB681A44FB68C3F89021A8
:102A0000FB68D3F89021FB68D3F88C319A420BD93C
:102A10003B6B1868FB68D3F89031009348F2502361
:102A200017220121FDF7ABFF7B68002B1FD0FB684D
:102A3000D3F89021FB68D3F88C319A4217D97B6880
:102A400001221A6013E03B6B9B68002B02D03B6EA7
:102A5000002B0DD1FB680022C3F86821FB6800221F
:102A6000C3F86C21FB680022C3F8902100E000BF8E
:102A700000BF5437BD4690BD90B593B002AFF8602B
:102A8000B9607A603B60FB68002B08D0BB68002B04
:102A900005D03B68002B02D07B68042B01D90923A9
:102AA0003BE1FB685B68BB63BB6B7B6307F11403B3
:102AB0007A68B968184604F03EFAFB681B7D062B5D
:102AC00000F00A81062B00F31D81052B00F0F28037
:102AD000052B00F31781032B00F0D580032B00F3A7
:102AE0001181012B03D0022B00F09C800AE1B86811
:102AF000FFF7A9F838623B6A9BB2C3F30A03FB876E
:102B00003B6ADB43DB0FDBB2FB613A6A854B134068
:102B1000002B3DD1FB69002B09D07B6B9B68002B00
:102B200005D07B6BB3F84431FA8F9A4230D1FB6900
:102B3000002B26D0FB8F7F2B2AD9FB8FB3F5807F0C
:102B400003D9FB8FB3F5C07F22D9FB8FB3F5B06FEC
:102B500003D9FB8FB3F5C06F1AD3FB8FB3F5C06FEA
:102B600003D9FB8FB3F5D06F12D3FB8FB3F5DC6FB6
:102B700003D3FB8FB3F5E06F0AD3FB8FB3F5E06FA0
:102B800006D8FB69002B05D07B6B5B7B002B01D14A
:102B90000F23C2E07B6B9B68FA699A4206D17B6B7C
:102BA000B3F84431FA8F9A4200F0AE807B6BB3F8F1
:102BB0004231FA8F9A4208D13B6A23F07F0207F133
:102BC000140311461846FFF74BF8FB69002B01D19F
:102BD0000023FB877B6B58687B6BB3F840117B6BE2
:102BE0001B7BBA6B92F86C21F02A94BF0122002261
:102BF000D2B21446FA8F019400930023FCF7F2FA44
:102C0000B861BB69002B01D1092386E0BB6BBA69AF
:102C1000C3F868217B6BFA699A607B6BFA8FA3F823
:102C2000442171E0B868FEF7F3FF034687F82730C8
:102C300097F82730F02B05D997F82730FD2B01D8CE
:102C40000F236AE097F82730F02B94BF012300236D
:102C5000DAB2BB6BD3F868315A61BB6BFF2283F8E1
:102C60007921BB6B97F8272083F86C21BB6B01227D
:102C7000C3F87021BB6B0022C3F88421BB6B002218
:102C8000C3F8882141E07B6B9B68002B01D00F23A8
:102C900043E0B868FEF7C9FF0346BB62BB6A642223
:102CA00003FB02F2BB6BC3F87C21BB6B0022C3F8B1
:102CB00084212AE0B868FEF7B8FF0346FB62FB6A8E
:102CC0004FF47A7203FB02F2BB6BC3F88021BB6B3B
:102CD0000022C3F8882118E0B868FEF799FF034680
:102CE00087F833307B6B9B68002B03D197F8333028
:102CF000F02B01D90F2310E0BB6B97F8332083F83A
:102D0000782102E000BF00E000BF07F114013B683A
:102D10007A68F868FEF7BAFC034618464437BD46A1
:102D200090BD00BF00F8FF3F80B58EB002AFF860E5
:102D3000B9607A603B60FB687B62FB68002B0ED059
:102D4000BB68002B0BD07B68002B08D0FB6B002BE3
:102D500005D03B6C002B02D07B6C002B02D14FF0D6
:102D6000FF3344E14FF4C6720021F86804F057F8CD
:102D70007B6A7A681A607B6A7A6C5A600023FB610E
:102D800007F11C030193FB6C009300233A6CB968B4
:102D9000786AFFF7CFF8034687F8233097F9233096
:102DA000002B02D097F9233021E1FE23FB7607F1B7
:102DB0001B0201230221F86BFEF783FF034687F80D
:102DC000223097F92230002B0ED0FB6C002B08D05C
:102DD000F86BFEF753FF03461B0243F00202FB6C45
:102DE0001A606FF00B0302E1FB7EFD2B04D8FB7E23
:102DF000F02B01D9FE23FB76FA7EFB6883F86C2169
:102E0000FB680122C3F8702100237B6107F11402E3
:102E100001230121F86BFEF77EFF034687F822307D
:102E200097F92230002B0ED0FB6C002B08D0F86BEA
:102E3000FEF724FF03461B0243F00102FB6C1A60FD
:102E40006FF00B03D3E07B69DB43DB0FDBB2FB628C
:102E50007B699BB2C3F30A037B85FB6A002B0DD011
:102E60007B6A5B7B002B02D07B8D002B06D100237D
:102E7000FB62FB69002B01D10123FB61FB69002B85
:102E80000ED07B6A1868FB69012B01D0FB6900E05A
:102E90007B6900934FF402431A220121FDF76FFD75
:102EA000FB6A002B01D100237B857B8D002B08D092
:102EB0007A8D398F4FF680730B409A4201D13B8F48
:102EC0007B857B6A1B7BFA6892F86C21F02A94BFA1
:102ED00001220022D2B210467A8DB7F84810019034
:102EE00000930023786CFCF77DF90246FB68C3F879
:102EF0006821FB68D3F86831002B02D14FF0FF3313
:102F000075E07B6AFA6A9A6000237B8200233B8229
:102F100007F1120201230321F86BFEF7E7FE07F128
:102F2000100201230521F86BFEF7E0FE7B8A1A46AA
:102F3000642303FB02F2FB68C3F87C213B8A1A4638
:102F40004FF47A7303FB02F2FB68C3F88021FB683D
:102F5000002283F87821FB6803F5BC720123062167
:102F6000F86BFEF7AEFEFB683A68C3F87421FB68A5
:102F7000FF2283F879217B6A0022C3F838217B6A1B
:102F8000BA68C3F83C217B6AB7F84820A3F840210F
:102F90007B6A3A8FA3F842217B6A7A8DA3F8442199
:102FA0007B6AFA68C3F848217B6A134AC3F84C214C
:102FB0007B6A124AC3F850217B6AFA68C3F8582129
:102FC0007B6A0F4AC3F85C217B6A0E4AC3F8602112
:102FD0007B6A03F5A4731946F86BFEF75FFE7B6A04
:102FE00003F5AC731946386CFEF758FE00231846FB
:102FF0003037BD4680BD00BFBB210108792A0108DA
:10300000DD1501088920010890B593B002AF786002
:103010007B68BB627B68D3F868310533FB630023B0
:10302000BB637B6893F86C31002B04D07B6893F80A
:103030006C31FD2B01D9012300E000237B620023CA
:1030400087F8373066E097F837305B011033BA6A9B
:1030500013443B623B6AFB61FB69DB68FB76FB7EEA
:10306000BA6B1344BB63BB6B082B5AD8FB699B68D4
:103070003B633B6B082B01D908233B63FB7E3A6B18
:103080009A420AD907F10C0308220021184603F0DE
:10309000C6FE07F10C03FB6201E0FB6BFB62FB6900
:1030A0000022DA603B6A9C6907F108033A6BF96A0F
:1030B000F869A047FA7EFB69DA60FB7E3A6B9A42B8
:1030C00006D9FA7E07F10C031946F86B03F033FFBB
:1030D00097F83720BB6A443253F822307B617B6912
:1030E000002B0ED07B6A002B0BD07B691A7897F8E7
:1030F0003730B96A0B4493F830311343DAB27B6945
:103100001A70FB7EFA6B1344FB6397F83730013378
:1031100087F83730BB6A5B7B97F837209A4292D3A7
:1031200000E000BFBB6B082B05D8BB6A1B7B1A46AF
:10313000BB6B93420ED0BB6A1868BB6B43F40013A1
:1031400000934FF4C2432C220121FDF718FC6FF0CD
:103150000C0319E07B680022C3F870217B68D3F868
:1031600080217B68C3F888217B68D3F87C217B6849
:10317000C3F88421BB6A5A687B68D3F86831194662
:103180001046FCF7A9F8034618464437BD4690BDE3
:1031900080B588B000AFF860B9607A603B60FB68CA
:1031A000BB61BB699B68002B00F0DC803B68002B97
:1031B00000F0D880FB6893F86C31002B04D0FB68DA
:1031C00093F86C31FD2B46D9FB68D3F88031002B86
:1031D00018D0FB68D3F88831BA689A4205D2FB68E8
:1031E000D3F88821BB68D31A00E00023FA68C2F83C
:1031F0008831FB68D3F88831002B03D1FB680122AA
:10320000C3F87021FB68D3F87031002B23D1002361
:10321000FB771BE0FA7FBB69443253F822307B61B5
:103220007B69002B0FD07B691A78FB7FB9690B444F
:1032300093F830311340DBB2002B04D1FB6801223C
:10324000C3F8702107E0FB7F0133FB77BB695B7B31
:10325000FA7F9A42DED3FB6893F86C31FD2B1DD9BF
:10326000FB68D3F88431BA689A4205D2FB68D3F878
:103270008421BB68D31A00E00023FA68C2F88431C5
:10328000FB68D3F87031002B7DD0FB68D3F8843114
:10329000002B78D1F868FFF7B7FE74E0FB68D3F82D
:1032A0007431002B6FD0BB6A002B6CD0FB6893F895
:1032B0006C31002B08D1FB68D3F87031002B62D041
:1032C000F868FFF7A1FE5EE0FB6893F87931FF2B09
:1032D00019D1FB68D3F874315B7C002B09D0FB68F3
:1032E00093F87831002B04D0FB68FE2283F8792113
:1032F00009E0FB6893F86C315B08DBB20133DAB2AA
:10330000FB6883F87921FB6893F87931FE2B12D1A1
:10331000FB68D3F874319A7CFB6893F878319A4251
:1033200031D1FB6893F86C21FB6883F87921F86848
:10333000FFF76AFE27E0FB6893F87931013BDAB2C8
:10334000FB6883F87921FB6893F87931002B1AD157
:10335000FB6893F86C21FB6883F87921F868FFF724
:1033600053FE10E0FB680122C3F87021FB680022C5
:10337000C3F88421FB680022C3F88821FB68FF2280
:1033800083F8792100E000BF00BF2037BD4680BD33
:1033900080B485B000AF78607B681B78FB73FB7BE3
:1033A00018461437BD4680BC704780B485B000AF66
:1033B00078607B681B68FB60FB6818461437BD4665
:1033C00080BC704780B483B000AF78607B68002B0E
:1033D00002D07B681B8800E0002318460C37BD46EE
:1033E00080BC704780B483B000AF786039607B6880
:1033F000002B01D1052303E07B683A689A60002323
:1034000018460C37BD4680BC704780B586B002AF09
:10341000F8607A603B600B46FB72F97A3B68009378
:1034200001237A68F868FEF735FB03461846103723
:10343000BD4680BD80B586B002AFF8607A603B6063
:103440000B46FB72F97A3B68009304237A68F868AC
:10345000FEF720FB034618461037BD4680BD80B5F9
:1034600086B002AFF8607A603B600B46FB723A1D93
:10347000F97A3B6800930423F868FEF748FB03469B
:1034800018461037BD4680BD80B586B000AF786065
:1034900039607B687B613B681B79FB743B68053353
:1034A000FB60FB7C082B15D1FB681B78802B03D1BC
:1034B0007B6900221A750DE07B69DB6B002B09D15B
:1034C0007B694033FA7CF968184603F034FD7B6968
:1034D0000122DA6300BF1837BD4680BD80B58AB0CF
:1034E00004AFF860B96011461A460B46FB801346DC
:1034F000BB80FB681B6D3A6A9A4206D1FB685B6D24
:103500007A6A9A4201D100234EE0FB683A6A1A6552
:10351000FB687A6A5A653B6A002B02DB3B6AFB82D6
:1035200001E00023FB827B6A002B02DB7B6ABB820B
:1035300001E00023BB82FB8A002B06D0BB8A002B54
:1035400003D0FB6801221A6106E00023FB820023FE
:10355000BB82FB6800221A61FA8AF988144B029335
:10356000FB6801930023009340F2FF73B868FBF7F8
:10357000DCFD0346FB74FB681868BA8AB98800232F
:103580000193082300930023FBF72CFE0246FB68FF
:103590005A60FB685B68002B04D1FF23FB74FB6857
:1035A00000221A6197F9133018461837BD4680BDBE
:1035B0008934010890B58FB002AFF860B9607A60C5
:1035C0003B60FB68002B05D0BB68002B02D03B683A
:1035D000002B01D10923FAE0FB685B68FB62FB6802
:1035E0001B7D032B00F0D480032B00F3E680022B1D
:1035F0006BD0022B00F3E180002B02D0012B02D014
:10360000DBE00423E3E0B868FFF7CFFEB861BB69F5
:103610009BB2C3F30A03FB82FB6A1B6D9BB2C3F32D
:103620000A03BB82BB69DB43DB0FDBB23B61BA69D8
:10363000694B1340002B34D13B69002B07D0FB6A48
:103640001B69002B03D0FA8ABB8A9A4229D13B69B5
:10365000002B28D0FB8A7F2B23D9FB8AB3F5807FF0
:1036600003D9FB8AB3F5C07F1BD9FB8AB3F5B06FD2
:1036700003D9FB8AB3F5C06F13D3FB8AB3F5C06FD0
:1036800003D9FB8AB3F5D06F0BD3FB8AB3F5DC6F9C
:1036900003D3FB8AB3F5E06F03D3FB8AB3F5E06F86
:1036A00001D90F2393E0FB6A996CFB6AB3F84C20B5
:1036B000FB6AB3F84E00FB6A5B6D0193BB69009334
:1036C0000346F86AFFF70AFF7AE0B868FFF76DFE75
:1036D00078627B6A9BB2C3F30A037B84FB6A5B6DEF
:1036E0009BB2C3F30A033B847B6ADB43DB0FDBB291
:1036F000FB617A6A384B1340002B34D1FB69002BF5
:1037000007D0FB6A1B69002B03D07A8C3B8C9A4252
:1037100029D1FB69002B28D07B8C7F2B23D97B8C74
:10372000B3F5807F03D97B8CB3F5C07F1BD97B8C2D
:10373000B3F5B06F03D97B8CB3F5C06F13D37B8C1B
:10374000B3F5C06F03D97B8CB3F5D06F0BD37B8CF3
:10375000B3F5DC6F03D37B8CB3F5E06F03D37B8CC5
:10376000B3F5E06F01D90F2331E0FB6A996CFB6A76
:10377000B3F84C00FB6AB3F84E40FB6A1B6D7A6AE3
:103780000192009323460246F86AFFF7A7FE17E06E
:103790007B68012B01D00B2319E0B868FFF7F8FD17
:1037A000034687F82B3097F82B30002B03D097F97E
:1037B0002B30002B03DA0F2309E00E2307E000BFB4
:1037C0003B687A68B968F868FDF760FF03461846F9
:1037D0003437BD4690BD00BF00F8FF3F80B58CB0C8
:1037E00002AFF860B9607A60FB70FB68002B08D00C
:1037F000BB68002B05D07B6B002B02D0FB6B002B32
:1038000002D14FF0FF33F5E0FB68BA689A60FB68BD
:10381000FA781A733B8E4FF47A7203FB02F2FB685C
:103820009A67FB6800221A757B68002B17D1FB781A
:10383000002B03D097F90330002B02DA4FF0FF334F
:10384000D8E0FB789BB203F5C063FB84FB789BB2A6
:1038500003F5B063BB84FB6801221A61A4E07868B9
:10386000FFF7B0FD03467B847B8CB3F5905F23D1DB
:10387000FB78002B03D097F90330002B02DA4FF0CE
:10388000FF33B7E0FB789BB203F5C063FB84FB78A2
:103890009BB203F5B063BB84FB6801221A61FA8C0A
:1038A000012301217868FFF7DAFDBA8C0123022198
:1038B0007868FFF7D4FD77E07B8CB3F5905F6FD924
:1038C0007B8CB3F5945F6BD207F11D0201230021BD
:1038D0007868FFF79AFD034687F8213007F1180250
:1038E000012301217868FFF7A5FD034687F8203002
:1038F00007F11402012302217868FFF79BFD0346BC
:10390000FB7797F92130002B0DD17B7F022B02D062
:103910007B7F032B07D197F92030002B03D197F938
:103920001F30002B08D07B6C002B02D07A8C7B6C74
:103930001A606FF00B035DE0BB69002B05DBBB6910
:103940009BB2C3F30A03FB8401E00023FB847B6981
:10395000002B05DB7B699BB2C3F30A03BB8401E048
:103960000023BB84FB68FA689A65FB68234ADA6522
:10397000FB68234A1A66FB68583319467868FFF7D4
:1039800031FD0346BB7797F91E30002B0BD07B6CC3
:10399000002B02D07A8C7B6C1A606FF00B0329E04D
:1039A0004FF0FF3326E000BFFB680022DA63FB68BC
:1039B0007A6B9A64FB683A8FA3F84C20FB68B7F8DF
:1039C0004020A3F84E20FB6800221A65FB68002205
:1039D0005A65FB68FA6B1A60FB8CBA8CB7F840002A
:1039E000398F0192009303460A46796BF868FFF716
:1039F00075FD034618462837BD4680BDDD15010814
:103A0000B535010890B58BB000AFF860B9601146CC
:103A10001A460B46FB711346BB80FB68D3F8A430F3
:103A20007B62FB685B6F002B00F08280FB689B6E03
:103A3000002B15D0FB68DA6EFB689B6E9A420FD0A4
:103A4000FB68DA6EFB689B6E9A4201D9734A00E00C
:103A5000734ABB681A60FB6801221A750023D8E01C
:103A6000FB681B6A3B62FB6893F828305BB2002B53
:103A700042DA3B6A002B04D0FB68DB6E3A6A9A425A
:103A80003AD9FB68D3F8A4300233202B34D8FB6832
:103A9000D3F8A430FA681344002283F88020FB682E
:103AA000D3F8A4305A1CFB68C3F8A420FB68DB6E73
:103AB0005A1CFB68DA663B6A002B04D0FB68DB6E9D
:103AC0003A6A9A4213D9FB68D3F8A430FA681344CF
:103AD000002283F88020FB68D3F8A4305A1CFB68CE
:103AE000C3F8A420FB68DB6E5A1CFB68DA66FB682F
:103AF000DA6EFB681A622DE03B6A002B04D1FB688A
:103B0000DA6EFB681A6225E0FB68DB6E3A6A9A425D
:103B100020D0FB68DB6E3A6A9A4201D23F4A00E04D
:103B20003F4ABB681A60FB6801221A75002370E0E7
:103B3000FB689B6E002B0DD0FB68DA6EFB689B6EFA
:103B40009A4207D9BB68354A1A60FB6801221A7588
:103B500000235EE000233B61FB681B68EFF31082EB
:103B60007A617A695A6372B600BFFB685C6BFB6866
:103B700003F11800FB6803F18001FB68D3F8A4206F
:103B800007F11003A0470346FB77FB681B685B6BDC
:103B9000BB61BB6983F3108800BFFB680022C3F8D8
:103BA000A42097F91F30002B11D097F91F30B3F1E3
:103BB000FF3F0CD097F91F301846FDF74FFF024624
:103BC000BB681A60FB6801221A75002321E0FB68BC
:103BD0005B6F002B0CD097F91F30B3F1FF3F07D17B
:103BE000BB680F4A1A60FB6801221A75002310E0B7
:103BF000FB685B6F002B0BD197F91F30002B07D1AF
:103C0000BB68064A1A60FB6801221A75002300E0AF
:103C1000012318462C37BD4690BD00BF1200070691
:103C20001300070690B58DB000AFF860B9607A60F8
:103C30003B60FB68D3F8A420FB68D3F8A830D31A04
:103C40007B62FB685B6F002B40F0AB807A6A7B681D
:103C50009A4280F0A680FB6803F18000FB6803F1C4
:103C60008002FB68D3F8A83013447A6A194603F03F
:103C7000BDF8FB680022C3F8A820FB687A6AC3F885
:103C8000A4207B6AC3F120033B6200233B61FB68F5
:103C90001B68EFF310827A617A695A6372B600BFCB
:103CA000FB681C6BFB6803F118007B6A8033FA68C1
:103CB000D11807F110033A6AA047034687F82F305E
:103CC000FB681B685B6BBB61BB6983F3108800BF3B
:103CD00097F92F30002B11D097F92F30B3F1FF3F18
:103CE0000CD097F92F301846FDF7B8FE0246BB6896
:103CF0001A60FB6801221A75002353E03B697A6A57
:103D00001344FB613B69002B27D0FB6893F82830F4
:103D10005BB2002B21DAFA68FB691344803300227E
:103D20001A707B6A8033FA681344184602F0B2F9BD
:103D3000B862BB6A002B01D10123BB623B69BA6A3E
:103D40009A420AD2BB6A3B61002387F82F30FB6896
:103D5000DA6E3B691A44FB681A623A697B6A1A4454
:103D6000FB68C3F8A420FB68D3F8A430002B04D070
:103D700097F92F30B3F1FF3F10D1FB6800225A674B
:103D8000FB68D3F8A4307A689A420AD9BB68074A1C
:103D90001A60FB6801221A75002303E0FB68012208
:103DA0005A67012318463437BD4690BD47000406C4
:103DB00090B59BB000AFF860B9607A603B60FB687B
:103DC000002B03D16FF0010300F0C4BC012387F87E
:103DD00067300023FB62FB68DB6B002B14BF012301
:103DE0000023DBB27B65FB681B7DDBB2002B0AD1B5
:103DF000FB681B69002B06D07B6D002B03D10023D1
:103E000087F86730B9E2BB68002B03D0FB681B69F9
:103E1000002B09D1FB6800221A75FB680022DA63C7
:103E2000002387F86730A8E27B6D002B00F0A582A5
:103E3000FB681B7DDBB2002B40F0CD8000233B668E
:103E4000FB6893F8403003F0F003202B03D1FB68AC
:103E500011221A750FE0FB6893F84030402B05D112
:103E600001233B66FB6821221A7504E09F4BFB622D
:103E7000FB6801221A75FB6A002B63D1FB6893F87B
:103E800042301BB21B021AB2FB6893F841301BB2DE
:103E900013431BB29AB2FB681A87FB6893F843205E
:103EA000FB6883F83A20FB689A68FB681B8F194609
:103EB0001046FDF772FCFB6893F83A10FB6803F1BB
:103EC00018020023FDF7C4FC034687F8533097F926
:103ED0005330002B0AD097F953301846FDF7BEFD3A
:103EE0000346FB62FB6801221A752BE0FB6893F81E
:103EF000283003F00303002B05D17D4BFB62FB68E8
:103F000001221A751EE03B6E002B0CD0FB6893F863
:103F1000283003F00103002B05D1764BFB62FB68D0
:103F200001221A750EE03B6E002B0BD1FB6893F853
:103F3000283003F00203002B04D16F4BFB62FB68B7
:103F400001221A753B6E002B45D0FB6A002B42D133
:103F5000FB680022C3F8A820FB680022C3F8A42055
:103F6000FB680022DA66FB6800225A6707F12C0121
:103F700000230722F868FFF755FE0346002B2AD0DE
:103F8000FB685B6F002B1AD0FB681A6AFB689A66A5
:103F9000FB689B6E002B05D1FB68D3F8A420FB685F
:103FA0009A6618E0FB689A6EFB68D3F8A4309A42D0
:103FB00011D0524BFB62FB6801221A750BE0FB68C3
:103FC00093F828305BB2002B02DBFB681B6A00E031
:103FD0000023FA689366FB681B7DDBB2002B14BFDD
:103FE0000123002387F85230FB681B7DDBB2012BD5
:103FF00005D097F85230002B01D0012300E00023B8
:1040000087F8523097F8523003F0010387F85230A6
:1040100097F85230002B00F0A881FB681B7DDBB2C3
:10402000232B00F06D81232B00F38F81212B00F0D7
:104030006381212B00F38981112B03D0132B00F016
:10404000E78082E1FB6893F8403003F00203002B25
:1040500000F0A480FB681B6A7B640423FB65FB689B
:1040600093F8403003F00103002B0AD0FB6893F86B
:1040700040309B08DBB203F00303FA6DD31AFB65F3
:1040800007E07B6C002B04D07B6C032B01D87B6C8E
:10409000FB6507F1240300221A609A80FB6803F194
:1040A000440107F12403FA6D184602F044FFFB684F
:1040B00093F828305BB2002B22DA7B6C002B03D004
:1040C000FA6D7B6C9A421BD27A6CFB6DD31A3B64FF
:1040D0003B6C012B01D1012300E00223FA6D134454
:1040E000FB65FB68FA6D1A6221E000BF0100040560
:1040F0000000010601000106020001064700040657
:104100007B6C002B03D1FB68FA6D1A620FE0FA6D2D
:104110007B6C9A420BD0FA6D7B6C9A4201D98E4B24
:1041200000E08E4BFB62FB6801221A751DE1002343
:104130003B62FB681B68EFF310827A637A6B5A6309
:1041400072B600BFFB685C6BFB6803F1180007F1F7
:10415000200307F12401FA6DA047034687F83F309A
:10416000FB681B685B6B3B633B6B83F3108800BF92
:1041700097F93F30002B0AD097F93F301846FDF7EA
:104180006DFC0346FB62FB6801221A75EDE0FB68DB
:1041900012221A75FB6801225A67E6E0FB6893F861
:1041A000403003F00103002B28D0FB681B6ABB647E
:1041B000FB6844331B68FB61FA69FB689A66BB6C59
:1041C000002B1ED0FB689B6EBA6C9A4205D2624BE4
:1041D000FB62FB6801221A75C7E0FB689B6EBA6C34
:1041E0009A420ED9FB6893F828305BB2002B08DBAB
:1041F0005A4BFB62FB6801221A75B6E0FB6800228D
:104200009A66FB6812221A75FB6800225A67ACE0B6
:10421000FB6893F8403003F0E003002B66D1FB68A5
:1042200093F8403003F00102FB685A67FB6893F88B
:10423000403003F0100387F85030FB6893F870307B
:1042400097F850209A4205D0454BFB62FB6801224B
:104250001A758AE0FB6893F840305B08DBB2DB43F9
:1042600003F00703FB64FB6803F18002FB68D3F8EB
:10427000A430D018FB684133FA6C194602F05BFE9B
:10428000FB68D3F8A420FB6C1A44FB68C3F8A42095
:10429000FB68DA6EFB6C1A44FB68DA66FB681B6A23
:1042A000002B0BD0FB68DA6EFB681B6A9A4205D9BB
:1042B000294BFB62FB6801221A7556E0FB685B6FB5
:1042C000002B05D1FB68D3F8A430183B082B09D884
:1042D00007F12C0100230022F868FFF793FB034647
:1042E000002B41D0FB6814221A753EE01D4BFB6287
:1042F000FB6801221A7538E0FB6822221A7534E047
:10430000FB6893F8403003F0EF03602B17D1FB6894
:1043100093F8403003F0100387F85130FB6893F8AE
:10432000703097F851209A4205D00D4BFB62FB6824
:1043300001221A7519E0FB6824221A7515E0094B51
:10434000FB62FB6801221A750FE0064BFB62FB68FB
:1043500001221A7509E000BF1200070613000706C4
:10436000000003050100040500BFFB680022DA67B6
:1043700000237B60FB680022DA6397F96730012B2A
:104380001ED1FB68DA6FFB689B6F9A4205D2FB680F
:10439000DA6F7B681A44FB68DA67FB68DA6FFB68E0
:1043A0009B6F9A4204D38D4BFB62FB6801221A7506
:1043B000FB685B681B69002B02D0042387F8673019
:1043C00097F96730012B40F08D81FB685B680533FE
:1043D00008220021184602F022FDFB681B7DDBB29B
:1043E000242B00F0E380242B00F37981222B76D05C
:1043F000222B00F37481122B02D0142B41D06EE1DA
:10440000FB685B6860225A71FB681A8FFB685B6807
:10441000D2B29A71FB681B8F1B0A9AB2FB685B6869
:10442000D2B2DA71FB685B68FA6892F83A201A72C5
:10443000FB680022DA67FB681A68FB685B6819464C
:104440001046FAF749FFFB685B6F002B06D0FB684C
:1044500000221A75002387F8673043E1FB680022C9
:1044600083F87020FB680022DA66FB680022C3F83C
:10447000A420FB680022C3F8A820FB6813221A7549
:1044800030E1FB6893F87020FB685B6842F0200223
:10449000D2B25A71FB6893F87030002B01D1102210
:1044A00000E00022FB6883F87020FB680022DA67D6
:1044B000FB681A68FB685B6819461046FAF70CFF40
:1044C000FB685B6F002B06D0FB6800221A75002387
:1044D00087F8673006E1FB6813221A7502E1FB6872
:1044E0009B6E002B24D0FB689B6E042B20D8FB68AE
:1044F0009B6EDBB2C3F10403DBB29B00DAB2FB6854
:104500005B6842F04302D2B25A71FB685B6803F108
:104510000900FB6803F18001FB689B6E1A4602F0FC
:104520000AFDFB6800221A75002387F8673020E037
:10453000FB689B6E002B0ED0FB689B6EBB63BB6B56
:10454000BB61FB685B6841225A71FB685B68093399
:10455000BA691A6003E0FB685B6840225A71FB6825
:10456000002283F87020FB680022DA67FB682322B0
:104570001A75FB681A8FFB685B68D2B29A71FB6888
:104580001B8F1B0A9AB2FB685B68D2B2DA71FB68B8
:104590005B68FA6892F83A201A72FB681A68FB683E
:1045A0005B6819461046FAF797FE9BE007F12C016D
:1045B00000230722F868FFF735FB0346002B00F0C5
:1045C0009080FB685B68FA6892F870205A71FB680B
:1045D00093F87030002B03D1102202E00000040594
:1045E0000022FB6883F87020FB68D3F8A420FB68E6
:1045F000D3F8A830D31ABB65BB6D062B06D9FB6870
:104600005B6F002B1BD0BB6D072B18D1FB685B6861
:104610005A79BB6DDBB2C3F10703DBB25B00DBB2DF
:104620001343DAB2FB685B6842F00102D2B25A71FE
:10463000FB6800221A75002387F8673007E0FB68E3
:104640000022DA67FB6823221A750723BB65FB6823
:104650005B68981DFB6803F18002FB68D3F8A83003
:104660001344BA6D194602F066FCFB68D3F8A82023
:10467000BB6D1A44FB68C3F8A820FB68DA6EBB6DFB
:104680001A44FB68DA66FB689B6E002B1ED0FB6841
:10469000DA6EFB689B6E9A4205D9304BFB62FB6871
:1046A00001221A751EE097F96730002B0ED1FB68C6
:1046B000DA6EFB689B6E9A4208D2294BFB6201239B
:1046C00087F86730FB6801221A750BE0FB681A68EF
:1046D000FB685B6819461046FAF7FEFD02E000BF72
:1046E00000E000BF97F96730012B31D1FB681B7DDB
:1046F000DBB2012B2CD1FB6A7B61FB685B688022FB
:104700005A71FB681A8FFB685B68D2B29A71FB68BA
:104710001B8F1B0A9AB2FB685B68D2B2DA71FB6826
:104720005B68FA6892F83A201A72FB685B68093392
:104730007A691A60FB681A68FB685B68194610465C
:10474000FAF7CAFDFB6800221A75F62387F867306E
:1047500097F9673018466C37BD4690BD12000706C2
:104760001300070680B485B000AF78607B681B78C3
:10477000FB73FB7B18461437BD4680BC704780B482
:1047800085B000AF78607B681B68FB60FB681846EB
:104790001437BD4680BC704780B483B000AF7860EA
:1047A0007B68002B02D07B681B8800E00023184642
:1047B0000C37BD4680BC704780B483B000AF7860D2
:1047C00039607B68002B01D1052303E07B683A68E0
:1047D0009A60002318460C37BD4680BC704780B5F0
:1047E00086B002AFF8607A603B600B46FB72F97AE4
:1047F0003B68009301237A68F868FDF74BF903469C
:1048000018461037BD4680BD80B586B002AFF8604F
:104810007A603B600B46FB72F97A3B680093042395
:104820007A68F868FDF736F9034618461037BD4632
:1048300080BD80B582B000AF78607B689B7C01331F
:10484000DAB27B689A747B689A7C7B685B7C9A425C
:1048500002D97B6801229A747B6800229A617B6886
:10486000DB68002B0CBF01230023DBB21A467B68F8
:10487000DA607B68DB6A7A68927C5A717B689A6A34
:104880007B68DB6A19461046FAF726FD0346184690
:104890000837BD4680BD80B487B000AF786039600E
:1048A0007B683B613B681B79FB7300237B613B6941
:1048B0005B7C002B0CD1FB7B002B02D101237B61A5
:1048C00019E0FB7B43F04003DAB23B691A7212E055
:1048D000FB7B012B09D13B680533BB60BB681A78B1
:1048E0003B699A7401237B6105E0FB7B63F07F03E6
:1048F000DAB23B691A727B69002B0CD03B69DB682A
:10490000002B0CBF01230023DBB21A463B69DA609F
:104910003B6901225A6000BF1C37BD4680BC70470E
:1049200090B58FB004AFF860B9607A603B60FB6807
:10493000002B0CD0FB681B7D002B08D1BB68002B23
:1049400005D07B68042B02D13B68002B01D10923E1
:10495000A0E0FB685B687B62B868FFF710FF386215
:104960003B6A9BB2C3F30A03FB833B6A03F08043B9
:10497000C3F38073DBB2BB613A6A484B1340002B30
:1049800033D1FB8B7F2B30D9FB8BB3F5807F03D9E1
:10499000FB8BB3F5C07F28D9FB8BB3F5B06F03D980
:1049A000FB8BB3F5C06F20D3FB8BB3F5C06F03D97E
:1049B000FB8BB3F5D06F18D3FB8BB3F5DC6F03D350
:1049C000FB8BB3F5E06F10D3FB8BB3F5E06F0CD826
:1049D0007B6A5B6A002B0AD0BB69002B07D07B6A1D
:1049E000B3F84830FA8B9A4201D00F2352E07B6A29
:1049F000B3F84830FA8B9A4239D07B6A186B7B6ADD
:104A0000998EFA8B264B02937B6A019300230093C5
:104A100040F2FF73FAF789FB0346FB7597F91730ED
:104A2000002B01D0092335E07B6A986A7B6AB3F8D2
:104A30004A107B6A5B7C002B01D0012300E000233D
:104A4000FA8B0024019400930023FAF7CBFB024673
:104A50007B6ADA627B6ADB6A002B04D17B6A002204
:104A60005A62092316E07B6AFA8BA3F848207B6A16
:104A7000BA695A62BB69002B05D07B6A00229A741E
:104A80007B6A00229A613B687A68B968F868FCF72B
:104A9000FDFD034618462C37BD4690BD00F8FFBF0C
:104AA0009748010890B589B002AFF860B9607A60A4
:104AB0003B60FB68002B0CD0FB681B7D002B08D1F2
:104AC000BB68002B05D07B68012B02D13B68002B13
:104AD00001D1092340E0FB685B687B61B868FFF7A0
:104AE00041FE0346FB74FB7C012B02D0FB7CF02BC8
:104AF00001D90F2330E07B69DB691B68002B01D0F3
:104B0000172329E07B69986A7B69B3F84A107B69AF
:104B1000B3F84820FB7C002B01D0012300E00023E8
:104B20000024019400930023FAF75CFB02467B69A2
:104B3000DA627B69DB6A002B04D17B6900225A624E
:104B4000092309E07B69FA7C5A743B687A68B96882
:104B5000F868FCF79BFD034618461C37BD4690BD20
:104B600080B58CB004AFF860B9607A603B60FB68D8
:104B7000002B0ED0BB68002B0BD07B68002B08D01D
:104B80003B68002B05D0BB6B002B02D03B6B002B8E
:104B900002D14FF0FF33FBE05C220021F86802F005
:104BA0003EF98023BB6107F11802012300217868D8
:104BB000FFF72AFE0346FB7797F91F30002B0CD036
:104BC0003B6C002B06D07868FFF7E6FD03461A46DB
:104BD0003B6C1A606FF00B03DAE0FB68FA689A63CB
:104BE000FB686D4ADA63FB686C4A1A64FB68383309
:104BF00019467868FFF7E0FD002304220021386899
:104C0000FCF7C2FF0246FB68DA61FB68DB69002B38
:104C10000CD13B6C002B06D03868FFF7BDFD034676
:104C20001A463B6C1A606FF00B03B1E000230422BC
:104C30000021B86AFCF7A8FF0246FB681A62BB6A4B
:104C4000002B10D0FB681B6A002B0CD13B6C002B97
:104C500006D0B86AFFF7A0FD03461A463B6C1A60FF
:104C60006FF00B0394E00023FB75FB6A002B33D03D
:104C700007F1170201230021F86AFFF7B0FD034690
:104C8000FB7797F91F30002B0CD03B6C002B06D024
:104C9000F86AFFF781FD03461A463B6C1A606FF015
:104CA0000B0375E0FB7D012B02D10223FB7504E0B1
:104CB000FB7DF02B01D9F023FB75FB68FA68DA6401
:104CC000FB68354A1A65FB68354A5A65FB684C3300
:104CD0001946F86AFFF770FDFA7DFB685A74FB68A5
:104CE000BA681A60BB6903F08043C3F38073DBB218
:104CF0001A46FB685A62FB68BA6B9A62BB699BB240
:104D0000C3F30A039AB2FB68A3F84820FB683A6B26
:104D10001A63FB68BA8E9A86FB68BA8FA3F84A209A
:104D2000BB699BB2C3F30A039AB2B98E1D4B0293BF
:104D3000FB6801930023009340F2FF73386BFAF78E
:104D4000F4F90346BB7797F91E30002B02D097F990
:104D50001E301DE0BB699BB2C3F30A039AB2FB7D10
:104D6000002B01D0012300E00023B98F0020019027
:104D700000930023B86BFAF735FA0246FB68DA6253
:104D8000FB68DB6A002B02D14FF0FF3300E0002309
:104D900018462037BD4680BDDD15010821490108B0
:104DA000A54A01089748010880B58AB002AFF860AB
:104DB000B9607A603B600023FB77BB68002B00F092
:104DC0008980FB689B697A6813443B61FB689B6937
:104DD0003A699A4202D9FB683A699A61FB685B6852
:104DE000002B07D0FB6800229A610123FB77FB6848
:104DF00000225A60FB68DB69002B04D0FB68DB698A
:104E00001B68BB6101E00023BB61BB69002B31D093
:104E1000FB685B6A002B0AD0FB689B69BA699A42FF
:104E200028D80123FB77F868FFF703FD22E0FB6831
:104E30001B7C012B1ED1BB695B08BA6913447B61E3
:104E40007A69BB699A4202D24FF0FF337B61FB68FB
:104E50009B697A699A420DD2FB681868FB689B6966
:104E600000934FF4014318220121FBF788FDFB68F2
:104E700002221A74FB681B6A002B15D0FB681B6AA0
:104E80001B68002B10D0FB689A69FB681B6A1B68C3
:104E90009A4209D9FB685B69002B01D10223FB7799
:104EA000FB6801225A6102E0FB6800225A61FB683C
:104EB0001B7A002B1AD0FB681868FB681B7A0093DA
:104EC00048F2402319220121FBF759FDFB6800221B
:104ED0001A720BE0FB6800225A60FB6800221A720B
:104EE000FB6800229A74FB6800229A61FB7F012B09
:104EF0000FD1FB681B7C022B08D1FB6818680023CC
:104F00000093002318220021FBF739FDFB680122E2
:104F10001A74FB7F18462037BD4680BD80B485B02B
:104F200000AF78607B681B889BB2FB81FB891846C9
:104F30001437BD4680BC704780B485B000AF786040
:104F40007B681B68FB60FB6818461437BD4680BC55
:104F5000704780B483B000AF78607B68002B02D0CC
:104F60007B681B8800E0002318460C37BD4680BCD8
:104F7000704780B483B000AF786039607B68002BE5
:104F800001D1052303E07B683A689A600023184644
:104F90000C37BD4680BC704780B586B002AFF86064
:104FA0007A603B600B46FB72F97A3B6800930423FE
:104FB0007A68F868FCF76EFD034618461037BD4660
:104FC00080BD80B586B000AF786039607B687B615A
:104FD0003B681B79FB743B680533FB60FB7C062B4D
:104FE00008D17B690622F968184601F0A4FF7B69A5
:104FF00001229A6100BF1837BD4680BD80B588B0D8
:1050000000AFF860B9607A603B60FB68002B0CD0A1
:10501000FB681B7D002B08D1BB68002B05D07B688B
:10502000042B02D13B68002B01D109234FE0FB6820
:105030005B68FB61B868FFF77FFFB861BB699BB233
:10504000C3F30A03FB82BA69234B1340002B26D11A
:10505000FB8A7F2B23D9FB8AB3F5807F03D9FB8A98
:10506000B3F5C07F1BD9FB8AB3F5B06F03D9FB8AB8
:10507000B3F5C06F13D3FB8AB3F5C06F03D9FB8AB6
:10508000B3F5D06F0BD3FB8AB3F5DC6F03D3FB8A88
:10509000B3F5E06F03D3FB8AB3F5E06F01D90F23BB
:1050A00015E0BB69DB0FDBB21A46FB691A61BB690D
:1050B00003F08043C3F38073DBB21A46FB695A6185
:1050C0003B687A68B968F868FCF7E0FA0346184666
:1050D0002037BD4680BD00BF00F8FF3F80B58CB0D3
:1050E00004AFF860B9607A607B80FB68002B05D064
:1050F000BB68002B02D07B68002B02D14FF0FF333E
:105100005FE02C220021F86801F089FE07F114020B
:1051100001230021B868FFF73FFF0346FB7797F9AB
:105120001F30002B0CD0BB6A002B06D0B868FFF7ED
:1051300010FF03461A46BB6A1A606FF00B0340E08B
:10514000FB68FA68DA61FB68204A1A62FB68204A49
:105150005A62FB681C331946B868FFF70AFF7B697F
:105160009BB2C3F30A03BB837B69DB0FDBB21A4636
:10517000FB681A617B6903F08043C3F38073DBB281
:105180001A46FB685A61FB6800229A61FB681B693A
:10519000002B15D0BA8B79880E4B0293FB680193D4
:1051A0000023009340F2FF737868F9F7BEFF0346CF
:1051B000FB7697F91B30002B02D097F91B3000E0EB
:1051C000002318462037BD4680BD00BFDD1501080D
:1051D000FD4F0108C34F010880B58AB000AFF860E9
:1051E000B9607A6000237B62BB68002B24D0FB6827
:1051F0001B69002B20D0FB689B69002B1FD0FB682C
:105200001846FFF799FE3862FB6804331846FFF72B
:1052100085FE0346FB833B6A23F07042FB689A607D
:10522000FB68FA8B9A81FB680022DA8101237B629A
:10523000FB6800229A6102E0FB6800229A61002369
:10524000BB617B6A002B32D17B68002B2FD0FB68BF
:10525000DB891A467B6813447B617B69164AA2FB93
:1052600003239B09BB617A69134BA3FB02139B09C0
:105270004FF47A7101FB03F3D31A9AB2FB68DA8117
:10528000FB689A68BB691A44FB689A60FB689B6874
:105290000A4A93420BD9FB689A68094B1344FA688F
:1052A0009360FB689B8901339AB2FB689A817B6AA1
:1052B00018462837BD4680BDD34D6210FF5B2605DA
:1052C00000A4D9FA80B584B000AF78600023FB73E6
:1052D0007B68002B02D14FF0FF3306E00C22002147
:1052E000786801F09CFD97F90F3018461037BD46DD
:1052F00080BD80B489B000AFF860B9603B601346F0
:10530000FB710023FB770023BB770023BB61FB68A5
:105310001A68BB681A44FB681A60F6E0FB685B7A9F
:10532000DB4303F001033B610123BB61FB681B68A6
:10533000A3F54343503BFA681360FB681B790133C4
:10534000DAB2FB681A71FB681B79032B40F2C58047
:10535000FB6800221A710023FB770023BB77FB68F0
:105360005B7A03F00203002B04D1FB7F43F00203BE
:10537000FB7703E0BB7F43F00203BB77FB685B79FD
:105380000133DAB2FB685A71FB685B79062B10D0E7
:10539000062B12DC012B02D0022B05D00DE0FB7F87
:1053A00043F00403FB7709E0BB7F43F00403BB77C2
:1053B00004E0FB6800225A7100E000BFFB689B79A3
:1053C0000133DAB2FB689A71FB689B79082B18D01D
:1053D000082B1ADC042B0FD0042B16DC032B06D071
:1053E000032B12DC012B02D0022B05D00DE0FB7F3A
:1053F00043F00803FB7709E0BB7F43F00803BB776A
:1054000004E0FB6800229A7100E000BFFB68DB79D2
:105410000133DAB2FB68DA71FB68DB790A2B20D042
:105420000A2B22DC062B17D0062B1EDC052B0ED0F8
:10543000052B1ADC042B0FD0042B16DC032B06D013
:10544000032B12DC012B02D0022B05D00DE0FB7FD9
:1054500043F01003FB7709E0BB7F43F01003BB77F9
:1054600004E0FB680022DA7100E000BFFB681B7AF1
:105470000133DAB2FB681A72FB681B7A0C2B28D056
:105480000C2B35DC082B1FD0082B31DC072B16D05A
:10549000072B2DDC062B17D0062B29DC052B0ED075
:1054A000052B25DC042B0FD0042B21DC032B06D08D
:1054B000032B1DDC012B02D0022B05D018E0FB7F53
:1054C00043F02003FB7714E0BB7F43F02003BB775E
:1054D0000FE0FB6800221A720BE0FB685B7A03F0B6
:1054E0007E03FB77FB689B7A03F07E03BB7700E0CB
:1054F00000BF3B69002B04D0FB7F43F00103FB7727
:1055000003E0BB7F43F00103BB77FB681B684CF2F1
:105510004F3293423FF602AFBB69002B77D0BB6A94
:10552000002B02D00123FB7532E097F90730002BE6
:1055300004D1FB7F03F00103FB7529E03B6B002BDB
:1055400004D0FB7F03F02003FB7521E07B6B002B75
:1055500004D0FB7F03F01003FB7519E0BB6B002B3D
:1055600004D0FB7F03F00803FB7511E0FB6A002BFE
:1055700004D0FB7F03F00403FB7509E0FB6B002BF9
:1055800004D0FB7F03F00203FB7501E00023FB75F1
:105590003B68002B04D0BB7F03F00103BB7522E006
:1055A0003B6C002B04D0BB7F03F01003BB751AE0EB
:1055B00097F90730042B04D1BB7F03F00403BB75BC
:1055C00011E097F907307F2B04D1BB7F03F0020372
:1055D000BB7508E097F90730052B02D10123BB7595
:1055E00001E00023BB75FB7D002B03D0FB7F63F044
:1055F0007F03FB77BB7D002B03D0BB7F63F07F0372
:10560000BB77FB68FA7F5A72FB68BA7F9A7200BF59
:105610002437BD4680BC704780B590B000AF78603D
:1056200039607B687B633B681B7987F8333097F878
:105630003330082B40F038817B6B5B6C002B40F0E3
:1056400033810023FB633B680533FB62FB6A1B78F5
:1056500087F82B3097F82B30042B2DD1FB6A0133C0
:105660001B78FB77FB7F002B02D0012B20D015E1AC
:105670007B6B1B7C012B10D17B6B93F84030FF2B95
:105680000BD17B6BDB6B1B78FF2B06D07B6B97F80A
:105690002B2083F848200123FB637B6B00221A74C4
:1056A0007B6B143310220021184601F0B8FBF5E0A3
:1056B0007B6B01221A74F1E07B6B1B7C002B40F0AA
:1056C000D98097F82B30512B57D0512B00F3E18024
:1056D000432B24D0432B00F3DC80422B17D0422BEA
:1056E00000F3D780402B02D0412B08D0D1E0FB6AD9
:1056F00001331B68BB61BA697B6B5A61CEE0FB6A00
:1057000001331B687B617A697B6B9A61C6E0FB6A37
:1057100001331B683B613A697B6BDA61BEE0FB6A6F
:1057200001331B68FB60FA687B6B1A627B6B5A68FB
:105730007B6B9B699A4240F0AE807B6B9A687B6B77
:10574000DB699A4240F0A7807B6BDA687B6B1B6A4F
:105750009A4240F0A0807B6B1A687B6B5B699A422F
:1057600040F099807B6B01221A747B6B97F82B2099
:1057700083F848200123FB638DE07B6BDB6B1B7898
:10578000FF2B40F08A807B6B93F84030FF2B40F07A
:105790008480FB6A05331B7887F82A30FB6A06335E
:1057A0001B7887F82930FB6A07331B7887F8283085
:1057B00097F82A301F2B03D997F82A30802B6DD108
:1057C00097F82930032B69D897F82830032B65D830
:1057D000FB6A01331B68BB60BB687B620023BB6351
:1057E00097F82A30802B0DD10123BB637B6B0022FD
:1057F00083F834207B6B243310220021184601F0FB
:105800000EFB2CE07B6B93F8343097F829209A42FA
:1058100025D197F82A304FF0FF3202FA03F33B62AA
:1058200097F829207B6B53F822207B6A5A403B6A09
:105830001340002B13D10123BB637B6B97F8282007
:1058400083F8342097F82A30002B08D197F82820C5
:1058500097F829309A4202D27B6B01221A74BB6BF3
:10586000002B1AD07B6B97F82B2083F8482001235C
:10587000FB6312E07B6B49330822F96A184601F09A
:105880005AFB7B6B97F82B2083F848200123FB639E
:1058900004E000BF02E000BF00E000BFFB6B002B94
:1058A00002D07B6B01225A6400BF4037BD4680BDE9
:1058B00080B58AB004AFF860B9607A603B600023BD
:1058C000FB75FB68002B18D07B68002B15D03B685C
:1058D000002B12D03B6A002B0FD0FB6A002B0CD0A0
:1058E0003B681B78002B04D03B681B785BB2002B15
:1058F00006DA3B681B78FF2B02D04FF0FF3346E0FF
:1059000074220021F86801F08AFAFB681022B96855
:10591000184601F010FBFB6800221A74FB68002295
:1059200083F83420FB687A689A63FB683A68DA6324
:105930003B681A78FB6883F84020FB6800225A64B1
:105940003A8DB98C144B0293FB68019300230093AA
:1059500040F2FF73386AF9F7E8FB0346FB75FB6812
:10596000FA6ADA66BA8E398E00230193082300930F
:105970000023F86AF9F736FC0246FB681A67FB68F1
:105980001B6F002B01D1FF23FB7597F917301846C9
:105990001837BD4680BD00BF1956010880B485B0D8
:1059A00000AFF860B9607A60FB68002B05D0FB6837
:1059B000BA689A65FB687A685A6500BF1437BD46B5
:1059C00080BC704780B485B000AFF860B9607A6081
:1059D000FB68002B05D0FB68BA681A66FB687A681A
:1059E000DA6500BF1437BD4680BC704780B485B00F
:1059F00000AFF860B9607A60FB68002B05D0FB68E7
:105A0000BA689A66FB687A685A6600BF1437BD4662
:105A100080BC704780B58CB000AF78600023FB621B
:105A20007B685B6C002B00F0838100237B627B68CA
:105A30001B6F053308220021184601F0F0F97B683E
:105A400093F848305E2B00F048815E2B00F35B81B9
:105A50005D2B00F031815D2B00F355815C2B00F054
:105A60001A815C2B00F34F815B2B00F003815B2BD1
:105A700000F349815A2B00F0EC805A2B00F343814C
:105A8000512B00F03981512B00F33D81432B1BD06A
:105A9000432B00F33881172B00F0B080172B00F355
:105AA0003281152B00F08C80152B00F32C81132BE9
:105AB00038D0132B00F32781042B02D0112B0AD0EE
:105AC00021E10123FB6225E17B681B6F44225A71AF
:105AD00001237B621EE17B6893F84A30FB7400234C
:105AE00087F82B30FB7C002B03D097F91330002B69
:105AF00002DAFB7CFF2B04D17B68DB6BFA7C1A702B
:105B000002E0012387F82B307B681B6F7A6892F8DC
:105B100048205A717B681B6F97F82B209A710123DC
:105B20007B62F7E07B685B6D002B00F0EE807B68AA
:105B300093F84A307B777B6893F84B303B770023B0
:105B400087F82B30002387F82A307B7F002B21D168
:105B50003B7F052B1ED03B7F092B1BD83B7F774A11
:105B600032F813307B837B685B6D7A68926D798B3A
:105B70001046984778617B69002B04D07B689B6B4B
:105B80007A8B1A8009E0FF2387F82B30012387F8EE
:105B90002A3002E0012387F82B307B681B6F7A687C
:105BA00092F848205A717B681B6F97F82B209A71E6
:105BB0007B681B6F97F82A20DA7101237B62A9E0CA
:105BC0007B685B6D002B00F0A2807B68DB6D002B97
:105BD00000F09F807B6893F84B301B02FB837B684F
:105BE00093F84A301A46FB8B1343FB837B68DB6DCB
:105BF0007A68126EF98B104698478AE0002387F87E
:105C00002B307B685B6E002B03D1012387F82B3090
:105C100011E07B685B6E7A68906E7A68D26B11785F
:105C20007A68926B1288984738623B6A002B02D1DF
:105C3000022387F82B307B681B6F7A6892F8482024
:105C40005A717B681B6F97F82B209A7101237B6236
:105C500060E07B681B6F7A6892F848205A717B6815
:105C60001B68FB607B681B6F0633FA681A600123B0
:105C70007B624FE07B681B6F7A6892F848205A710C
:105C80007B685B68FB607B681B6F0633FA681A6091
:105C900001237B623EE07B681B6F7A6892F84820A4
:105CA0005A717B689B68FB607B681B6F0633FA68E0
:105CB0001A6001237B622DE07B681B6F7A6892F883
:105CC00048205A717B68DB68FB607B681B6F06337A
:105CD000FA681A6001237B621CE07B681B6F7A689C
:105CE00092F848205A717B681B6F7A6892F84020BE
:105CF0009A7101237B620DE07B681B6F4F225A7102
:105D000001237B6206E000BF04E000BF02E000BFA9
:105D100000E000BF7B6A002B07D07B68DA6E7B68EF
:105D20001B6F19461046F9F7D7FA7B6800225A64B0
:105D3000FB6A18463037BD4680BD00BFBC7F0108F6
:105D400053B94AB9002908BF00281CBF4FF0FF31E2
:105D50004FF0FF3000F09CB9ADF1080C6DE904CEB6
:105D600000F006F8DDF804E0DDE9022304B0704736
:105D70002DE9F04782B00646DDF828E00846B44633
:105D80000D46002B4ED18A4214466DD9B2FA82F2EA
:105D900042B1C2F12003954026FA03F394401D431B
:105DA00006FA02FC260CA7B2B5FBF6F14FEA1C433B
:105DB00006FB115543EA054301FB07F0984209D958
:105DC000E31801F1FF3580F00381984240F2008131
:105DD000023923441B1A1FFA8CFCB3FBF6F006FBB6
:105DE00010334CEA034C00FB07F363450AD914EB6C
:105DF0000C0C00F1FF3580F0ED80634540F2EA8045
:105E0000A444023840EA0140ACEB030C0021BEF18F
:105E1000000F04D02CFA02F30022CEE9003202B0C7
:105E2000BDE8F0878B4209D9BEF1000F01D0CEE961
:105E300000610021084602B0BDE8F087B3FA83F1A3
:105E4000174600294DD1834202D3B24200F20F819E
:105E5000B6EB070C60EB030301201D46BEF1000FFB
:105E6000DDD0CEE900C5DAE7002A00F098801A46B6
:105E7000B4FA84F3002B40F0AF800B1B270CA6B2C2
:105E80000121B3FBF7F54FEA1C4007FB153340EA4D
:105E9000034306FB05F8984507D9E31805F1FF30E1
:105EA00002D2984500F2E8800546A3EB08031FFAEA
:105EB0008CFCB3FBF7F007FB10334CEA034C06FBFA
:105EC00000F3634508D914EB0C0C00F1FF3602D245
:105ED000634500F2CE803046ACEB030C40EA05404F
:105EE00095E7C1F120058B4022FA05FC4CEA030C32
:105EF00000FA01F426FA05F3E84002FA01F943EA50
:105F000004084FEA1C4206FA01FAB0FBF2F71FFA46
:105F10008CF602FB17004FEA184444EA004407FBE2
:105F200006F0A0420AD91CEB040407F1FF3380F00D
:105F30009C80A04240F29980023F6444241A1FFAD8
:105F400088F3B4FBF2F002FB104443EA044300FB85
:105F500006F69E4209D91CEB030300F1FF3480F0E2
:105F600082809E427FD90238634440EA0740A0FB0A
:105F700009749B1BA3423E46A04664D361D0BEF188
:105F8000000F0AD0BAEB060263EB080303FA05F52B
:105F9000CA401543CB40CEE9005300213FE77308C8
:105FA00043EAC1734A08190C41EA02414FEAC67C30
:105FB0009BB2B2FBF4F02646A04627461F2243EAD6
:105FC0000143B1FBF4F1A3EB080341EA004158E7B8
:105FD0002946FFE6284615E71A46C3F120019C40F2
:105FE00026FA01F320FA01F190400343270C06FA48
:105FF00002FCB1FBF7F0A6B207FB1015190C41EA41
:10600000054100FB06F58D423BD9611801D28D4256
:1060100020D8491B0138B1FBF7F5019505FB06F8BF
:10602000019D9BB207FB151143EA0143434526D26C
:10603000E31805F1FF31C6D24345C4D2A91E23445B
:10604000C1E7BA459BD2B7EB090664EB0C040138F3
:10605000A04694E7651B29440238B1FBF7F501958A
:1060600005FB06F8DCE720467FE71F4666E70846A3
:10607000F4E6A44402382FE7023D234415E70199D2
:10608000A1E7491BB1FBF7F5019505FB06F8C7E74A
:10609000704700BF034613F8012B002AFBD1181AE2
:1060A0000138704700000000000000000000000000
:1060B00001F0FF01102A2BDB10F0070F08D010F8B9
:1060C000013B013A8B422DD010F0070F42B3F6D1BD
:1060D000F0B441EA012141EA014122F007047FF0D6
:1060E00000070023F0E80256083C85EA010586EA2D
:1060F000010685FA47F5A3FA87F586FA47F6A5FA69
:1061000087F68EB9EED1F0BC01F0FF0102F0070274
:1061100032B110F8013B013A83EA010313B1F8D11F
:106120000020704701387047002D06BF3546033800
:10613000073815F0010F07D1013015F4807F02BF39
:10614000013015F4C03F0130F0BC0138704700BF8A
:1061500008B50748074B8360074BC360074B436094
:1061600001230370FA234380F8F7D4FC08BD00BF75
:10617000BC040020D8040020696301084805002001
:1061800008B501224FF400710448ECF75AF90448AD
:1061900000F0E6FCF8F716FE08BD00BF0014024050
:1061A000D07F010808B5054B984200D008BD044BCC
:1061B0005B69002BFAD0F8F771FEF7E7480500207D
:1061C000BC04002010B594B008AC30220021204659
:1061D00000F025FE00230393049305930693079391
:1061E0000193224A116C41F080511164126C02F04B
:1061F00080520192019A02931D4B1A6842F4804228
:106200001A601B6803F480430293029B01230893E6
:106210004FF48033099302230E934FF480020F92C0
:10622000082210924FF4A872119212930423139330
:106230002046ECF788F990B90F23039302230493C7
:10624000002305934FF4A05306934FF48053079314
:10625000052103A8ECF7F0FB20B914B010BD00F045
:10626000BFF8E9E700F0BCF8F7E700BF00380240EC
:106270000070004000B587B001A9002301934B6076
:106280008B60CB600B610093094B1A6B42F02002CC
:106290001A631B6B03F020030093009B4FF4C06351
:1062A0000193012302930348EBF720FE07B000BDE2
:1062B000003802400014024008B50B480B4B036045
:1062C000532343600023836040F2E732C2600361DE
:1062D0008361ECF72DFF18B90348EDF76BF808BDA3
:1062E00000F07EF8F8E700BF4805002000140040E9
:1062F00008B50A480A4B03604FF4E13343600023BA
:106300008360C36003610C2242618361C361F4F75F
:10631000F7FE00B908BD00F063F8FBE700050020B8
:10632000001001400B4B1B680B4AA2FB03239B0C84
:106330000A4A13600A4AD2F8FC3043F08073C2F86C
:10634000FC30084B00225A601A6842F001021A60C1
:10635000704700BF0000002083DE1B43D4040020F0
:1063600000ED00E0001000E008B50F480F4B03609F
:106370000C234360002383604FF08072C2604FF4AF
:10638000002202614FF440124261037601224276FC
:106390008376C37602774277EAF79EF900B908BDA3
:1063A00000F01EF8FBE700BFD804002000640040A6
:1063B00008B5E9F7C1FFFFF705FFFFF75BFFFFF740
:1063C0007BFFFFF795FFFFF7CFFFFFF7ABFF08BDA0
:1063D00008B5FFF7EDFFFFF7BBFEFFF7D1FEFCE7C7
:1063E00072B6FEE702680E4B9A4200D0704700B5C5
:1063F00083B00022019203F50933196C41F02001AA
:1064000019641B6C03F020030193019B02213720C8
:10641000EBF725FC3720EBF73EFC03B000BD00BFD7
:106420000014004000B589B0002303930493059342
:1064300006930793026803F1804303F588339A4279
:1064400001D009B000BD0021019103F594335A6CCD
:1064500042F010025A645A6C02F010020192019A42
:1064600002911A6B42F001021A631B6B03F00103E5
:106470000293029B4FF4C06303930223049301230E
:106480000593032306930723079303A90148EBF71A
:106490002DFDD6E70000024010B588B0002303931D
:1064A00004930593069307930268254B9A4201D003
:1064B00008B010BD0024019403F5EA331A6C42F0D1
:1064C00000721A641A6C02F000720192019A02942E
:1064D0001A6B42F001021A631B6B03F00103029373
:1064E000029B4FF4C05303930223049303230693A8
:1064F0000923079303A91348EBF7F8FC224621462A
:106500001320EBF7ACFB1320EBF7C5FB224621462B
:106510001420EBF7A4FB1420EBF7BDFB2246214629
:106520001520EBF79CFB1520EBF7B5FB2246214627
:106530001620EBF794FB1620EBF7ADFBB8E700BF96
:1065400000640040000002407047FEE7FEE7FEE7FF
:10655000FEE7704708B5E9F77BFF08BD08B50248BC
:10656000F0F7F3FA08BD00BF4805002008B502485F
:10657000EAF702FF08BD00BFD804002008B50248B2
:10658000EAF7FAFE08BD00BFD804002008B50248AB
:10659000EAF7F2FE08BD00BFD804002008B50248A3
:1065A000EAF7EAFE08BD00BFD804002010B582B0AB
:1065B00004468DF807004FF0FF3301220DF107016B
:1065C0000248F4F765FF204602B010BD0005002028
:1065D00070B50E461546002406E0AFF30080314644
:1065E00001F8010B01340E46AC42F6DB284670BDC3
:1065F00070B50C461646002504E014F8010BFFF7B1
:10660000D5FF0135B542F8DB304670BD08B503460D
:106610000D4A0E490E48006840B10D480068034419
:10662000521A934208D80A4A136008BD0848DFF896
:1066300024C0C0F800C0F0E700F050FC0C23036059
:106640004FF0FF30F1E700BF00000220000400001F
:1066500090050020E00600204FF0FF3070474FF417
:1066600000534B60002070470120704700207047A6
:10667000DFF834D0E9F7D0FD0C480D490D4A00236E
:1066800002E0D458C4500433C4188C42F9D30A4AE7
:106690000A4C002301E013600432A242FBD300F055
:1066A00023FCFFF795FE7047000002200000002049
:1066B000480400203880010848040020E00600203B
:1066C000FEE70000024B0A460146186800F002B8D7
:1066D000F803002070B5A1FB026535B9314600F022
:1066E00037F8044628B9204670BD0C230360002407
:1066F000F9E73246294600F092FBF4E7024B0146E7
:10670000186800F027BC00BFF803002070B50F4CDC
:106710000E462168054611B900F0BEFB20603146E7
:10672000284600F0B9FB431C03D14FF0FF3420464C
:1067300070BDC41C24F00304A042F8D0211A2846DE
:1067400000F0AAFB0130F2D1EFE700BF9405002072
:106750002DE9F843CD1C25F0030508350C2D38BF75
:106760000C25002D064601DBA94204D90C23336019
:106770000020BDE8F883334F00F066F83B681C4604
:106780003CBB29463046FFF7C1FF431C044656D1A7
:106790003C68A046B8F1000F40D1002C49D02368D6
:1067A0004146304604EB030900F076FB814540D1B9
:1067B00021686D1A29463046FFF7A8FF013038D00E
:1067C00023682B4423603B685A685ABBC7F8008093
:1067D0000EE02268521B1ED40B2A16D96119A3425F
:1067E000256018BF5960636808BF396062514B600B
:1067F000304600F02FF804F10B00231D20F00700B5
:10680000C21A1CBF1B1AA350B3E76268A3420CBF95
:106810003A605A60ECE723466468B1E74446D8F82A
:106820000480B7E71A465B68A342FBD1002353609C
:10683000DEE70C233360304600F00CF898E7056083
:10684000D6E700BF98050020014800F072BB00BFEA
:10685000DC060020014800F06DBB00BFDC06002014
:10686000B1F90C202DE9F041160705460C4651D42C
:106870004B68002B02DC0B6C002B49DDE66A002E16
:1068800046D0002312F480522F682B6031D0626D05
:10689000A389590705D56368D21A636B0BB1236CC2
:1068A000D21A0023E66A216A2846B047421CB4F98E
:1068B0000C3006D129681D2945D8284ACA40D60778
:1068C00041D500226260D9042269226004D5421CAD
:1068D00001D12B6803B96065616B2F60C1B104F110
:1068E0004403994202D0284600F034FB002363633E
:1068F0000EE0216A01232846B0470246501CC7D14A
:106900002B68002BC4D01D2B01D0162B1AD12F6061
:1069100000201DE00F69002FFAD093070E6808BF12
:106920004B690F6018BF0023A6EB07088B60B8F116
:10693000000FEDDD216AA66A43463A462846B04775
:10694000002807DCA38943F04003A3814FF0FF3008
:10695000BDE8F0810744A8EB0008E8E7010040200B
:1069600038B50B6905460C4613B91D46284638BD97
:1069700018B1036A0BB900F0BDF8B4F90C30002B64
:10698000F3D0626ED00704D4990502D4A06D00F054
:10699000D0FA28462146FFF763FF636EDA07054603
:1069A000E4D4A3899B05E1D4A06D00F0C3FADDE730
:1069B000014620B9044A0549054800F0B3B8054B23
:1069C0001868FFF7CDBF00BFEC0300206169010824
:1069D000FC030020F8030020002310B50446C0E9A2
:1069E0000033C0E90433836081814366C2818361DF
:1069F000194608225C3000F012FA0D4B63620D4B11
:106A0000A3620D4BE3620D4B23630D4B24629C424A
:106A100006D003F16802944202D0D0339C4205D1E3
:106A200004F15800BDE8104000F082BA10BD00BF6C
:106A3000416C0108636C01089B6C0108C16C010882
:106A40009C050020024A0349034800F06BB800BFD0
:106A5000EC03002061690108FC03002041680C4B35
:106A6000994210B5044601D0FFF77AFFA168094B9F
:106A7000994202D02046FFF773FFE168064B994226
:106A800004D02046BDE81040FFF76ABF10BD00BF2C
:106A90009C050020040600206C06002010B50A4B5F
:106AA0000A4A1A600A4800220421FFF795FF0948A4
:106AB00001220921FFF790FFBDE81040064802229D
:106AC0001221FFF789BF00BFD4060020456A0108E4
:106AD0009C050020040600206C060020014800F000
:106AE00028BA00BFDD060020014800F023BA00BF2D
:106AF000DD06002010B50446FFF7F0FF236A1BB146
:106B0000BDE81040FFF7F0BF044B2362044B1B6845
:106B1000002BF5D1FFF7C2FFF2E700BF5D6A010865
:106B2000D40600202DE9F843804689461446002605
:106B3000D4E90175013F05D52468002CF8D1304611
:106B4000BDE8F883AB89012B07D9B5F90E300133C5
:106B500003D029464046C84706436835EAE70000A7
:106B60000FB407B5064904AB086853F8042B8168D5
:106B7000019300F063FA03B05DF804EB04B07047D2
:106B8000F8030020036A70B5846805460E460BB909
:106B9000FFF7B0FF636EDB0705D4A389980502D425
:106BA000A06D00F0C6F9A389190702D52369002B4F
:106BB00035D12146284600F0C5F880B34FF0FF35A7
:106BC000636EDA0705D4A3899B0502D4A06D00F09B
:106BD000B1F9284670BD002B04DAA269934217DB95
:106BE0000A2915D023685A1C22601970A36816F868
:106BF000011F013BA3600029EDD18B4211DA22462F
:106C00000A21284600F060F80130D7D00A25D7E7DE
:106C10002246284600F058F80130E7D1CEE7013E81
:106C2000E4E723685A1C22600A221A70EEE700008B
:106C3000024B01461868FFF7A5BF00BFF80300200C
:106C400010B50C46B1F90E1000F014F90028ABBFD6
:106C5000636DA3891B1823F48053ACBF6365A381C4
:106C600010BD2DE9F0411F468B89DB0505460C461A
:106C7000164605D5B1F90E100223002200F0E8F8FF
:106C8000A389B4F90E1023F48053A38132463B4606
:106C90002846BDE8F04100F00FB910B50C46B1F937
:106CA0000E1000F0D5F8B4F90C30421C0BBF23F4E1
:106CB000805343F48053A381A38118BF606510BD46
:106CC000B1F90E1000F0B4B8F8B505460F461446F9
:106CD00018B1036A0BB9FFF70DFFA369A360A3897D
:106CE0001A0701D5236943B92146284600F02AF83E
:106CF00018B14FF0FF363046F8BD23692068C01A3E
:106D00006369834205DC21462846FFF729FE0028F7
:106D1000EFD1A368013BA36023685A1C22601F7057
:106D2000636901308342FEB204D0A389DB07E2D558
:106D30000A2EE0D121462846FFF712FE0028DAD0BD
:106D4000D7E7000038B5284B054618680C4618B13F
:106D5000036A0BB9FFF7CEFEB4F90C30190720D443
:106D6000DA0607D409222A6043F04003A3814FF0DA
:106D7000FF3031E0580711D5616B41B104F1440394
:106D8000994202D0284600F0E5F800236363002210
:106D9000A38962602269226023F0240343F0080380
:106DA000A38123694BB9A38903F42073B3F5007F52
:106DB00003D02146284600F013FCB4F90C3013F040
:106DC00001020AD00022A26062695242A2612269D5
:106DD00042B913F08000C7D138BD990758BF626926
:106DE000A260F4E70020F7E7F8030020884210B51E
:106DF00001EB020402D98442234607D8431EA14274
:106E000007D011F8012B03F8012FF8E70244824262
:106E100000D110BD13F8011D02F8011DF7E702446F
:106E20000346934200D1704703F8011BF9E70000C5
:106E300038B5064C0023054608462360FFF70CFCD6
:106E4000431C02D1236803B12B6038BDD806002053
:106E500038B5074C054608461146002222601A46FE
:106E6000FFF704FC431C02D1236803B12B6038BD3B
:106E7000D806002038B5074C0546084611460022C2
:106E800022601A46FFF7A4FB431C02D1236803B11A
:106E90002B6038BDD806002038B5064C00230546C7
:106EA00008462360FFF7B2FB431C02D1236803B1FD
:106EB0002B6038BDD806002038B5074C054608467B
:106EC0001146002222601A46FFF792FB431C02D1B2
:106ED000236803B12B6038BDD8060020014B186829
:106EE000704700BFF803002070B50D4B0D4C002615
:106EF0001D1BB6EBA50F09D100F0CEFB0A4C0B4BC6
:106F000000261D1BB6EBA50F05D170BD54F8043B40
:106F100098470136EDE754F8043B98470136F1E70E
:106F20003080010830800108308001083480010879
:106F30007047704770470A44914200F1FF3300D117
:106F4000704710B511F8014B03F8014F9142F9D188
:106F500010BD000037B5002944D051F8043C019021
:106F6000002BA1F10404B8BFE418FFF76DFC1E4A22
:106F70000198136833B96360146003B0BDE8304012
:106F8000FFF768BCA34208D9256861198B4201BF8D
:106F900019685B6849192160EDE71A465B680BB117
:106FA000A342FAD911685518A5420BD1246821448F
:106FB0005418A3421160E0D11C685B6853600C4414
:106FC0001460DAE702D90C230360D6E7256861195B
:106FD0008B4204BF19685B68636004BF4919216074
:106FE0005460CAE703B030BD980500209368013BA8
:106FF000002B10B4936007DA9469A34201DB0A29DD
:1070000002D110BCFFF760BE1368581C10601970E5
:10701000084610BC7047F8B506460F461446D5180A
:10702000AC4201D1002007E014F8011B3A4630467B
:10703000FFF7DCFF431CF3D1F8BD00002DE9F04F52
:1070400080469DB00D4614461E4618B1036A0BB922
:10705000FFF750FD6B6ED90705D4AB899A0502D4B2
:10706000A86DFFF766FFAB891B0701D52B699BB99C
:1070700029464046FFF766FE70B16B6EDC0704D50B
:107080004FF0FF301DB0BDE8F08FAB899805F7D405
:10709000A86DFFF74FFFF3E70023099320238DF836
:1070A0002930DFF8A091039630238DF82A304FF075
:1070B000010A23461A781E461AB1252A03F1010354
:1070C000F8D1B6EB040B0BD05B462246294640466E
:1070D000FFF7A1FF013000F09C80099A5A44099201
:1070E0003378002B00F0958000234FF0FF32CDE97C
:1070F00005230136049307938DF853301A933446D1
:10710000504814F8011B0522FEF7D2FF049BB0B9CA
:10711000D90644BF20228DF853201A0744BF2B22E2
:107120008DF8532032782A2A11D0079A00210A209C
:107130003378303B092B344648D971B914E0A0EBC1
:1071400009000AFA00F0184304902646D7E7039A8C
:10715000111D12680391002A01DB079204E05242DC
:1071600043F002030792049323782E2B0AD163780D
:107170002A2B30D1039B1A1D1B68039243EAE37349
:1071800002340593304E217803223046FEF790FFFB
:1071900030B1049B801B402282401343013404938E
:1071A00021782A488DF828100622FEF781FF002852
:1071B0003ED0274B13BB039B073323F00703083351
:1071C0000393099B3B440134099372E7013600FBAA
:1071D00002320121ACE700230593611C18460A2600
:1071E0000A78303A092A0C4603D9002BCAD00590F8
:1071F000C8E7013106FB00200123F1E703AB009350
:107200002A46144B04A94046AFF300800746781C79
:10721000D7D16B6ED90705D4AB899A0502D4A86D76
:10722000FFF788FEAB895B063FF52AAF099829E78F
:1072300003AB00932A46074B04A9404600F082F8AE
:10724000E4E700BFF57F0108FB7F0108FF7F01082D
:1072500000000000177001082DE9F047914698469C
:107260008A680B69089E9342B8BF1346C9F800307C
:1072700091F8432007460C4612B10133C9F800309B
:107280002368990642BFD9F800300233C9F80030AC
:10729000256815F0060507D104F1190AE368D9F845
:1072A00000209B1AAB4229DC94F843302268003B53
:1072B00018BF012392062ED404F1430241463846FA
:1072C000B047013021D02368A168226903F006038A
:1072D000042B01BFE568D9F80030ED1A25EAE57501
:1072E00018BF00258B1A2B449142C8BF1D464FF092
:1072F00000091A344D451AD1002008E001235246F6
:1073000041463846B047013003D14FF0FF30BDE869
:10731000F0870135C2E7E1185A1C302081F843009C
:10732000224494F8451082F843100233C4E7012345
:10733000224641463846B0470130E6D009F10109FE
:10734000D8E700002DE9F04398460B7E85B0782BF6
:10735000174606460C9A0C4609D8622B01F14301E8
:1073600008D8002B00F0DC80582B00F0BD8004F121
:10737000420539E0A3F163001528F8D801A555F8B6
:1073800020F000BFDD730108F17301086F7301087D
:107390006F7301086F7301086F730108F1730108BF
:1073A0006F7301086F7301086F7301086F73010831
:1073B000017501081D740108AF7401086F7301089D
:1073C0006F730108297501086F7301081D740108A6
:1073D0006F7301086F730108B77401081368191DF2
:1073E0001B68116004F1420584F842300123A8E0D3
:1073F00013682568181D1060280601D51B6803E076
:107400006A06FBD5B3F90030002B03DA2D225B426C
:1074100084F84320DFF878C10A2213E02568106859
:1074200015F0800F50F8043B02D16D0648BF9BB2A7
:107430001060227EDFF858C16F2A5DD1082200203B
:1074400084F843006568A560002D05DB20681D43B6
:1074500020F00400206051D00D46B3FBF2F002FB97
:10746000103E9A421CF80EE005F801ED0346F4D9EF
:10747000082A0BD12368DA0708D5236962689A4283
:10748000DEBF302305F8013C05F1FF35491B2161C2
:10749000CDF800803B4603AA21463046FFF7DCFECC
:1074A000013053D14FF0FF3005B0BDE8F0832368C1
:1074B00043F020032360DFF8DCC0782384F84530F4
:1074C0002068156810F0800F55F8043B03D110F0C8
:1074D000400F18BF9BB21560C50744BF40F02000A5
:1074E000206023B11022AAE7DFF8A4C0E6E72268F3
:1074F00022F020022260F5E70A22A0E70D46B7E756
:107500001368D4F800C060691D1D15601CF0800F61
:107510001B6801D0186003E01CF0400FFAD01880FF
:10752000002323610D46B3E71368191D11601D6820
:10753000626800212846FEF7BBFD08B1401B606071
:1075400063682361002384F84330A1E723692A4656
:1075500039463046C0470130A4D023689B0714D475
:10756000E068039B9842B8BF18469DE7012304F1E9
:10757000190239463046C047013093D00135E368DF
:1075800003995B1AAB42F1DCEAE70025F7E700BF9D
:10759000068001081780010870B50E46B1F90E107B
:1075A000002996B014461D460ADAB28912F080020C
:1075B00013D14FF4806100202A60216016B070BDA5
:1075C0006A4600F047F80028EFDB019A02F47042A7
:1075D000A2F500535A425A41EBE700224021EAE764
:1075E0008B8973B59E0705460C4607D504F1470302
:1075F000236023610123636102B070BD01AB6A4661
:10760000FFF7CAFF009E28463146FFF7A1F8B4F9FC
:107610000C3038B99A05EFD423F0030343F002038A
:10762000A381E3E743F08003A381019B2060C4E9C9
:107630000406002BE0D0B4F90E10284600F01CF828
:107640000028D9D0A38923F0030343F00103A381C9
:10765000D2E7000038B5074C00230546084611461E
:107660002360FEF7FCFF431C02D1236803B12B60AB
:1076700038BD00BFD806002038B5064C00230546AB
:1076800008462360FEF7F0FF431C02D1236803B1D4
:107690002B6038BDD8060020F8B500BFF8BC08BC88
:1076A0009E467047F8B500BFF8BC08BC9E467047C0
:1076B00000000000000000000102030406070809A2
:1076C0000000000001020304000610160006101658
:1076D000E8032003F401FA007D00000032001400EA
:1076E0000A0000004572726F723A2043616E27747F
:1076F00020616C6C6F63617465206D656D6F72796C
:1077000000000000416C6C6F636174656420256C3F
:107710007520627974657320666F722043414E6FE5
:1077200070656E206F626A656374730A0000000002
:1077300043414E6F70656E4E6F6465202D2052651B
:1077400073657420636F6D6D756E69636174696FC5
:107750006E2E2E2E000000004572726F723A20438A
:10776000414E20696E697469616C697A6174696FF0
:107770006E206661696C65643A2025640A00000029
:107780004572726F723A204C535320736C61766568
:1077900020696E697469616C697A6174696F6E20C1
:1077A0006661696C65643A2025640A004572726FEF
:1077B000723A204F626A6563742044696374696F2A
:1077C0006E61727920656E747279203078256C78DC
:1077D0000A0000004572726F723A2043414E6F708A
:1077E000656E20696E697469616C697A6174696F2C
:1077F0006E206661696C65643A2025640A000000A9
:107800004572726F723A2050444F20696E697469F4
:10781000616C697A6174696F6E206661696C656418
:107820003A2025640A00000043414E6F70656E4E99
:107830006F6465202D204E6F64652D6964206E6F26
:107840007420696E697469616C697A65640000000E
:1078500043414E6F70656E4E6F6465202D205275EA
:107860006E6E696E672E2E2E0000000043414E6F33
:1078700070656E4E6F646520526573657420436F4A
:107880006D6D756E69636174696F6E207265717577
:107890006573740043414E6F70656E4E6F64652072
:1078A0004465766963652052657365740000000065
:1078B0000C00002041000000040000000402002031
:1078C00005000000010000000000000000000000B2
:1078D000034100000400000004000000100000202C
:1078E00043000000040000001400002043000000DA
:1078F0000400000018000020430000000400000005
:1079000005020020080200200143000004000000DE
:1079100004000000180200201C02002001430000A7
:1079200004000000040000001C00002043000000D0
:1079300004000000200000204300000004000000BC
:107940002400002043000000020000002600002068
:107950002800002001430000040000000400000093
:107960004800002043000000020000004C000020FE
:107970000001000001000000500000200141000053
:107980000400000054000020024100000400000038
:107990005800002003410000040000005C000020AB
:1079A000044100000400000060000020030000000B
:1079B000010000002C020020000100000100000076
:1079C00030020020014500000400000034020020C5
:1079D00002450000040000006400002000010000D7
:1079E0000100000068000020014F000004000000BA
:1079F0006C000020024F0000040000007000002016
:107A000003030000010000007400002000010000DA
:107A10000100000078000020014300000400000085
:107A20007C00002002030000010000007E00002016
:107A3000054300000200000080000020000100005B
:107A40000100000084000020014300000400000049
:107A50008800002002030000010000008A000020CE
:107A600005430000020000008C000020000100001F
:107A7000010000009000002001430000040000000D
:107A80009400002002030000010000009600002086
:107A900005430000020000009800002000010000E3
:107AA000010000009C0000200143000004000000D1
:107AB000A00000200203000001000000A20000203E
:107AC0000543000002000000A400002000030000A5
:107AD00001000000A8000020014300000400000095
:107AE000AC0000200243000004000000B0000020B1
:107AF0000343000004000000B40000200443000021
:107B000004000000B800002005430000040000004D
:107B1000BC0000200643000004000000C00000205C
:107B20000743000004000000C400002008430000D8
:107B300004000000C8000020000300000100000055
:107B4000CC0000200143000004000000D000002011
:107B50000243000004000000D400002003430000A2
:107B600004000000D80000200443000004000000CE
:107B7000DC0000200543000004000000E0000020BD
:107B80000643000004000000E4000020074300005A
:107B900004000000E800002008430000040000008A
:107BA000EC0000200003000001000000F0000020B5
:107BB0000143000004000000F40000200243000024
:107BC00004000000F800002003430000040000004F
:107BD000FC0000200443000004000000000100201D
:107BE00005430000040000000401002006430000DB
:107BF000040000000801002007430000040000000A
:107C00000C010020084300000400000010010020C7
:107C100000030000010000001401002001430000E7
:107C200004000000180100200243000004000000CE
:107C30001C0100200343000004000000200100207C
:107C4000044300000400000024010020054300005C
:107C5000040000002801002006430000040000008A
:107C60002C01002007430000040000003001002028
:107C7000084300000400000034010020000100005F
:107C80000100000038010020014300000400000052
:107C90003C01002002030000010000003E01002022
:107CA00003430000020000004001002005430000E3
:107CB0000200000042010020060300000100000055
:107CC00044010020000100000100000048010020E4
:107CD00001430000040000004C01002002030000EA
:107CE000010000004E0100200343000002000000DC
:107CF0005001002005430000020000005201002056
:107D000006030000010000005401002000010000F3
:107D100001000000580100200143000004000000A1
:107D20005C01002002030000010000005E01002051
:107D30000343000002000000600100200543000032
:107D400002000000620100200603000001000000A4
:107D50006401002000010000010000006801002013
:107D600001430000040000006C0100200203000039
:107D7000010000006E01002003430000020000002B
:107D80007001002005430000020000007201002085
:107D90000603000001000000740100200003000041
:107DA00001000000780100200143000004000000F1
:107DB0007C0100200243000004000000800100203C
:107DC000034300000400000084010020044300007D
:107DD00004000000880100200543000004000000AA
:107DE0008C010020064300000400000090010020E8
:107DF0000743000004000000940100200843000035
:107E000004000000980100200003000001000000B1
:107E10009C0100200143000004000000A00100209C
:107E20000243000004000000A401002003430000FE
:107E300004000000A801002004430000040000002A
:107E4000AC0100200543000004000000B001002048
:107E50000643000004000000B401002007430000B6
:107E600004000000B80100200843000004000000E6
:107E7000BC0100200003000001000000C001002040
:107E80000143000004000000C40100200243000080
:107E900004000000C80100200343000004000000AB
:107EA000CC0100200443000004000000D0010020A9
:107EB0000543000004000000D40100200643000038
:107EC00004000000D8010020074300000400000067
:107ED000DC0100200843000004000000E001002055
:107EE0000003000001000000E40100200143000045
:107EF00004000000E801002002430000040000002C
:107F0000EC0100200343000004000000F001002009
:107F10000443000004000000F401002005430000B9
:107F200004000000F80100200643000004000000E7
:107F3000FC010020074300000400000000020020B4
:107F40000843000004000000380200204B0000003D
:107F50000400000000000000050004050000010608
:107F600001000106020001060000020641000406AD
:107F7000420004064300040647000406000006060B
:107F80001000070612000706130007061100090675
:107F900030000906310009063200090636000906DC
:107FA00023000A0600000008200000082100000845
:107FB000220000082300000824000008E803200332
:107FC000F401FA007D000000320014000A000000F5
:107FD000555341525431207072696E7466204F4B74
:107FE0003A20626175643D3131353230302C2038B1
:107FF0004E310D0A00232D302B2000686C4C00659B
:1080000066674546470030313233343536373839C4
:1080100041424344454600303132333435363738F7
:088020003961626364656600CA
:0880280048DDFF7F01000000AC
:04803000F90100084A
:04803400D10100086E
:108038000024F4001000000001000000000000000F
:1080480080000000000000000000000000010000A7
:108058008000000000000800000000000000000090
:108068000000000000000000000000000000000008
:108078000000000000000000E80300000400000009
:1080880000000000000000000000000000000000E8
:1080980000000000030000000000008000000080D5
:1080A800010000000500000000020080FE00000042
:1080B8000500000000030080FE000000050000002D
:1080C80000040080FE00000005000000000500809C
:1080D800FE0000000000000000000000000000009A
:1080E8000000000000000000000000000000000088
:1080F8000000000000000000000000000000000078
:108108000000000000000000000000000000000067
:108118000000000000000000000000000000000057
:108128000000000000000000000000000000000047
:108138000000000000000000000000000000000037
:108148000000000000000000000000000000000027
:108158000000000000000000000000000000000017
:108168000000000006000000800100C0FE000000C2
:108178000000000006000000800200C0FE000000B1
:108188000000000006000000800300C0FE000000A0
:108198000000000006000000800400C0FE0000008F
:1081A80000000000000000000000000000000000C7
:1081B80000000000000000000000000000000000B7
:1081C80000000000000000000000000000000000A7
:1081D8000000000000000000000000000000000097
:1081E8000000000000000000000000000000000087
:1081F8000000000000000000000000000000000077
:108208000000000000000000000000000000000066
:108218000000000000000000000000000000000056
:108228000000000000000000000000000000000046
:108238000000000000040000010000000100000030
:10824800010000000100000004000000010000001F
:108258000100000001000000010000000200000011
:108268000006000080050000000000000010010169
:10827800B07801080000000001100101BC78010875
:108288000000000003101102C87801080000000077
:1082980005100101DC78010800000000061001014A
:1082A800E87801080000000007100101F4780108CF
:1082B800000000001010050200790108000000000D
:1082C80011100502147901080000000012100101C4
:1082D8002879010800000000141001013479010810
:1082E800000000001510010140790108000000009D
:1082F800161009024C79010800000000171001014E
:108308006079010800000000181005036C79010865
:108318000000000019100101A87901080000000000
:1083280000120303B479010800000000801204035E
:10833800D87901080000000000140403087A010835
:108348000000000001140403387A0108000000004E
:1083580002140403687A01080000000003140403EF
:10836800987A01080000000000160903C87A01087D
:108378000000000001160903347B0108000000001A
:1083880002160903A07B0108000000000316090378
:108398000C7C01080000000000180603787C010826
:1083A8000000000001180603C07C0108000000005E
:1083B80002180603087D01080000000003180603E0
:1083C800507D010800000000001A0903987D01088B
:1083D80000000000011A0903047E010800000000E3
:1083E800021A0903707E010800000000031A09033D
:1083F800DC7E01080000000000600101487F0108E0
:108408000000000000000000000000000000000064
:10841800220000003C020020E003002000000000D1
:10842800030000009C050020FC0300200000000061
:108438009C050020040600206C06002000000000B7
:108448000000000000000000000000000000000024
:108458000000000000000000000000000000000014
:108468000000000000000000000000000000000004
:088478000000000000000000FC
:040000050801667117
:00000001FF
