:020000040800F2
:1000000000000220C1B100089DB100089FB10008A6
:10001000A1B10008A3B10008A5B1000800000000CC
:1000200000000000000000000000000011B2000805
:10003000A7B100080000000011B20008A9B1000833
:1000400011B2000811B2000811B2000811B2000884
:1000500011B2000811B2000811B2000811B2000874
:1000600011B2000811B2000811B2000811B2000864
:1000700011B2000811B2000811B2000811B2000854
:1000800011B2000811B2000811B2000811B2000844
:1000900011B2000811B2000811B2000811B2000834
:1000A00011B2000811B2000811B2000811B2000824
:1000B00011B2000811B2000811B2000811B2000814
:1000C00011B2000811B2000811B2000811B2000804
:1000D00011B2000811B2000811B2000811B20008F4
:1000E00011B2000811B2000811B2000811B20008E4
:1000F00011B2000811B2000811B2000811B20008D4
:1001000011B2000811B2000811B2000811B20008C3
:1001100011B2000811B2000811B20008B1B1000814
:1001200011B2000811B2000811B2000811B20008A3
:1001300011B2000811B2000811B2000811B2000893
:1001400011B2000811B2000811B2000811B2000883
:1001500011B2000811B2000811B2000811B2000873
:1001600011B2000811B2000811B2000811B2000863
:1001700011B2000811B2000811B20008000000001E
:0801800011B2000811B20008E1
:100188000348044B834202D0034B03B1184770471E
:100198000C0000200C000020000000000548064B61
:1001A8001B1AD90F01EBA301491002D0034B03B16D
:1001B800184770470C0000200C00002000000000C9
:1001C80010B5064C237843B9FFF7DAFF044B13B197
:1001D8000448AFF300800123237010BD0C000020F9
:1001E800000000006CB2000808B5044B1BB10449BC
:1001F8000448AFF30080BDE80840CFE700000000E6
:10020800100000206CB2000880B400AF054BD3F892
:100218008830044A43F47003C2F8883000BFBD46F2
:1002280080BC704700ED00E080B487B000AF0023C9
:100238003B6100237B610223FB600023BB60022338
:100248007B60344B9B6803F00C033B613B69082BD4
:1002580011D03B69082B44D83B69002B03D03B697C
:10026800042B04D03DE02C4B2C4A1A603DE02A4B6D
:100278002B4A1A6039E0274B5B689B0D03F001039A
:10028800BB60244B5B6803F03F037B60BB68002BBB
:100298000CD0234A7B68B2FBF3F31E4A52689209DA
:1002A800C2F3080202FB03F37B610BE01B4A7B6885
:1002B800B2FBF3F3174A52689209C2F3080202FB31
:1002C80003F37B61134B5B681B0C03F003030133DF
:1002D8005B00FB607A69FB68B2FBF3F30E4A1360BC
:1002E80003E00D4B0D4A1A6000BF0A4B9B681B09BF
:1002F80003F00F030B4AD35C3B61074B1A683B6959
:1003080022FA03F3044A136000BF1C37BD4680BCC1
:10031800704700BF00380240000000200024F400AD
:1003280000127A0084B2000880B500AF0E4B1B683B
:100338000D4A43F4007313600B4B1B680A4A43F4DD
:1003480080631360084B1B68074A43F4807313608B
:10035800032000F0A1FB0F2000F042F800F034F871
:100368000023184680BD00BF003C024080B500AFA6
:10037800114B124A1A62104B00221A620E4B104A95
:100388005A620D4B00225A620B4B0E4A1A610A4BF5
:1003980000221A61084BC1225A61074B00225A6198
:1003A800054B01229A61044B00229A6100F012F871
:1003B8000023184680BD00BF00380240FFC9FEF682
:1003C80033797704FF11602280B400AF00BFBD46C7
:1003D80080BC704780B400AF00BFBD4680BC70478A
:1003E80080B582B000AF7860124B1A68124B1B7848
:1003F80019464FF47A73B3FBF1F3B2FBF3F31846E3
:1004080000F091FB0346002B01D001230EE07B682E
:100418000F2B0AD8002279684FF0FF3000F047FB15
:10042800064A7B681360002300E00123184608375A
:10043800BD4680BD00000020080000200400002008
:1004480080B400AF054B1B781A46054B1B68134454
:10045800034A136000BFBD4680BC704708000020F7
:100468002800002080B400AF024B1B681846BD4628
:1004780080BC70472800002080B400AF024B1B6886
:100488001846BD4680BC70470400002080B584B083
:1004980000AF0346FB710023FB730E4B1B78FA7900
:1004A8009A4212D00B4B1B78BB730A4AFB79137024
:1004B800094B1B681846FFF793FF0346FB73FB7B4A
:1004C800002B02D0034ABB7B1370FB7B1846103706
:1004D800BD4680BD080000200400002080B400AFA5
:1004E800024B1B781846BD4680BC704708000020A8
:1004F80080B584B000AF7860FFF7B4FFB8607B6860
:10050800FB60FB68B3F1FF3F05D00A4B1B781A4626
:10051800FB681344FB6000BFFFF7A4FF0246BB68FB
:10052800D31AFA689A42F7D800BF00BF1037BD4601
:1005380080BD00BF0800002080B400AF044B1B68DA
:10054800034A23F00203136000BFBD4680BC704716
:1005580010E000E080B400AF044B1B68034A43F08E
:100568000203136000BFBD4680BC704710E000E086
:1005780080B400AF024B1846BD4680BC704700BF30
:100588000002080180B400AF034B1B681B0C18461F
:10059800BD4680BC704700BF002004E080B400AFB7
:1005A800034B1B68C3F30B031846BD4680BC70475A
:1005B800002004E080B400AF044B5B68034A43F0BA
:1005C8000103536000BFBD4680BC7047002004E0B3
:1005D80080B400AF044B5B68034A23F00103536007
:1005E80000BFBD4680BC7047002004E080B400AF67
:1005F800044B5B68034A43F00203536000BFBD46E7
:1006080080BC7047002004E080B400AF044B5B68F6
:10061800034A23F00203536000BFBD4680BC704705
:10062800002004E080B400AF044B5B68034A43F049
:100638000403536000BFBD4680BC7047002004E03F
:1006480080B400AF044B5B68034A23F00403536093
:1006580000BFBD4680BC7047002004E080B400AFF6
:10066800034B01221A6000BFBD4680BC704700BF23
:100678000004274280B400AF034B00221A6000BF79
:10068800BD4680BC704700BF0004274280B400AF5D
:10069800024B1B681846BD4680BC7047107AFF1F86
:1006A80080B400AF024B1B681846BD4680BC70473B
:1006B800147AFF1F80B400AF024B1B681846BD4672
:1006C80080BC7047187AFF1F80B485B000AF78608F
:1006D8007B6803F00703FB600C4BDB68BB60BA6800
:1006E8004FF6FF031340BB60FB681A02BB68134355
:1006F80043F0BF6343F40033BB60044ABB68D36074
:1007080000BF1437BD4680BC704700BF00ED00E055
:1007180080B400AF044BDB681B0A03F007031846DC
:10072800BD4680BC704700BF00ED00E080B483B0D8
:1007380000AF0346FB7197F90730002B0BDBFB7901
:1007480003F01F02064997F907305B09012000FAF8
:1007580002F241F8232000BF0C37BD4680BC704729
:1007680000E100E080B483B000AF0346FB7197F965
:100778000730002B12DBFB7903F01F020A4997F9B7
:1007880007305B09012000FA02F2203341F82320E8
:10079800BFF34F8F00BFBFF36F8F00BF00BF0C3791
:1007A800BD4680BC704700BF00E100E080B483B064
:1007B80000AF0346FB7197F90730002B0EDB0A4A9E
:1007C80097F907305B09403352F82320FB7903F08F
:1007D8001F0322FA03F303F0010300E00023184685
:1007E8000C37BD4680BC704700E100E080B483B0A0
:1007F80000AF0346FB7197F90730002B0CDBFB7940
:1008080003F01F02074997F907305B09012000FA36
:1008180002F2403341F8232000BF0C37BD4680BCAC
:10082800704700BF00E100E080B483B000AF03462A
:10083800FB7197F90730002B0CDBFB7903F01F02E3
:10084800074997F907305B09012000FA02F2603383
:1008580041F8232000BF0C37BD4680BC704700BF5D
:1008680000E100E080B483B000AF0346FB7197F964
:100878000730002B0EDB0A4A97F907305B098033F3
:1008880052F82320FB7903F01F0322FA03F303F045
:10089800010300E0002318460C37BD4680BC7047B2
:1008A80000E100E080B483B000AF03463960FB711B
:1008B80097F90730002B0ADB3B68DAB20C4997F945
:1008C80007301201D2B20B4483F800230AE03B68D8
:1008D800DAB20849FB7903F00F03043B1201D2B2E4
:1008E8000B441A7600BF0C37BD4680BC704700BF6A
:1008F80000E100E000ED00E080B483B000AF034603
:10090800FB7197F90730002B09DB0C4A97F9073080
:10091800134493F80033DBB21B09DBB209E0084A41
:10092800FB7903F00F03043B13441B7EDBB21B0966
:10093800DBB218460C37BD4680BC704700E100E0CA
:1009480000ED00E080B489B000AFF860B9607A606B
:10095800FB6803F007037B617B69033B042B04D826
:100968007B69C3F10703FB6101E00423FB617B6939
:100978000433062B03D97B69033BBB6101E00023E9
:10098800BB614FF0FF32FB6902FA03F3DA43BB683D
:100998001A40BB699A404FF0FF31BB6901FA03F373
:1009A800D9437B680B40134318462437BD4680BCA7
:1009B800704780B489B000AFF860B9607A603B6076
:1009C800BB6803F007037B617B69033B042B04D8F6
:1009D8007B69C3F10703FB6101E00423FB617B69C9
:1009E8000433062B03D97B69033BBB6101E0002379
:1009F800BB61FA68BB69DA404FF0FF31FB6901FA65
:100A080003F3DB431A407B681A604FF0FF32BB697F
:100A180002FA03F3DA43FB681A403B681A6000BF26
:100A28002437BD4680BC704780B400AFBFF34F8FFA
:100A380000BF064BDB6803F4E0620449044B134330
:100A4800CB60BFF34F8F00BF00BFFDE700ED00E0B4
:100A58000400FA0580B582B000AF78607B68013B7E
:100A6800B3F1807F01D301230FE00A4A7B68013B81
:100A780053600F214FF0FF30FFF714FF054B0022A2
:100A88009A60044B07221A60002318460837BD46AF
:100A980080BD00BF10E000E080B582B000AF786094
:100AA8007868FFF711FE00BF0837BD4680BD80B5E6
:100AB80086B000AF0346B9607A60FB7300237B61A0
:100AC800FFF726FE78617A68B9687869FFF73AFF18
:100AD800024697F90F3011461846FFF7E3FE00BFAC
:100AE8001837BD4680BD80B582B000AF0346FB71A4
:100AF80097F907301846FFF719FE00BF0837BD46BB
:100B080080BD80B582B000AF0346FB7197F907300E
:100B18001846FFF727FE00BF0837BD4680BD80B5E1
:100B280000AFFFF781FF80B582B000AF78607868CA
:100B3800FFF790FF034618460837BD4680BD80B4CE
:100B480000AFBFF35F8F00BF064B5B6A054A23F413
:100B580080335362044B00225A6000BFBD4680BCFC
:100B6800704700BF00ED00E090ED00E080B483B076
:100B780000AF78600A4A7B6843F001035360094B71
:100B88005B6A084A43F480335362BFF34F8F00BF58
:100B9800BFF36F8F00BF00BF0C37BD4680BC7047E6
:100BA80090ED00E000ED00E080B483B000AF786025
:100BB8007B685A781D4B9A607B681B78002B29D07C
:100BC8001A4A7B685B68D3607B681B7B1A077B6863
:100BD800DB7A1B061A437B689B7ADB041A437B6823
:100BE8005B7B9B041A437B689B7B5B041A437B6893
:100BF800DB7B1B041A437B685B7A1B021A437B6806
:100C08001B7A5B0013437A6812781146074A0B4334
:100C1800136105E0054B0022DA60044B00221A61DB
:100C280000BF0C37BD4680BC704700BF90ED00E0A8
:100C380080B400AF40BF20BF00BFBD4680BC704736
:100C480080B500AFFFF764FD0346184680BD80B548
:100C580084B000AFB9607A603B600346FB7397F9D4
:100C68000F301846FFF748FE3B687A68B968FFF707
:100C7800A0FE00BF1037BD4680BD80B582B000AF72
:100C88000346FB7197F907301846FFF7AFFD00BF21
:100C98000837BD4680BD80B582B000AF0346FB7102
:100CA80097F907301846FFF781FD034618460837BD
:100CB800BD4680BD80B582B000AF0346FB7197F991
:100CC80007301846FFF7B0FD00BF0837BD4680BDA6
:100CD80080B582B000AF0346FB7197F9073018461C
:100CE800FFF7C0FD034618460837BD4680BD80B4EF
:100CF80083B000AF78607B68042B06D1084B1B6873
:100D0800074A43F00403136005E0054B1B68044AD7
:100D180023F00403136000BF0C37BD4680BC704746
:100D280010E000E080B500AF00F002F800BF80BD21
:100D380080B400AF00BFBD4680BC704780B489B0A6
:100D480000AF7860396000237B6100233B6100239A
:100D5800BB610023FB616BE10122FB6902FA03F32B
:100D68007B613B681B687A6913403B613A697B6920
:100D78009A4240F05A813B685B6803F00303012BF9
:100D880005D03B685B6803F00303022B30D17B6816
:100D98009B68BB61FB695B00032202FA03F3DB4338
:100DA800BA691340BB613B68DA68FB695B0002FA09
:100DB80003F3BA691343BB617B68BA699A607B68BD
:100DC8005B68BB610122FB6902FA03F3DB43BA6982
:100DD8001340BB613B685B681B0903F00102FB69B8
:100DE80002FA03F3BA691343BB617B68BA695A60B4
:100DF8003B685B6803F00303032B17D07B68DB6851
:100E0800BB61FB695B00032202FA03F3DB43BA69A7
:100E18001340BB613B689A68FB695B0002FA03F305
:100E2800BA691343BB617B68BA69DA603B685B687F
:100E380003F00303022B23D1FB69DA087B6808322D
:100E480053F82230BB61FB6903F007039B000F22B4
:100E580002FA03F3DB43BA691340BB613B681A69C2
:100E6800FB6903F007039B0002FA03F3BA69134313
:100E7800BB61FB69DA087B680832B96943F822105C
:100E88007B681B68BB61FB695B00032202FA03F302
:100E9800DB43BA691340BB613B685B6803F003023C
:100EA800FB695B0002FA03F3BA691343BB617B6811
:100EB800BA691A603B685B6803F44033002B00F0A2
:100EC800B4800023FB605F4B5B6C5E4A43F4804355
:100ED80053645C4B5B6C03F48043FB60FB685A4AC9
:100EE800FB699B08023352F82330BB61FB6903F0AE
:100EF80003039B000F2202FA03F3DB43BA69134092
:100F0800BB617B68514A93422BD07B68504A93421D
:100F180025D07B684F4A93421FD07B684E4A934244
:100F280019D07B684D4A934213D07B684C4A934250
:100F38000DD07B684B4A934207D07B684A4A93425C
:100F480001D107230EE008230CE006230AE005235D
:100F580008E0042306E0032304E0022302E001235F
:100F680000E00023FA6902F0030292009340BA6994
:100F78001343BB613449FB699B080233BA6941F8E2
:100F880023203A4B9B68BB613B69DB43BA6913403A
:100F9800BB613B685B6803F48013002B03D0BA691C
:100FA8003B691343BB61314ABB6993602F4BDB68D4
:100FB800BB613B69DB43BA691340BB613B685B6853
:100FC80003F40013002B03D0BA693B691343BB61D8
:100FD800264ABB69D360254B5B68BB613B69DB4331
:100FE800BA691340BB613B685B6803F40033002BAC
:100FF80003D0BA693B691343BB611C4ABB695360A0
:101008001A4B1B68BB613B69DB43BA691340BB6180
:101018003B685B6803F48033002B03D0BA693B69F3
:101028001343BB61114ABB691360FB690133FB6160
:10103800FB690F2B7FF690AE00BF00BF2437BD467B
:1010480080BC704700380240003801400000024070
:101058000004024000080240000C02400010024058
:101068000014024000180240001C0240003C0140ED
:1010780080B487B000AF7860396000233B610023FB
:10108800FB600023BB6000237B61CDE001227B690C
:1010980002FA03F33B613A683B691340FB60FA6864
:1010A8003B699A4240F0BD80644A7B699B080233E1
:1010B80052F82330BB607B6903F003039B000F22C7
:1010C80002FA03F3BA681340BB607B685C4A934238
:1010D8002BD07B685B4A934225D07B685A4A93425F
:1010E8001FD07B68594A934219D07B68584A93426B
:1010F80013D07B68574A93420DD07B68564A934277
:1011080007D07B68554A934201D107230EE0082394
:101118000CE006230AE0052308E0042306E0032385
:1011280004E0022302E0012300E000237A6902F0D0
:10113800030292009340BA689A4232D1484B1A6827
:10114800FB68DB43464913400B60454B5A68FB6814
:10115800DB43434913404B60414BDA68FB68DB4390
:101168003F491340CB603E4B9A68FB68DB433C49E0
:1011780013408B607B6903F003039B000F2202FA84
:1011880003F3BB602D4A7B699B08023352F8231096
:10119800BB68DA4329487B699B080A40023340F858
:1011A80023207B681A687B695B00032101FA03F33B
:1011B800DB431A407B681A607B69DA087B6808326F
:1011C80053F822107B6903F007039B000F2202FAF1
:1011D80003F3DB437A69D20819407B68083243F885
:1011E80022107B68DA687B695B00032101FA03F34C
:1011F800DB431A407B68DA607B685A6801217B69A7
:1012080001FA03F3DB431A407B685A607B689A68EB
:101218007B695B00032101FA03F3DB431A407B6817
:101228009A607B6901337B617B690F2B7FF62EAF58
:1012380000BF00BF1C37BD4680BC70470038014066
:10124800000002400004024000080240000C024076
:10125800001002400014024000180240001C024026
:10126800003C014080B485B000AF78600B467B80BD
:101278007B681A697B881340002B02D00123FB731B
:1012880001E00023FB73FB7B18461437BD4680BC86
:10129800704780B483B000AF78600B467B801346FC
:1012A8007B707B78002B03D07A887B689A6103E097
:1012B8007B881A047B689A6100BF0C37BD4680BCE6
:1012C800704780B485B000AF78600B467B807B6840
:1012D8005B69FB607A88FB6813401A04FB68D94392
:1012E8007B880B401A437B689A6100BF1437BD4660
:1012F80080BC704780B485B000AF78600B467B80B7
:101308004FF48033FB607A88FB681343FB60FA680C
:101318007B68DA617A887B68DA61FA687B68DA6107
:101328007B68DB69FB607B68DB6903F48033002B37
:1013380001D0002300E0012318461437BD4680BCC5
:10134800704780B582B000AF0346FB80084B5A69EE
:10135800FB881340002B06D0054AFB885361FB88A5
:10136800184600F007F800BF0837BD4680BD00BF2B
:10137800003C014080B483B000AF0346FB8000BF4F
:101388000C37BD4680BC704780B400AF00231846B8
:10139800BD4680BC704780B586B000AF78607B687A
:1013A800002B01D1012368E27B681B6803F001036D
:1013B800002B75D0884B9B6803F00C03042B0CD0D2
:1013C800854B9B6803F00C03082B12D1824B5B689A
:1013D80003F48003B3F5800F0BD17F4B1B6803F434
:1013E8000033002B5BD07B685B68002B57D101234F
:1013F80043E27B685B68B3F5803F06D1764B1B6898
:10140800754A43F4803313601DE07B685B68B3F56D
:10141800A02F0CD1704B1B686F4A43F480231360D4
:101428006D4B1B686C4A43F4803313600BE06A4BC6
:101438001B68694A23F480331360674B1B68664A4C
:1014480023F4802313607B685B68002B13D0FFF7BD
:1014580009F8386108E0FFF705F802463B69D31A36
:10146800642B01D9032308E25B4B1B6803F40033A8
:10147800002BF0D014E0FEF7F5FF386108E0FEF726
:10148800F1FF02463B69D31A642B01D90323F4E127
:10149800514B1B6803F40033002BF0D100E000BF70
:1014A8007B681B6803F00203002B63D04A4B9B68E0
:1014B80003F00C03002B0BD0474B9B6803F00C0385
:1014C800082B1CD1444B5B6803F48003002B16D116
:1014D800414B1B6803F00203002B05D07B68DB68D7
:1014E800012B01D00123C8E13B4B1B6823F0F80214
:1014F8007B681B69DB00384913430B603AE07B6863
:10150800DB68002B20D0354B01221A60FEF7AAFFBA
:10151800386108E0FEF7A6FF02463B69D31A022BA2
:1015280001D90323A9E12C4B1B6803F00203002B0C
:10153800F0D0294B1B6823F0F8027B681B69DB009D
:10154800254913430B6015E0244B00221A60FEF76F
:1015580089FF386108E0FEF785FF02463B69D31A28
:10156800022B01D9032388E11B4B1B6803F00203FC
:10157800002BF0D17B681B6803F00803002B37D0E1
:101588007B685B69002B16D0154B01221A60FEF7A9
:1015980069FF386108E0FEF765FF02463B69D31A28
:1015A800022B01D9032368E10B4B5B6F03F00203A5
:1015B800002BF0D01CE00A4B00221A60FEF752FF05
:1015C80038610FE0FEF74EFF02463B69D31A022B43
:1015D80008D9032351E100BF003802400000474208
:1015E800800E4742884B5B6F03F00203002BE9D162
:1015F8007B681B6803F00403002B00F0978000232E
:10160800FB75814B1B6C03F08053002B0FD100231B
:10161800BB607D4B1B6C7C4A43F0805313647A4B50
:101628001B6C03F08053BB60BB680123FB75774BD1
:101638001B6803F48073002B18D1744B1B68734A22
:1016480043F480731360FEF70DFF386108E0FEF77E
:1016580009FF02463B69D31A022B01D903230CE187
:101668006A4B1B6803F48073002BF0D07B689B687F
:10167800012B06D1644B1B6F634A43F001031367C8
:101688001CE07B689B68052B0CD15F4B1B6F5E4A87
:1016980043F0040313675C4B1B6F5B4A43F0010381
:1016A80013670BE0584B1B6F574A23F0010313676E
:1016B800554B1B6F544A23F0040313677B689B68E0
:1016C800002B15D0FEF7CEFE38610AE0FEF7CAFE01
:1016D80002463B69D31A41F28832934201D9032367
:1016E800CBE0494B1B6F03F00203002BEED014E054
:1016F800FEF7B8FE38610AE0FEF7B4FE02463B6921
:10170800D31A41F28832934201D90323B5E03E4B04
:101718001B6F03F00203002BEED1FB7D012B05D1DB
:10172800394B1B6C384A23F0805313647B689B69E0
:10173800002B00F0A180344B9B6803F00C03082BAE
:101748005CD07B689B69022B41D1314B00221A6027
:10175800FEF788FE386108E0FEF784FE02463B6922
:10176800D31A022B01D9032387E0274B1B6803F008
:101778000073002BF0D17B68DA697B681B6A1A4317
:101788007B685B6A9B011A437B689B6A5B08013B29
:101798001B041A437B68DB6A1B061B4913434B6017
:1017A8001B4B01221A60FEF75DFE386108E0FEF768
:1017B80059FE02463B69D31A022B01D903235CE088
:1017C800114B1B6803F00073002BF0D054E0104B52
:1017D80000221A60FEF746FE386108E0FEF742FE76
:1017E80002463B69D31A022B01D9032345E0064B75
:1017F8001B6803F00073002BF0D13DE07B689B6908
:10180800012B07D1012338E0003802400070004066
:10181800600047421B4B5B68FB607B689B69012B40
:1018280028D0FB6803F480027B68DB699A4221D1E7
:10183800FB6803F03F027B681B6A9A421AD1FA6878
:1018480047F6C07313407A68526A9201934211D1E5
:10185800FB6803F440327B689B6A5B08013B1B040E
:101868009A4207D1FB6803F070627B68DB6A1B064B
:101878009A4201D0012300E0002318461837BD46DC
:1018880080BD00BF0038024080B584B000AF7860EA
:1018980039607B68002B01D10123CCE0684B1B68C1
:1018A80003F007033A689A420CD9654B3A68D2B2FA
:1018B8001A70634B1B6803F007033A689A4201D019
:1018C8000123B8E07B681B6803F00203002B20D0DB
:1018D8007B681B6803F00403002B05D0594B9B68F9
:1018E800584A43F4E05393607B681B6803F008038D
:1018F800002B05D0534B9B68524A43F460439360D6
:10190800504B9B6823F0F0027B689B684D4913435A
:101918008B607B681B6803F00103002B44D07B6855
:101928005B68012B07D1474B1B6803F40033002B7E
:1019380019D101237FE07B685B68022B03D07B68A9
:101948005B68032B07D13F4B1B6803F00073002B28
:1019580009D101236FE03B4B1B6803F00203002B06
:1019680001D1012367E0374B9B6823F003027B68B2
:101978005B68344913438B60FEF774FDF8600AE036
:10198800FEF770FD0246FB68D31A41F28832934293
:1019980001D903234FE02B4B9B6803F00C027B68B3
:1019A8005B689B009A42EBD1254B1B6803F0070349
:1019B8003A689A420CD2224B3A68D2B21A70204B3B
:1019C8001B6803F007033A689A4201D0012332E00A
:1019D8007B681B6803F00403002B08D0194B9B6835
:1019E80023F4E0527B68DB68164913438B607B68FD
:1019F8001B6803F00803002B09D0124B9B6823F4E3
:101A080060427B681B69DB000E4913438B6000F062
:101A1800A1F802460B4B9B681B0903F00F030A4908
:101A2800CB5C22FA03F3094A1360094B1B6818467A
:101A3800FEF7D6FC002318461037BD4680BD00BF10
:101A4800003C02400038024084B200080000002038
:101A58000400002080B58CB000AFF860B9607A60EF
:101A6800FB68002B29D10023BB612B4B1B6B2A4A37
:101A780043F001031363284B1B6B03F00103BB61A5
:101A8800BB694FF48073FB6102233B620323BB6293
:101A980000237B620023FB6207F11C0319461F48E1
:101AA800FFF74CF91C4B9B6823F0EC62B9687B6824
:101AB8000B43194913438B6029E000237B61164BC4
:101AC8001B6B154A43F004031363134B1B6B03F0A2
:101AD80004037B617B694FF40073FB6102233B6263
:101AE8000323BB6200237B620023FB6207F11C0314
:101AF80019460B48FFF722F9074B9B6823F07842F9
:101B08007B68D900BB680B43034913438B6000BF54
:101B18003037BD4680BD00BF00380240000002409B
:101B28000008024080B400AF034B01221A6000BFD6
:101B3800BD4680BC704700BF4C00474280B400AF30
:101B4800034B00221A6000BFBD4680BC704700BF2F
:101B58004C0047422DE9B04F94B000AF00237B649E
:101B68000023FB6400233B640023BB64794B9B6820
:101B780003F00C03082B0DD0082B00F2E180002B9A
:101B880002D0042B03D0DBE0734BBB64DBE0734B68
:101B9800BB64D8E06F4B5B6803F03F037B646D4B1D
:101BA8005B6803F48003002B63D06A4B5B689B0976
:101BB8000022BB63FA63BB6BC3F308033B630023D8
:101BC8007B63D7E90C4522462B464FF000004FF0C7
:101BD8000001590141EAD261500102460B462146F3
:101BE800511A3961294663EB01037B614FF000020A
:101BF8004FF00003D7E904AB59468B01514643EA3D
:101C0800916351468A015146B2EB0108594663EB8C
:101C180001094FF000024FF000034FEAC90343EAFD
:101C280058734FEAC80290469946234618EB0303B7
:101C3800BB602B4649EB0303FB604FF000024FF0FB
:101C48000003D7E9024529464B02214643EAD1530E
:101C580021464A02104619467B6C0022BB62FA6292
:101C6800D7E90A2308F0D0FF02460B461346FB6467
:101C780058E0384B5B689B09002218461146C0F3B0
:101C880008033B6200237B62D7E9088942464B463A
:101C98004FF000004FF00001590141EAD2615001B4
:101CA80002460B464146B2EB010A494663EB010B7B
:101CB8004FF000024FF000034FEA8B1343EA9A6398
:101CC8004FEA8A12B2EB0A0463EB0B054FF00002ED
:101CD8004FF00003EB0043EA5473E20014461D463C
:101CE8004346E3183B604B4645EB03037B604FF0EC
:101CF80000024FF00003D7E9004529468B02214630
:101D080043EA915321468A02104619467B6C002209
:101D1800BB61FA61D7E9062308F076FF02460B4655
:101D28001346FB640B4B5B681B0C03F00303013386
:101D38005B003B64FA6C3B6CB2FBF3F3BB6402E000
:101D4800054BBB6400BFBB6C18465037BD46BDE8A9
:101D5800B08F00BF003802400024F40000127A005F
:101D680080B400AF024B1B681846BD4680BC704764
:101D78000000002080B500AFFFF7F2FF0246054BD8
:101D88009B689B0A03F007030349CB5C22FA03F321
:101D9800184680BD0038024094B2000880B500AFF4
:101DA800FFF7DEFF0246054B9B685B0B03F007035A
:101DB8000349CB5C22FA03F3184680BD0038024081
:101DC80094B2000880B483B000AF78607B680F22BB
:101DD8001A60454B1B6803F48023B3F5802F04D1A8
:101DE8007B684FF4A0225A600EE03F4B1B6803F457
:101DF8008033B3F5803F04D17B684FF480325A605A
:101E080002E07B6800225A60374B1B6803F001032D
:101E1800012B03D17B680122DA6002E07B68002293
:101E2800DA60314B1B68DB0803F01F027B681A611C
:101E38002D4B1B6F03F00403042B03D17B68052291
:101E48009A600CE0284B1B6F03F00103012B03D1B0
:101E58007B6801229A6002E07B6800229A60224B2C
:101E68005B6F03F00103012B03D17B6801225A61E8
:101E780002E07B6800225A611B4B1B6803F08073E9
:101E8800B3F1807F03D17B6802229A6102E07B680C
:101E980001229A61144B5B6803F480027B68DA6163
:101EA800114B5B6803F03F027B681A620E4B5B685C
:101EB8009B09C3F308027B685A620B4B5B6803F407
:101EC800403303F580335B001A0C7B689A62064B3B
:101ED8005B681B0E03F00F027B68DA6200BF0C37E9
:101EE800BD4680BC704700BF0038024080B483B054
:101EF80000AF786039607B680F221A60114B9B68CD
:101F080003F003027B685A600E4B9B6803F0F002F3
:101F18007B689A600B4B9B6803F4E0527B68DA603D
:101F2800084B9B68DB0803F4E0527B681A61064B98
:101F38001B6803F007023B681A6000BF0C37BD46F8
:101F480080BC704700380240003C024080B500AFBA
:101F5800064BDB6803F08003802B04D100F00AF8FD
:101F6800034B80221A7000BF80BD00BF00380240BA
:101F78000E38024080B400AF00BFBD4680BC704739
:101F880080B582B000AF78607B68002B01D1012357
:101F980041E07B6893F83D30DBB2002B06D17B68CB
:101FA800002283F83C20786809F0D4F87B68022284
:101FB80083F83D207B681A687B680433194610460D
:101FC80005F036F97B68012283F846207B680122F8
:101FD80083F83E207B68012283F83F207B6801223A
:101FE80083F840207B68012283F841207B68012226
:101FF80083F842207B68012283F843207B68012212
:1020080083F844207B68012283F845207B680122FD
:1020180083F83D20002318460837BD4680BD80B5AB
:1020280082B000AF78607B68022283F83D207B682D
:102038001B681A6A41F211131340002B0FD17B68F9
:102048001B681A6A40F244431340002B07D17B688F
:102058001B681A687B681B6822F001021A6078689E
:1020680000F03AF87B68002283F846207B6800225B
:1020780083F83E207B68002283F83F207B6800229B
:1020880083F840207B68002283F841207B68002287
:1020980083F842207B68002283F843207B68002273
:1020A80083F844207B68002283F845207B6800225F
:1020B80083F83D207B68002283F83C2000231846E3
:1020C8000837BD4680BD80B483B000AF786000BFDC
:1020D8000C37BD4680BC704780B483B000AF7860D1
:1020E80000BF0C37BD4680BC704780B485B000AFD8
:1020F80078607B6893F83D30DBB2012B01D0012377
:1021080046E07B68022283F83D207B681B68234AEF
:10211800934222D07B681B68B3F1804F1DD07B6847
:102128001B681F4A934218D07B681B681D4A93425C
:1021380013D07B681B681C4A93420ED07B681B68CF
:102148001A4A934209D07B681B68194A934204D003
:102158007B681B68174A934211D17B681B689B6890
:1021680003F00703FB60FB68062B10D07B681B6835
:102178001A687B681B6842F001021A6007E07B68F6
:102188001B681A687B681B6842F001021A6000230A
:1021980018461437BD4680BC704700BF0000014098
:1021A8000004004000080040000C0040000401400A
:1021B800004001400018004080B483B000AF786050
:1021C8007B681B681A6A41F211131340002B0FD168
:1021D8007B681B681A6A40F244431340002B07D1FE
:1021E8007B681B681A687B681B6822F001021A600A
:1021F8007B68012283F83D20002318460C37BD4632
:1022080080BC704780B485B000AF78607B6893F875
:102218003D30DBB2012B01D001234EE07B68022266
:1022280083F83D207B681B68DA687B681B6842F08E
:102238000102DA607B681B68224A934222D07B68DD
:102248001B68B3F1804F1DD07B681B681E4A934200
:1022580018D07B681B681D4A934213D07B681B68A3
:102268001B4A93420ED07B681B681A4A934209D0D6
:102278007B681B68184A934204D07B681B68174A1E
:10228800934211D17B681B689B6803F00703FB60CE
:10229800FB68062B10D07B681B681A687B681B6874
:1022A80042F001021A6007E07B681B681A687B68C5
:1022B8001B6842F001021A60002318461437BD4615
:1022C80080BC704700000140000400400008004046
:1022D800000C00400004014000400140001800408C
:1022E80080B483B000AF78607B681B68DA687B686D
:1022F8001B6822F00102DA607B681B681A6A41F2E7
:1023080011131340002B0FD17B681B681A6A40F227
:1023180044431340002B07D17B681B681A687B680D
:102328001B6822F001021A607B68012283F83D20B5
:10233800002318460C37BD4680BC704780B586B070
:1023480000AFF860B9601346FB80FB6893F83D3036
:10235800DBB2022B01D102237AE0FB6893F83D300F
:10236800DBB2012B25D1BB68002B02D0FB88002BE8
:1023780001D101236CE0FB68022283F83D20FB6851
:102388001B6A354ADA63FB681B6A344A1A64FB68BD
:102398001B6A334ADA64FB68186AB968FB681B6809
:1023A8002C331A46FB8807F01AFF0346002B04D08B
:1023B80001E001234CE001234AE0FB681B68DA686E
:1023C800FB681B6842F48072DA60FB681B68254A68
:1023D800934222D0FB681B68B3F1804F1DD0FB6885
:1023E8001B68214A934218D0FB681B681F4A934216
:1023F80013D0FB681B681E4A93420ED0FB681B680B
:102408001C4A934209D0FB681B681B4A934204D0BC
:10241800FB681B68194A934211D1FB681B689B68CB
:1024280003F007037B617B69062B10D0FB681B68F0
:102438001A68FB681B6842F001021A6007E0FB6833
:102448001B681A68FB681B6842F001021A600023C7
:1024580018461837BD4680BDA5710008D37100081D
:10246800D36E00080000014000040040000800404E
:10247800000C0040000401400040014000180040EA
:1024880080B582B000AF78607B681B68DA687B68CB
:102498001B6822F48072DA607B681B6A184607F0B2
:1024A80066FF7B681B681A6A41F211131340002B00
:1024B8000FD17B681B681A6A40F244431340002B13
:1024C80007D17B681B681A687B681B6822F00102C9
:1024D8001A607B68012283F83D20002318460837DC
:1024E800BD4680BD80B582B000AF78607B68002BA8
:1024F80001D1012341E07B6893F83D30DBB2002B2A
:1025080006D17B68002283F83C20786800F08DF8BB
:102518007B68022283F83D207B681A687B68043355
:102528001946104604F084FE7B68012283F8462091
:102538007B68012283F83E207B68012283F83F20D4
:102548007B68012283F840207B68012283F84120C0
:102558007B68012283F842207B68012283F84320AC
:102568007B68012283F844207B68012283F8452098
:102578007B68012283F83D20002318460837BD46B2
:1025880080BD80B582B000AF78607B68022283F896
:102598003D207B681B681A6A41F211131340002B17
:1025A8000FD17B681B681A6A40F244431340002B22
:1025B80007D17B681B681A687B681B6822F00102D8
:1025C8001A60786800F03AF87B68002283F84620A1
:1025D8007B68002283F83E207B68002283F83F2036
:1025E8007B68002283F840207B68002283F8412022
:1025F8007B68002283F842207B68002283F843200E
:102608007B68002283F844207B68002283F84520F9
:102618007B68002283F83D207B68002283F83C20F9
:10262800002318460837BD4680BD80B483B000AF8C
:10263800786000BF0C37BD4680BC704780B483B05B
:1026480000AF786000BF0C37BD4680BC704780B5CE
:1026580084B000AF786039603B68002B09D17B6893
:1026680093F83E30DBB2012B14BF01230023DBB209
:1026780022E03B68042B09D17B6893F83F30DBB23A
:10268800012B14BF01230023DBB215E03B68082BA4
:1026980009D17B6893F84030DBB2012B14BF0123CA
:1026A8000023DBB208E07B6893F84130DBB2012BF2
:1026B80014BF01230023DBB2002B01D001237CE0EF
:1026C8003B68002B04D17B68022283F83E2013E08C
:1026D8003B68042B04D17B68022283F83F200BE07F
:1026E8003B68082B04D17B68022283F8402003E072
:1026F8007B68022283F841207B681B6801223968C5
:10270800184605F038FA7B681B682E4A934204D0B5
:102718007B681B682C4A934201D1012300E0002307
:10272800002B07D07B681B685A6C7B681B6842F4D7
:1027380000425A647B681B68224A934222D07B6815
:102748001B68B3F1804F1DD07B681B681F4A9342FA
:1027580018D07B681B681E4A934213D07B681B689D
:102768001C4A93420ED07B681B68174A934209D0D3
:102778007B681B68184A934204D07B681B68174A19
:10278800934211D17B681B689B6803F00703FB60C9
:10279800FB68062B10D07B681B681A687B681B686F
:1027A80042F001021A6007E07B681B681A687B68C0
:1027B8001B6842F001021A60002318461037BD4614
:1027C80080BD00BF0000014000040140000400403B
:1027D80000080040000C0040004001400018004084
:1027E80080B582B000AF786039607B681B680022D2
:1027F8003968184605F0BFF97B681B682E4A934272
:1028080004D07B681B682D4A934201D1012300E064
:102818000023002B17D07B681B681A6A41F211133A
:102828001340002B0FD17B681B681A6A40F244439F
:102838001340002B07D17B681B685A6C7B681B68A8
:1028480022F400425A647B681B681A6A41F2111329
:102858001340002B0FD17B681B681A6A40F244436F
:102868001340002B07D17B681B681A687B681B68BC
:1028780022F001021A603B68002B04D17B68012218
:1028880083F83E2013E03B68042B04D17B680122C7
:1028980083F83F200BE03B68082B04D17B680122BA
:1028A80083F8402003E07B68012283F8412000235D
:1028B80018460837BD4680BD0000014000040140AD
:1028C80080B584B000AF786039600023FB733B6843
:1028D800002B09D17B6893F83E30DBB2012B14BF83
:1028E80001230023DBB222E03B68042B09D17B687B
:1028F80093F83F30DBB2012B14BF01230023DBB276
:1029080015E03B68082B09D17B6893F84030DBB2AF
:10291800012B14BF01230023DBB208E07B6893F886
:102928004130DBB2012B14BF01230023DBB2002BA3
:1029380001D00123B9E03B68002B04D17B68022257
:1029480083F83E2013E03B68042B04D17B68022205
:1029580083F83F200BE03B68082B04D17B680222F8
:1029680083F8402003E07B68022283F841203B681B
:102978000C2B2AD03B680C2B30D83B68082B1BD07B
:102988003B68082B2AD83B68002B03D03B68042BF4
:1029980009D023E07B681B68DA687B681B6842F013
:1029A8000202DA601DE07B681B68DA687B681B68D6
:1029B80042F00402DA6014E07B681B68DA687B681E
:1029C8001B6842F00802DA600BE07B681B68DA6873
:1029D8007B681B6842F01002DA6002E00123FB7397
:1029E80000BFFB7B002B5FD17B681B680122396825
:1029F800184605F0C0F87B681B682E4A934204D03D
:102A08007B681B682C4A934201D1012300E0002314
:102A1800002B07D07B681B685A6C7B681B6842F4E4
:102A280000425A647B681B68224A934222D07B6822
:102A38001B68B3F1804F1DD07B681B681F4A934207
:102A480018D07B681B681E4A934213D07B681B68AA
:102A58001C4A93420ED07B681B68174A934209D0E0
:102A68007B681B68184A934204D07B681B68174A26
:102A7800934211D17B681B689B6803F00703BB6016
:102A8800BB68062B10D07B681B681A687B681B68BC
:102A980042F001021A6007E07B681B681A687B68CD
:102AA8001B6842F001021A60FB7B18461037BD46CE
:102AB80080BD00BF00000140000401400004004048
:102AC80000080040000C0040004001400018004091
:102AD80080B584B000AF786039600023FB733B6831
:102AE8000C2B2AD03B680C2B30D83B68082B1BD00A
:102AF8003B68082B2AD83B68002B03D03B68042B83
:102B080009D023E07B681B68DA687B681B6822F0C1
:102B18000202DA601DE07B681B68DA687B681B6864
:102B280022F00402DA6014E07B681B68DA687B68CC
:102B38001B6822F00802DA600BE07B681B68DA6821
:102B48007B681B6822F01002DA6002E00123FB7345
:102B580000BFFB7B002B61D17B681B6800223968B2
:102B6800184605F008F87B681B682F4A934204D082
:102B78007B681B682D4A934201D1012300E00023A2
:102B8800002B17D07B681B681A6A41F21113134097
:102B9800002B0FD17B681B681A6A40F2444313402C
:102BA800002B07D17B681B685A6C7B681B6822F472
:102BB80000425A647B681B681A6A41F21113134079
:102BC800002B0FD17B681B681A6A40F244431340FC
:102BD800002B07D17B681B681A687B681B6822F08A
:102BE80001021A603B68002B04D17B68012283F83C
:102BF8003E2013E03B68042B04D17B68012283F854
:102C08003F200BE03B68082B04D17B68012283F846
:102C1800402003E07B68012283F84120FB7B1846B3
:102C28001037BD4680BD00BF0000014000040140D0
:102C380080B586B000AFF860B9607A607B80002309
:102C4800FB75BB68002B09D1FB6893F83E30DBB2FB
:102C5800022B0CBF01230023DBB222E0BB68042B4C
:102C680009D1FB6893F83F30DBB2022B0CBF01237C
:102C78000023DBB215E0BB68082B09D1FB6893F889
:102C88004030DBB2022B0CBF01230023DBB208E08B
:102C9800FB6893F84130DBB2022B0CBF0123002301
:102CA800DBB2002B01D0022364E1BB68002B09D101
:102CB800FB6893F83E30DBB2012B0CBF01230023E5
:102CC800DBB222E0BB68042B09D1FB6893F83F30E4
:102CD800DBB2012B0CBF01230023DBB215E0BB687C
:102CE800082B09D1FB6893F84030DBB2012B0CBFED
:102CF80001230023DBB208E0FB6893F84130DBB224
:102D0800012B0CBF01230023DBB2002B24D07B68EE
:102D1800002B02D07B88002B01D101232AE1BB685C
:102D2800002B04D1FB68022283F83E2016E0BB6822
:102D3800042B04D1FB68022283F83F200EE0BB6815
:102D4800082B04D1FB68022283F8402006E0FB68C8
:102D5800022283F8412001E001230BE1BB680C2B20
:102D68007DD0BB680C2B00F29E80BB68082B52D02C
:102D7800BB68082B00F29780BB68002B03D0BB68A8
:102D8800042B24D08FE0FB685B6A7C4ADA63FB681B
:102D98005B6A7B4A1A64FB685B6A7A4ADA64FB6896
:102DA800586A7968FB681B6834331A467B8807F0D1
:102DB80016FA0346002B01D00123DBE0FB681B68F1
:102DC800DA68FB681B6842F40072DA606EE0FB6840
:102DD8009B6A6A4ADA63FB689B6A694A1A64FB68F9
:102DE8009B6A684ADA64FB68986A7968FB681B68BA
:102DF80038331A467B8807F0F2F90346002B01D0D6
:102E08000123B7E0FB681B68DA68FB681B6842F4BB
:102E18008062DA604AE0FB68DB6A584ADA63FB687A
:102E2800DB6A574A1A64FB68DB6A564ADA64FB684D
:102E3800D86A7968FB681B683C331A467B8807F0B8
:102E4800CEF90346002B01D0012393E0FB681B68F1
:102E5800DA68FB681B6842F40062DA6026E0FB6807
:102E68001B6B464ADA63FB681B6B454A1A64FB68AE
:102E78001B6B444ADA64FB68186B7968FB681B684B
:102E880040331A467B8807F0AAF90346002B01D085
:102E980001236FE0FB681B68DA68FB681B6842F473
:102EA8008052DA6002E00123FB7500BFFB7D002B36
:102EB8005FD1FB681B680122B968184604F05BFE05
:102EC800FB681B68304A934204D0FB681B682F4A92
:102ED800934201D1012300E00023002B07D0FB68B7
:102EE8001B685A6CFB681B6842F400425A64FB6812
:102EF8001B68254A934222D0FB681B68B3F1804FB8
:102F08001DD0FB681B68224A934218D0FB681B68D7
:102F1800204A934213D0FB681B681F4A93420ED085
:102F2800FB681B68194A934209D0FB681B681B4A57
:102F3800934204D0FB681B68194A934211D1FB687D
:102F48001B689B6803F007033B613B69062B10D0A5
:102F5800FB681B681A68FB681B6842F001021A606C
:102F680007E0FB681B681A68FB681B6842F00102EF
:102F78001A60FB7D18461837BD4680BD656F00088E
:102F88000D700008D36E00080000014000040140E5
:102F98000004004000080040000C004000400140D0
:102FA8000018004080B584B000AF78603960002315
:102FB800FB733B680C2B39D03B680C2B44D83B681F
:102FC800082B25D03B68082B3ED83B68002B03D044
:102FD8003B68042B0ED037E07B681B68DA687B6897
:102FE8001B6822F40072DA607B685B6A184607F097
:102FF800BEF92CE07B681B68DA687B681B6822F4E2
:103008008062DA607B689B6A184607F0B0F91EE0B8
:103018007B681B68DA687B681B6822F40062DA60E8
:103028007B68DB6A184607F0A2F910E07B681B682A
:10303800DA687B681B6822F48052DA607B681B6B55
:10304800184607F094F902E00123FB7300BFFB7BED
:10305800002B61D17B681B6800223968184604F090
:103068008AFD7B681B682F4A934204D07B681B68E3
:103078002D4A934201D1012300E00023002B17D0F1
:103088007B681B681A6A41F211131340002B0FD199
:103098007B681B681A6A40F244431340002B07D12F
:1030A8007B681B685A6C7B681B6822F400425A6470
:1030B8007B681B681A6A41F211131340002B0FD169
:1030C8007B681B681A6A40F244431340002B07D1FF
:1030D8007B681B681A687B681B6822F001021A600B
:1030E8003B68002B04D17B68012283F83E2013E063
:1030F8003B68042B04D17B68012283F83F200BE056
:103108003B68082B04D17B68012283F8402003E048
:103118007B68012283F84120FB7B18461037BD46A7
:1031280080BD00BF000001400004014080B582B0AE
:1031380000AF78607B68002B01D1012341E07B68F8
:1031480093F83D30DBB2002B06D17B68002283F870
:103158003C20786800F08DF87B68022283F83D20D7
:103168007B681A687B6804331946104604F060F8D7
:103178007B68012283F846207B68012283F83E2081
:103188007B68012283F83F207B68012283F8402076
:103198007B68012283F841207B68012283F8422062
:1031A8007B68012283F843207B68012283F844204E
:1031B8007B68012283F845207B68012283F83D2043
:1031C800002318460837BD4680BD80B582B000AFE1
:1031D80078607B68022283F83D207B681B681A6A46
:1031E80041F211131340002B0FD17B681B681A6A38
:1031F80040F244431340002B07D17B681B681A68D0
:103208007B681B6822F001021A60786800F03AF8BF
:103218007B68002283F846207B68002283F83E20E2
:103228007B68002283F83F207B68002283F84020D7
:103238007B68002283F841207B68002283F84220C3
:103248007B68002283F843207B68002283F84420AF
:103258007B68002283F845207B68002283F83D20A4
:103268007B68002283F83C20002318460837BD46B7
:1032780080BD80B483B000AF786000BF0C37BD4616
:1032880080BC704780B483B000AF786000BF0C3753
:10329800BD4680BC704780B584B000AF78603960A7
:1032A8003B68002B09D17B6893F83E30DBB2012BD9
:1032B80014BF01230023DBB222E03B68042B09D1B1
:1032C8007B6893F83F30DBB2012B14BF0123002346
:1032D800DBB215E03B68082B09D17B6893F84030D6
:1032E800DBB2012B14BF01230023DBB208E07B68AB
:1032F80093F84130DBB2012B14BF01230023DBB26A
:10330800002B01D001237CE03B68002B04D17B68B3
:10331800022283F83E2013E03B68042B04D17B682B
:10332800022283F83F200BE03B68082B04D17B681E
:10333800022283F8402003E07B68022283F84120C0
:103348007B681B6801223968184604F014FC7B6806
:103358001B682E4A934204D07B681B682C4A934210
:1033680001D1012300E00023002B07D07B681B68F4
:103378005A6C7B681B6842F400425A647B681B687D
:10338800224A934222D07B681B68B3F1804F1DD03C
:103398007B681B681F4A934218D07B681B681E4ACB
:1033A800934213D07B681B681C4A93420ED07B68FB
:1033B8001B68174A934209D07B681B68184A9342D6
:1033C80004D07B681B68174A934211D17B681B683D
:1033D8009B6803F00703FB60FB68062B10D07B6833
:1033E8001B681A687B681B6842F001021A6007E0D4
:1033F8007B681B681A687B681B6842F001021A60C8
:10340800002318461037BD4680BD00BF00000140AC
:10341800000401400004004000080040000C004087
:10342800004001400018004080B582B000AF7860CD
:1034380039607B681B6800223968184604F09BFBDA
:103448007B681B682E4A934204D07B681B682D4A10
:10345800934201D1012300E00023002B17D07B68A1
:103468001B681A6A41F211131340002B0FD17B68B5
:103478001B681A6A40F244431340002B07D17B684B
:103488001B685A6C7B681B6822F400425A647B688C
:103498001B681A6A41F211131340002B0FD17B6885
:1034A8001B681A6A40F244431340002B07D17B681B
:1034B8001B681A687B681B6822F001021A603B6867
:1034C800002B04D17B68012283F83E2013E03B687F
:1034D800042B04D17B68012283F83F200BE03B6872
:1034E800082B04D17B68012283F8402003E07B6825
:1034F800012283F84120002318460837BD4680BDC5
:10350800000001400004014080B584B000AF78603D
:1035180039600023FB733B68002B09D17B6893F863
:103528003E30DBB2012B14BF01230023DBB222E0C3
:103538003B68042B09D17B6893F83F30DBB2012B41
:1035480014BF01230023DBB215E03B68082B09D127
:103558007B6893F84030DBB2012B14BF01230023B2
:10356800DBB208E07B6893F84130DBB2012B14BF73
:1035780001230023DBB2002B01D00123B9E03B6813
:10358800002B04D17B68022283F83E2013E03B68BD
:10359800042B04D17B68022283F83F200BE03B68B0
:1035A800082B04D17B68022283F8402003E07B6863
:1035B800022283F841203B680C2B2AD03B680C2B55
:1035C80030D83B68082B1BD03B68082B2AD83B68AF
:1035D800002B03D03B68042B09D023E07B681B68D1
:1035E800DA687B681B6842F00202DA601DE07B68DB
:1035F8001B68DA687B681B6842F00402DA6014E032
:103608007B681B68DA687B681B6842F00802DA602E
:103618000BE07B681B68DA687B681B6842F0100265
:10362800DA6002E00123FB7300BFFB7B002B5FD154
:103638007B681B6801223968184604F09CFA7B688D
:103648001B682E4A934204D07B681B682C4A93421D
:1036580001D1012300E00023002B07D07B681B6801
:103668005A6C7B681B6842F400425A647B681B688A
:10367800224A934222D07B681B68B3F1804F1DD049
:103688007B681B681F4A934218D07B681B681E4AD8
:10369800934213D07B681B681C4A93420ED07B6808
:1036A8001B68174A934209D07B681B68184A9342E3
:1036B80004D07B681B68174A934211D17B681B684A
:1036C8009B6803F00703BB60BB68062B10D07B68C0
:1036D8001B681A687B681B6842F001021A6007E0E1
:1036E8007B681B681A687B681B6842F001021A60D5
:1036F800FB7B18461037BD4680BD00BF0000014067
:10370800000401400004004000080040000C004094
:10371800004001400018004080B584B000AF7860D8
:1037280039600023FB733B680C2B2AD03B680C2BB9
:1037380030D83B68082B1BD03B68082B2AD83B683D
:10374800002B03D03B68042B09D023E07B681B685F
:10375800DA687B681B6822F00202DA601DE07B6889
:103768001B68DA687B681B6822F00402DA6014E0E0
:103778007B681B68DA687B681B6822F00802DA60DD
:103788000BE07B681B68DA687B681B6822F0100214
:10379800DA6002E00123FB7300BFFB7B002B61D1E1
:1037A8007B681B6800223968184604F0E4F97B68D6
:1037B8001B682F4A934204D07B681B682D4A9342AA
:1037C80001D1012300E00023002B17D07B681B6880
:1037D8001A6A41F211131340002B0FD17B681B6842
:1037E8001A6A40F244431340002B07D17B681B68D8
:1037F8005A6C7B681B6822F400425A647B681B6819
:103808001A6A41F211131340002B0FD17B681B6811
:103818001A6A40F244431340002B07D17B681B68A7
:103828001A687B681B6822F001021A603B68002B4B
:1038380004D17B68012283F83E2013E03B68042B07
:1038480004D17B68012283F83F200BE03B68082BFA
:1038580004D17B68012283F8402003E07B680122C1
:1038680083F84120FB7B18461037BD4680BD00BF5A
:10387800000001400004014080B586B000AFF86048
:10388800B9607A607B800023FB75BB68002B09D187
:10389800FB6893F83E30DBB2022B0CBF01230023F8
:1038A800DBB222E0BB68042B09D1FB6893F83F30F8
:1038B800DBB2022B0CBF01230023DBB215E0BB688F
:1038C800082B09D1FB6893F84030DBB2022B0CBF00
:1038D80001230023DBB208E0FB6893F84130DBB238
:1038E800022B0CBF01230023DBB2002B01D00223E3
:1038F80064E1BB68002B09D1FB6893F83E30DBB26A
:10390800012B0CBF01230023DBB222E0BB68042B90
:1039180009D1FB6893F83F30DBB2012B0CBF0123C0
:103928000023DBB215E0BB68082B09D1FB6893F8CC
:103938004030DBB2012B0CBF01230023DBB208E0CF
:10394800FB6893F84130DBB2012B0CBF0123002345
:10395800DBB2002B24D07B68002B02D07B88002BA5
:1039680001D101232AE1BB68002B04D1FB680222A4
:1039780083F83E2016E0BB68042B04D1FB680222C2
:1039880083F83F200EE0BB68082B04D1FB680222B5
:1039980083F8402006E0FB68022283F8412001E01A
:1039A80001230BE1BB680C2B7DD0BB680C2B00F20C
:1039B8009E80BB68082B52D0BB68082B00F297800A
:1039C800BB68002B03D0BB68042B24D08FE0FB68B6
:1039D8005B6A7C4ADA63FB685B6A7B4A1A64FB6849
:1039E8005B6A7A4ADA64FB68586A7968FB681B681C
:1039F80034331A467B8806F0F2FB0346002B01D0CD
:103A08000123DBE0FB681B68DA68FB681B6842F48B
:103A18000072DA606EE0FB689B6A6A4ADA63FB68E8
:103A28009B6A694A1A64FB689B6A684ADA64FB689D
:103A3800986A7968FB681B6838331A467B8806F0F1
:103A4800CEFB0346002B01D00123B7E0FB681B68BF
:103A5800DA68FB681B6842F48062DA604AE0FB6857
:103A6800DB6A584ADA63FB68DB6A574A1A64FB6800
:103A7800DB6A564ADA64FB68D86A7968FB681B68AF
:103A88003C331A467B8806F0AAFB0346002B01D07C
:103A9800012393E0FB681B68DA68FB681B6842F443
:103AA8000062DA6026E0FB681B6B464ADA63FB6853
:103AB8001B6B454A1A64FB681B6B444ADA64FB6853
:103AC800186B7968FB681B6840331A467B8806F0D8
:103AD80086FB0346002B01D001236FE0FB681B68BF
:103AE800DA68FB681B6842F48052DA6002E001235E
:103AF800FB7500BFFB7D002B5FD1FB681B680122B3
:103B0800B968184604F037F8FB681B68304A9342D6
:103B180004D0FB681B682F4A934201D1012300E0BF
:103B28000023002B07D0FB681B685A6CFB681B68D6
:103B380042F400425A64FB681B68254A934222D02B
:103B4800FB681B68B3F1804F1DD0FB681B68224AD5
:103B5800934218D0FB681B68204A934213D0FB6835
:103B68001B681F4A93420ED0FB681B68194A934290
:103B780009D0FB681B681B4A934204D0FB681B688A
:103B8800194A934211D1FB681B689B6803F007032D
:103B98003B613B69062B10D0FB681B681A68FB6801
:103BA8001B6842F001021A6007E0FB681B681A688C
:103BB800FB681B6842F001021A60FB7D1846183743
:103BC800BD4680BD656F00080D700008D36E000803
:103BD80000000140000401400004004000080040CB
:103BE800000C0040004001400018004080B584B03F
:103BF80000AF786039600023FB733B680C2B39D029
:103C08003B680C2B44D83B68082B25D03B68082B15
:103C18003ED83B68002B03D03B68042B0ED037E01E
:103C28007B681B68DA687B681B6822F40072DA60BC
:103C38007B685B6A184606F09AFB2CE07B681B6879
:103C4800DA687B681B6822F48062DA607B689B6AAA
:103C5800184606F08CFB1EE07B681B68DA687B68F8
:103C68001B6822F40062DA607B68DB6A184606F09B
:103C78007EFB10E07B681B68DA687B681B6822F4AF
:103C88008052DA607B681B6B184606F070FB02E016
:103C98000123FB7300BFFB7B002B61D17B681B6892
:103CA80000223968184603F066FF7B681B682F4AB4
:103CB800934204D07B681B682D4A934201D10123AB
:103CC80000E00023002B17D07B681B681A6A41F2BA
:103CD80011131340002B0FD17B681B681A6A40F23E
:103CE80044431340002B07D17B681B685A6C7B68E0
:103CF8001B6822F400425A647B681B681A6A41F206
:103D080011131340002B0FD17B681B681A6A40F20D
:103D180044431340002B07D17B681B681A687B68F3
:103D28001B6822F001021A603B68002B04D17B68F3
:103D3800012283F83E2013E03B68042B04D17B6802
:103D4800012283F83F200BE03B68082B04D17B68F5
:103D5800012283F8402003E07B68012283F8412098
:103D6800FB7B18461037BD4680BD00BF00000140F0
:103D78000004014080B582B000AF78607B68002BFA
:103D880001D1012341E07B6893F83D30DBB2002B81
:103D980006D17B68002283F83C20786800F08DF813
:103DA8007B68022283F83D207B681A687B680433AD
:103DB8001946104603F03CFA7B68012283F8462036
:103DC8007B68012283F83E207B68012283F83F202C
:103DD8007B68012283F840207B68012283F8412018
:103DE8007B68012283F842207B68012283F8432004
:103DF8007B68012283F844207B68012283F84520F0
:103E08007B68012283F83D20002318460837BD4609
:103E180080BD80B582B000AF78607B68022283F8ED
:103E28003D207B681B681A6A41F211131340002B6E
:103E38000FD17B681B681A6A40F244431340002B79
:103E480007D17B681B681A687B681B6822F001022F
:103E58001A60786800F03AF87B68002283F84620F8
:103E68007B68002283F83E207B68002283F83F208D
:103E78007B68002283F840207B68002283F8412079
:103E88007B68002283F842207B68002283F8432065
:103E98007B68002283F844207B68002283F8452051
:103EA8007B68002283F83D207B68002283F83C2051
:103EB800002318460837BD4680BD80B483B000AFE4
:103EC800786000BF0C37BD4680BC704780B483B0B3
:103ED80000AF786000BF0C37BD4680BC704780B526
:103EE80084B000AF786039603B68002B04D17B68F0
:103EF80093F83E30FB7313E03B68042B04D17B68D6
:103F080093F83F30FB730BE03B68082B04D17B68C8
:103F180093F84030FB7303E07B6893F84130FB7300
:103F28003B68002B04D17B6893F84230BB7313E0E5
:103F38003B68042B04D17B6893F84330BB730BE0D8
:103F48003B68082B04D17B6893F84430BB7303E0CB
:103F58007B6893F84530BB73FB7B012B02D1BB7B9D
:103F6800012B01D0012381E03B68002B04D17B6841
:103F7800022283F83E2013E03B68042B04D17B68BF
:103F8800022283F83F200BE03B68082B04D17B68B2
:103F9800022283F8402003E07B68022283F8412054
:103FA8003B68002B04D17B68022283F8422013E08F
:103FB8003B68042B04D17B68022283F843200BE082
:103FC8003B68082B04D17B68022283F8442003E075
:103FD8007B68022283F845207B681B6801223968C8
:103FE800184603F0C8FD7B681B68224A934222D01A
:103FF8007B681B68B3F1804F1DD07B681B681E4A25
:10400800934218D07B681B681C4A934213D07B6884
:104018001B681B4A93420ED07B681B68194A93425F
:1040280009D07B681B68184A934204D07B681B68D8
:10403800164A934211D17B681B689B6803F00703FB
:10404800BB60BB68062B10D07B681B681A687B684E
:104058001B6842F001021A6007E07B681B681A6857
:104068007B681B6842F001021A600023184610376B
:10407800BD4680BD0000014000040040000800402B
:10408800000C0040000401400040014000180040BE
:1040980080B582B000AF786039607B681B68002209
:1040A8003968184603F067FD7B681B681A6A41F295
:1040B80011131340002B0FD17B681B681A6A40F25A
:1040C80044431340002B07D17B681B681A687B6840
:1040D8001B6822F001021A603B68002B04D17B6840
:1040E800012283F83E2013E03B68042B04D17B684F
:1040F800012283F83F200BE03B68082B04D17B6842
:10410800012283F8402003E07B68012283F84120E4
:104118003B68002B04D17B68012283F8422013E01E
:104128003B68042B04D17B68012283F843200BE011
:104138003B68082B04D17B68012283F8442003E004
:104148007B68012283F84520002318460837BD46BE
:1041580080BD80B584B000AF786039600023FB7300
:104168003B68002B04D17B6893F83E30BB7313E0A7
:104178003B68042B04D17B6893F83F30BB730BE09A
:104188003B68082B04D17B6893F84030BB7303E08D
:104198007B6893F84130BB733B68002B04D17B6884
:1041A80093F842307B7313E03B68042B04D17B689F
:1041B80093F843307B730BE03B68082B04D17B6892
:1041C80093F844307B7303E07B6893F845307B7346
:1041D800BB7B012B02D17B7B012B01D00123BEE0ED
:1041E8003B68002B04D17B68022283F83E2013E051
:1041F8003B68042B04D17B68022283F83F200BE044
:104208003B68082B04D17B68022283F8402003E036
:104218007B68022283F841203B68002B04D17B682D
:10422800022283F8422013E03B68042B04D17B6808
:10423800022283F843200BE03B68082B04D17B68FB
:10424800022283F8442003E07B68022283F8452099
:104258003B680C2B2AD03B680C2B30D83B68082BCA
:104268001BD03B68082B2AD83B68002B03D03B683F
:10427800042B09D023E07B681B68DA687B681B681D
:1042880042F00202DA601DE07B681B68DA687B682E
:104298001B6842F00402DA6014E07B681B68DA6885
:1042A8007B681B6842F00802DA600BE07B681B68D9
:1042B800DA687B681B6842F01002DA6002E00123CA
:1042C800FB7300BFFB7B002B48D17B681B68012276
:1042D8003968184603F04FFC7B681B68224A9342F2
:1042E80022D07B681B68B3F1804F1DD07B681B68A8
:1042F8001E4A934218D07B681B681D4A934213D00C
:104308007B681B681B4A93420ED07B681B681A4A5D
:10431800934209D07B681B68184A934204D07B6893
:104328001B68174A934211D17B681B689B6803F08E
:104338000703BB60BB68062B10D07B681B681A6834
:104348007B681B6842F001021A6007E07B681B6803
:104358001A687B681B6842F001021A60FB7B1846EA
:104368001037BD4680BD00BF00000140000400407A
:1043780000080040000C00400004014000400140DB
:104388000018004080B584B000AF78603960002321
:10439800FB733B680C2B2AD03B680C2B30D83B684E
:1043A800082B1BD03B68082B2AD83B68002B03D06E
:1043B8003B68042B09D023E07B681B68DA687B68BC
:1043C8001B6822F00202DA601DE07B681B68DA686D
:1043D8007B681B6822F00402DA6014E07B681B68C3
:1043E800DA687B681B6822F00802DA600BE07B68F9
:1043F8001B68DA687B681B6822F01002DA6002E04A
:104408000123FB7300BFFB7B002B56D17B681B6825
:1044180000223968184603F0AEFB7B681B681A6AED
:1044280041F211131340002B0FD17B681B681A6AE5
:1044380040F244431340002B07D17B681B681A687D
:104448007B681B6822F001021A603B68002B04D1CC
:104458007B68012283F83E2013E03B68042B04D1DB
:104468007B68012283F83F200BE03B68082B04D1CE
:104478007B68012283F8402003E07B68012283F8EF
:1044880041203B68002B04D17B68012283F842203D
:1044980013E03B68042B04D17B68012283F8432096
:1044A8000BE03B68082B04D17B68012283F8442089
:1044B80003E07B68012283F84520FB7B1846103710
:1044C800BD4680BD80B586B000AFF860B9607A603F
:1044D8007B800023FB75BB68002B04D1FB6893F835
:1044E8003E30BB7513E0BB68042B04D1FB6893F81E
:1044F8003F30BB750BE0BB68082B04D1FB6893F811
:104508004030BB7503E0FB6893F84130BB75BB686E
:10451800002B04D1FB6893F842307B7513E0BB682D
:10452800042B04D1FB6893F843307B750BE0BB6820
:10453800082B04D1FB6893F844307B7503E0FB68D3
:1045480093F845307B75BB7D022B02D07B7D022B17
:1045580001D102233AE1BB7D012B43D17B7D012BA5
:1045680040D17B68002B02D07B88002B01D101232E
:104578002CE1BB68002B04D1FB68022283F83E20A3
:1045880013E0BB68042B04D1FB68022283F83F20A8
:104598000BE0BB68082B04D1FB68022283F840209B
:1045A80003E0FB68022283F84120BB68002B04D19A
:1045B800FB68022283F8422016E0BB68042B04D172
:1045C800FB68022283F843200EE0BB68082B04D165
:1045D800FB68022283F8442006E0FB68022283F885
:1045E800452001E00123F1E0FB681B680122B9685E
:1045F800184603F0C0FABB680C2B7DD0BB680C2BA7
:1046080000F29E80BB68082B52D0BB68082B00F2D2
:104618009780BB68002B03D0BB68042B24D08FE0A5
:10462800FB685B6A6B4ADA63FB685B6A6A4A1A640E
:10463800FB685B6A694ADA64FB68586AFB681B684E
:10464800343319467A687B8805F0C9FD0346002B88
:1046580001D00123BAE0FB681B68DA68FB681B68B5
:1046680042F40072DA606EE0FB689B6A594ADA63CA
:10467800FB689B6A584A1A64FB689B6A574ADA6463
:10468800FB68986AFB681B68383319467A687B8828
:1046980005F0A5FD0346002B01D0012396E0FB6839
:1046A8001B68DA68FB681B6842F48062DA604AE0DB
:1046B800FB68DB6A474ADA63FB68DB6A464A1A64C6
:1046C800FB68DB6A454ADA64FB68D86AFB681B68E2
:1046D8003C3319467A687B8805F081FD0346002B38
:1046E80001D0012372E0FB681B68DA68FB681B686D
:1046F80042F40062DA6026E0FB681B6B354ADA6335
:10470800FB681B6B344A1A64FB681B6B334ADA6418
:10471800FB68186BFB681B68403319467A687B880E
:1047280005F05DFD0346002B01D001234EE0FB6838
:104738001B68DA68FB681B6842F48052DA6002E0A2
:104748000123FB7500BFFB681B68254A934222D0F2
:10475800FB681B68B3F1804F1DD0FB681B68214ABA
:10476800934218D0FB681B681F4A934213D0FB681A
:104778001B681E4A93420ED0FB681B681C4A934272
:1047880009D0FB681B681B4A934204D0FB681B686E
:10479800194A934211D1FB681B689B6803F0070311
:1047A8003B613B69062B10D0FB681B681A68FB68E5
:1047B8001B6842F001021A6007E0FB681B681A6870
:1047C800FB681B6842F001021A60FB7D1846183727
:1047D800BD4680BD757000083D710008D36E0008A5
:1047E800000001400004004000080040000C0040A8
:1047F80000040140004001400018004080B584B02A
:1048080000AF786039600023FB737B681B68002267
:104818003968184603F0AFF93B680C2B39D03B6870
:104828000C2B44D83B68082B25D03B68082B3ED876
:104838003B68002B03D03B68042B0ED037E07B6825
:104848001B68DA687B681B6822F40072DA607B6890
:104858005B6A184605F08BFD2CE07B681B68DA68FC
:104868007B681B6822F48062DA607B689B6A184662
:1048780005F07DFD1EE07B681B68DA687B681B68B5
:1048880022F40062DA607B68DB6A184605F06FFD87
:1048980010E07B681B68DA687B681B6822F480522A
:1048A800DA607B681B6B184605F061FD02E00123A6
:1048B800FB7300BFFB7B002B4FD17B681B681A6A18
:1048C80041F211131340002B0FD17B681B681A6A41
:1048D80040F244431340002B07D17B681B681A68D9
:1048E8007B681B6822F001021A603B68002B04D128
:1048F8007B68012283F83E2013E03B68042B04D137
:104908007B68012283F83F200BE03B68082B04D129
:104918007B68012283F8402003E07B68012283F84A
:1049280041203B68002B04D17B68012283F8422098
:1049380013E03B68042B04D17B68012283F84320F1
:104948000BE03B68082B04D17B68012283F84420E4
:1049580003E07B68012283F84520FB7B184610376B
:10496800BD4680BD80B582B000AF786039607B6895
:10497800002B01D1012341E07B6893F83D30DBB285
:10498800002B06D17B68002283F83C20786800F071
:104998007DF87B68022283F83D207B681A687B6873
:1049A80004331946104602F043FC7B681B681A68FA
:1049B8007B681B6822F008021A607B681B6819680C
:1049C8007B681B683A680A431A607B68012283F88F
:1049D80046207B68012283F83E207B68012283F809
:1049E8003F207B68012283F842207B68012283F8FC
:1049F80043207B68012283F83D20002318460837AE
:104A0800BD4680BD80B582B000AF78607B68022269
:104A180083F83D207B681B681A6A41F21113134022
:104A2800002B0FD17B681B681A6A40F2444313407D
:104A3800002B07D17B681B681A687B681B6822F00B
:104A480001021A60786800F02AF87B68002283F86F
:104A580046207B68002283F83E207B68002283F88A
:104A68003F207B68002283F842207B68002283F87D
:104A780043207B68002283F83D207B68002283F86E
:104A88003C20002318460837BD4680BD80B483B05B
:104A980000AF786000BF0C37BD4680BC704780B45B
:104AA80083B000AF786000BF0C37BD4680BC70474C
:104AB80080B584B000AF786039607B6893F83E3089
:104AC800FB737B6893F83F30BB737B6893F8423085
:104AD8007B737B6893F843303B73FB7B012B08D1D6
:104AE800BB7B012B05D17B7B012B02D13B7B012BAF
:104AF80001D0012335E07B68022283F83E207B68E1
:104B0800022283F83F207B68022283F842207B68D8
:104B1800022283F843207B681B6801220021184683
:104B280003F029F87B681B6801220421184603F06A
:104B380022F87B681B680D4A934204D07B681B6887
:104B48000B4A934201D1012300E00023002B07D038
:104B58007B681B685A6C7B681B6842F400425A6485
:104B6800002318461037BD4680BD00BF0000014035
:104B78000004014080B582B000AF786039607B687E
:104B88001B6800220021184602F0F5FF7B681B68AD
:104B980000220421184602F0EEFF7B681B68294AB0
:104BA800934204D07B681B68274A934201D10123B2
:104BB80000E00023002B17D07B681B681A6A41F2BB
:104BC80011131340002B0FD17B681B681A6A40F23F
:104BD80044431340002B07D17B681B685A6C7B68E1
:104BE8001B6822F400425A647B681B681A6A41F207
:104BF80011131340002B0FD17B681B681A6A40F20F
:104C080044431340002B07D17B681B681A687B68F4
:104C18001B6822F001021A607B68012283F83E209B
:104C28007B68012283F83F207B68012283F84220B9
:104C38007B68012283F84320002318460837BD46C5
:104C480080BD00BF000001400004014080B584B071
:104C580000AF786039607B6893F83E30FB737B68FF
:104C680093F83F30BB737B6893F842307B737B6863
:104C780093F843303B73FB7B012B08D1BB7B012BA3
:104C880005D17B7B012B02D13B7B012B01D001237A
:104C980045E07B68022283F83E207B68022283F885
:104CA8003F207B68022283F842207B68022283F837
:104CB80043207B681B68DA687B681B6842F0020245
:104CC800DA607B681B68DA687B681B6842F004025C
:104CD800DA607B681B6801220021184602F04BFF4E
:104CE8007B681B6801220421184602F044FF7B6898
:104CF8001B680D4A934204D07B681B680B4A934299
:104D080001D1012300E00023002B07D07B681B683A
:104D18005A6C7B681B6842F400425A6400231846A8
:104D28001037BD4680BD00BF0000014000040140AF
:104D380080B582B000AF786039607B681B68DA683C
:104D48007B681B6822F00202DA607B681B68DA68FD
:104D58007B681B6822F00402DA607B681B6800220B
:104D68000021184602F007FF7B681B680022042117
:104D7800184602F000FF7B681B68294A934204D05A
:104D88007B681B68274A934201D1012300E0002376
:104D9800002B17D07B681B681A6A41F21113134065
:104DA800002B0FD17B681B681A6A40F244431340FA
:104DB800002B07D17B681B685A6C7B681B6822F440
:104DC80000425A647B681B681A6A41F21113134047
:104DD800002B0FD17B681B681A6A40F244431340CA
:104DE800002B07D17B681B681A687B681B6822F058
:104DF80001021A607B68012283F83E207B68012249
:104E080083F83F207B68012283F842207B680122D7
:104E180083F84320002318460837BD4680BD00BFED
:104E2800000001400004014080B586B000AF786002
:104E380039607B68002B01D1012397E07B6893F8E8
:104E48003D30DBB2002B06D17B68002283F83C2082
:104E5800786800F0D3F87B68022283F83D207B68ED
:104E68001B689B687A68126823F4804323F0070361
:104E780093607B681A687B6804331946104602F011
:104E8800D7F97B681B689B687B617B681B689B699B
:104E98003B617B681B681B6AFB603B681B687A691F
:104EA80013437B613B6923F4407323F003033B61A5
:104EB8003B689A683B689B691B0213433A69134332
:104EC8003B613B6923F4406323F00C033B613B697E
:104ED80023F4704323F0F0033B613B68DA683B68D6
:104EE800DB691B0213433A6913433B613B681B6947
:104EF8001A013B681B6A1B0313433A6913433B615E
:104F0800FB6823F02203FB60FB6823F08803FB6047
:104F18003B685A683B685B691B011343FA68134393
:104F2800FB607B681B687A699A607B681B683A69D2
:104F38009A617B681B68FA681A627B68012283F8A9
:104F480046207B68012283F83E207B68012283F893
:104F58003F207B68012283F842207B68012283F886
:104F680043207B68012283F83D2000231846183728
:104F7800BD4680BD80B582B000AF78607B680222F4
:104F880083F83D207B681B681A6A41F211131340AD
:104F9800002B0FD17B681B681A6A40F24443134008
:104FA800002B07D17B681B681A687B681B6822F096
:104FB80001021A60786800F02AF87B68002283F8FA
:104FC80046207B68002283F83E207B68002283F815
:104FD8003F207B68002283F842207B68002283F808
:104FE80043207B68002283F83D207B68002283F8F9
:104FF8003C20002318460837BD4680BD80B483B0E6
:1050080000AF786000BF0C37BD4680BC704780B4E5
:1050180083B000AF786000BF0C37BD4680BC7047D6
:1050280080B584B000AF786039607B6893F83E3013
:10503800FB737B6893F83F30BB737B6893F842300F
:105048007B737B6893F843303B733B68002B10D12C
:10505800FB7B012B02D17B7B012B01D0012369E073
:105068007B68022283F83E207B68022283F8422074
:1050780031E03B68042B10D1BB7B012B02D13B7B79
:10508800012B01D0012355E07B68022283F83F20E1
:105098007B68022283F843201DE0FB7B012B08D1AB
:1050A800BB7B012B05D17B7B012B02D13B7B012BE9
:1050B80001D001233EE07B68022283F83E207B6812
:1050C800022283F83F207B68022283F842207B6813
:1050D800022283F843203B68002B03D03B68042B53
:1050E80008D00FE07B681B6801220021184602F0F7
:1050F80042FD16E07B681B6801220421184602F075
:105108003AFD0EE07B681B6801220021184602F078
:1051180032FD7B681B6801220421184602F02BFD32
:1051280000BF7B681B681A687B681B6842F0010235
:105138001A60002318461037BD4680BD80B582B07E
:1051480000AF786039603B68002B03D03B68042BC4
:1051580008D00FE07B681B6800220021184602F087
:105168000AFD16E07B681B6800220421184602F03D
:1051780002FD0EE07B681B6800220021184602F041
:10518800FAFC7B681B6800220421184602F0F3FC35
:1051980000BF7B681B681A6A41F211131340002B89
:1051A8000FD17B681B681A6A40F244431340002BF6
:1051B80007D17B681B681A687B681B6822F00102AC
:1051C8001A603B68002B02D03B68042B38D13B683F
:1051D800002B04D17B68012283F83E2013E03B6852
:1051E800042B04D17B68012283F83F200BE03B6845
:1051F800082B04D17B68012283F8402003E07B68F8
:10520800012283F841203B68002B04D17B680122EE
:1052180083F8422024E03B68042B04D17B680122F8
:1052280083F843201CE03B68082B04D17B680122EB
:1052380083F8442014E07B68012283F845200FE0BE
:105248007B68012283F83E207B68012283F83F2097
:105258007B68012283F842207B68012283F843207F
:10526800002318460837BD4680BD80B584B000AF1E
:10527800786039607B6893F83E30FB737B6893F8FD
:105288003F30BB737B6893F842307B737B6893F83D
:1052980043303B733B68002B10D1FB7B012B02D1C1
:1052A8007B7B012B01D0012389E07B68022283F8F4
:1052B8003E207B68022283F8422031E03B68042BC1
:1052C80010D1BB7B012B02D13B7B012B01D00123E9
:1052D80075E07B68022283F83F207B68022283F80E
:1052E80043201DE0FB7B012B08D1BB7B012B05D1A3
:1052F8007B7B012B02D13B7B012B01D001235EE09C
:105308007B68022283F83E207B68022283F83F20D4
:105318007B68022283F842207B68022283F84320BC
:105328003B68002B03D03B68042B10D01FE07B6840
:105338001B6801220021184602F01DFC7B681B68CF
:10534800DA687B681B6842F00202DA602EE07B684C
:105358001B6801220421184602F00DFC7B681B68BB
:10536800DA687B681B6842F00402DA601EE07B683A
:105378001B6801220021184602F0FDFB7B681B68B0
:1053880001220421184602F0F6FB7B681B68DA68E4
:105398007B681B6842F00202DA607B681B68DA6887
:1053A8007B681B6842F00402DA6000BF7B681B68F8
:1053B8001A687B681B6842F001021A6000231846CD
:1053C8001037BD4680BD80B582B000AF78603960C7
:1053D8003B68002B0FD17B681B6800220021184610
:1053E80002F0C9FB7B681B68DA687B681B6822F0DF
:1053F8000202DA6030E03B68042B0FD17B681B683F
:1054080000220421184602F0B6FB7B681B68DA68A4
:105418007B681B6822F00402DA601DE07B681B6869
:1054280000220021184602F0A6FB7B681B680022B8
:105438000421184602F09FFB7B681B68DA687B68CA
:105448001B6822F00202DA607B681B68DA687B68F6
:105458001B6822F00402DA607B681B681A6A41F252
:1054680011131340002B0FD17B681B681A6A40F296
:1054780044431340002B07D17B681B681A687B687C
:105488001B6822F001021A603B68002B02D03B68BF
:10549800042B38D13B68002B04D17B68012283F8A8
:1054A8003E2013E03B68042B04D17B68012283F87B
:1054B8003F200BE03B68082B04D17B68012283F86E
:1054C800402003E07B68012283F841203B68002BE1
:1054D80004D17B68012283F8422024E03B68042B36
:1054E80004D17B68012283F843201CE03B68082B29
:1054F80004D17B68012283F8442014E07B680122F0
:1055080083F845200FE07B68012283F83E207B6802
:10551800012283F83F207B68012283F842207B68C0
:10552800012283F84320002318460837BD4680BD72
:1055380080B586B000AFF860B9607A603B60FB6800
:1055480093F83E30FB75FB6893F83F30BB75FB68FA
:1055580093F842307B75FB6893F843303B75BB6822
:10556800002B20D1FB7D022B02D07B7D022B01D1A9
:1055780002233FE1FB7D012B13D17B7D012B10D151
:105588007B68002B02D03B8C002B01D1012331E139
:10559800FB68022283F83E20FB68022283F842203F
:1055A8005DE0012326E1BB68042B20D1BB7D022BE3
:1055B80002D03B7D022B01D102231BE1BB7D012BD5
:1055C80013D13B7D012B10D13B68002B02D03B8CC3
:1055D800002B01D101230DE1FB68022283F83F2053
:1055E800FB68022283F8432039E0012302E1FB7DB6
:1055F800022B08D0BB7D022B05D07B7D022B02D06D
:105608003B7D022B01D10223F4E0FB7D012B24D149
:10561800BB7D012B21D17B7D012B1ED13B7D012B35
:105628001BD17B68002B05D03B68002B02D03B8C3C
:10563800002B01D10123DDE0FB68022283F83E2024
:10564800FB68022283F83F20FB68022283F842208D
:10565800FB68022283F8432001E00123CAE0BB680B
:10566800002B03D0BB68042B33D065E0FB685B6A72
:10567800624ADA63FB685B6A614A1A64FB685B6AC0
:10568800604ADA64FB68586AFB681B683433194659
:105698007A683B8C04F0A3FD0346002B01D001235C
:1056A800A8E0FB681B68DA68FB681B6842F40072B4
:1056B800DA60FB681B6801220021184602F05BFAD9
:1056C800FB681B681A68FB681B6842F001021A60D5
:1056D8008FE0FB689B6A494ADA63FB689B6A484A21
:1056E8001A64FB689B6A474ADA64FB68986AFB6835
:1056F8001B68383319463A683B8C04F070FD034642
:10570800002B01D0012375E0FB681B68DA68FB6891
:105718001B6842F48062DA60FB681B68012204217E
:10572800184602F028FAFB681B681A68FB681B68B1
:1057380042F001021A605CE0FB685B6A2F4ADA6398
:10574800FB685B6A2E4A1A64FB685B6A2D4ADA6456
:10575800FB68586AFB681B68343319467A683B8CC7
:1057680004F03DFD0346002B01D0012342E0FB6815
:105778009B6A224ADA63FB689B6A214A1A64FB68BF
:105788009B6A204ADA64FB68986AFB681B683833AE
:1057980019463A683B8C04F022FD0346002B01D0E1
:1057A800012327E0FB681B68DA68FB681B6842F482
:1057B8000072DA60FB681B68DA68FB681B6842F4F1
:1057C8008062DA60FB681B6801220021184602F03B
:1057D800D2F9FB681B6801220421184602F0CBF9B4
:1057E800FB681B681A68FB681B6842F001021A60B4
:1057F80000BF002318461837BD4680BD75700008E5
:105808003D710008D36E000880B582B000AF7860A3
:1058180039603B68002B14D17B681B68002200218B
:10582800184602F0A8F97B681B68DA687B681B6871
:1058380022F40072DA607B685B6A184604F097FD10
:105848003FE03B68042B14D17B681B6800220421CD
:10585800184602F090F97B681B68DA687B681B6859
:1058680022F48062DA607B689B6A184604F07FFD48
:1058780027E07B681B6800220021184602F07BF9AC
:105888007B681B6800220421184602F074F97B68C3
:105898001B68DA687B681B6822F40072DA607B6830
:1058A8001B68DA687B681B6822F48062DA607B68B0
:1058B8005B6A184604F05BFD7B689B6A184604F037
:1058C80056FD7B681B681A6A41F211131340002BBE
:1058D8000FD17B681B681A6A40F244431340002BBF
:1058E80007D17B681B681A687B681B6822F0010275
:1058F8001A603B68002B02D03B68042B38D13B6808
:10590800002B04D17B68012283F83E2013E03B681A
:10591800042B04D17B68012283F83F200BE03B680D
:10592800082B04D17B68012283F8402003E07B68C0
:10593800012283F841203B68002B04D17B680122B7
:1059480083F8422024E03B68042B04D17B680122C1
:1059580083F843201CE03B68082B04D17B680122B4
:1059680083F8442014E07B68012283F845200FE087
:105978007B68012283F83E207B68012283F83F2060
:105988007B68012283F842207B68012283F8432048
:10599800002318460837BD4680BD80B584B000AFE7
:1059A80078607B681B68DB68FB607B681B681B6929
:1059B800BB60BB6803F00203002B20D0FB6803F038
:1059C8000203002B1BD07B681B686FF002021A6170
:1059D8007B6801221A777B681B689B6903F00303C5
:1059E800002B03D0786801F0A4F905E0786801F08D
:1059F80097F9786801F0AFF97B6800221A77BB68DD
:105A080003F00403002B20D0FB6803F00403002BF1
:105A18001BD07B681B686FF004021A617B68022246
:105A28001A777B681B689B6903F44073002B03D0CB
:105A3800786801F07EF905E0786801F071F9786816
:105A480001F089F97B6800221A77BB6803F0080324
:105A5800002B20D0FB6803F00803002B1BD07B68C9
:105A68001B686FF008021A617B6804221A777B684A
:105A78001B68DB6903F00303002B03D0786801F08F
:105A880058F905E0786801F04BF9786801F063F996
:105A98007B6800221A77BB6803F01003002B20D024
:105AA800FB6803F01003002B1BD07B681B686FF0AA
:105AB80010021A617B6808221A777B681B68DB6909
:105AC80003F44073002B03D0786801F032F905E045
:105AD800786801F025F9786801F03DF97B680022C3
:105AE8001A77BB6803F00103002B0CD0FB6803F0A6
:105AF8000103002B07D07B681B686FF001021A6155
:105B0800786805F03BFABB6803F08003002B0CD0E3
:105B1800FB6803F08003002B07D07B681B686FF0DD
:105B280080021A61786804F014F9BB6803F0400336
:105B3800002B0CD0FB6803F04003002B07D07B68D8
:105B48001B686FF040021A61786801F016F9BB68AB
:105B580003F02003002B0CD0FB6803F02003002B7C
:105B680007D07B681B686FF020021A61786804F020
:105B7800DEF800BF1037BD4680BD80B586B000AFE7
:105B8800F860B9607A600023FB75FB6893F83C30D5
:105B9800012B01D102233AE0FB68012283F83C2063
:105BA8007B680C2B24D07B680C2B28D87B68082BAF
:105BB80017D07B68082B22D87B68002B03D07B6822
:105BC800042B07D01BE0FB681B68B968184601F076
:105BD800D9FB17E0FB681B68B968184601F042FC5E
:105BE80010E0FB681B68B968184601F0AFFC09E0D3
:105BF800FB681B68B968184601F01CFD02E0012328
:105C0800FB7500BFFB68002283F83C20FB7D18462B
:105C18001837BD4680BD80B586B000AFF860B96062
:105C28007A600023FB75FB6893F83C30012B01D1A7
:105C3800022388E0FB68012283F83C207B68002B64
:105C48001BD1FB681868BB681968BB685A68BB68D1
:105C5800DB6801F0D4FDFB681B689A69FB681B6868
:105C680022F00C029A61FB681B689969BB689A6804
:105C7800FB681B680A439A6160E07B68042B1CD1AF
:105C8800FB681868BB681968BB685A68BB68DB683A
:105C980001F056FEFB681B689A69FB681B6822F4D2
:105CA80040629A61FB681B689969BB689B681A0225
:105CB800FB681B680A439A6140E07B68082B1BD18C
:105CC800FB681868BB681968BB685A68BB68DB68FA
:105CD80001F0A1FEFB681B68DA69FB681B6822F00B
:105CE8000C02DA61FB681B68D969BB689A68FB68B3
:105CF8001B680A43DA6121E07B680C2B1CD1FB6826
:105D08001868BB681968BB685A68BB68DB6801F02B
:105D1800BDFEFB681B68DA69FB681B6822F44062F9
:105D2800DA61FB681B68D969BB689B681A02FB6863
:105D38001B680A43DA6101E00123FB75FB68002256
:105D480083F83C20FB7D18461837BD4680BD80B5DA
:105D580086B000AFF860B9607A600023FB75FB6815
:105D680093F83C30012B01D10223A2E0FB68012209
:105D780083F83C207B680C2B72D07B680C2B00F2DC
:105D880090807B68082B4BD07B68082B00F28980B9
:105D98007B68002B03D07B68042B20D081E0FB6854
:105DA8001B68B968184601F0EDFAFB681B689A6928
:105DB800FB681B6842F008029A61FB681B689A69D5
:105DC800FB681B6822F004029A61FB681B689969EA
:105DD800BB681A69FB681B680A439A6164E0FB6840
:105DE8001B68B968184601F03DFBFB681B689A6997
:105DF800FB681B6842F400629A61FB681B689A6939
:105E0800FB681B6822F480629A61FB681B689969C9
:105E1800BB681B691A02FB681B680A439A6143E066
:105E2800FB681B68B968184601F090FBFB681B68A3
:105E3800DA69FB681B6842F00802DA61FB681B68D4
:105E4800DA69FB681B6822F00402DA61FB681B68E8
:105E5800D969BB681A69FB681B680A43DA6123E0E1
:105E6800FB681B68B968184601F0E4FBFB681B680F
:105E7800DA69FB681B6842F40062DA61FB681B6838
:105E8800DA69FB681B6822F48062DA61FB681B68C8
:105E9800D969BB681B691A02FB681B680A43DA6187
:105EA80002E00123FB7500BFFB68002283F83C2059
:105EB800FB7D18461837BD4680BD80B58CB000AF55
:105EC800F860B9607A603B60002387F82F307A6801
:105ED8003B689A4200F0BE80FB6893F83C30012B87
:105EE80001D10223B7E0FB68012283F83C20FB685C
:105EF800022283F83D20BB681B683B61BB685B6876
:105F08007B61BB689B68BB61BB68DB68FB61BB6886
:105F18001B697B62BB685B69BB627B68002B03D033
:105F28007B68042B09D011E0FB681B6807F110029D
:105F38001146184601F026FA0CE0FB681B6807F1C9
:105F480010021146184601F08DFA03E0012387F884
:105F58002F3000BF97F82F30002B70D13B68002BF3
:105F680003D03B68042B33D065E0FB681868BB6836
:105F78009969BB68DA69BB681B6A01F040FCFB6879
:105F88001B689A69FB681B6822F00C029A61FB681F
:105F98001B689A68FB681B6822F070029A60FB68AD
:105FA8001B689A68FB681B6842F050029A60FB689D
:105FB8001B689A68FB681B6822F007029A60FB68F6
:105FC8001B689A68FB681B6842F006029A6036E014
:105FD800FB681868BB689969BB68DA69BB681B6AA3
:105FE80001F0AEFCFB681B689A69FB681B6822F429
:105FF80040629A61FB681B689A68FB681B6822F01C
:1060080070029A60FB681B689A68FB681B6842F01C
:1060180060029A60FB681B689A68FB681B6822F03C
:1060280007029A60FB681B689A68FB681B6842F065
:1060380006029A6003E0012387F82F3000BFFB684F
:10604800012283F83D20FB68002283F83C2097F862
:106058002F3000E0012318463037BD4680BD80B59B
:1060680088B002AFF860B9607A603B603B6A1B0A8F
:10607800013301933B6A00933B687A68B968F86812
:1060880000F007F80346FB75FB7D18461837BD4638
:1060980080BD80B586B000AFF860B9607A603B60BB
:1060A8000023FB75FB6893F84630DBB2022B01D165
:1060B80002232BE1FB6893F84630DBB2012B0BD1AE
:1060C8003B68002B04D13B6A002B01D001231DE162
:1060D800FB68022283F846207B68B3F5804F00F006
:1060E800D8807B68B3F5804F00F2EE807B68B3F50B
:1060F800005F00F0B3807B68B3F5005F00F2E480D6
:106108007B68B3F5805F00F08E807B68B3F5805FB5
:1061180000F2DA807B68B3F5006F69D07B68B3F56D
:10612800006F00F2D1807B68B3F5806F45D07B6843
:10613800B3F5806F00F2C8807B68B3F5807F04D028
:106148007B68B3F5007F1CD0BEE0FB681B6A714A10
:10615800DA63FB681B6A704A1A64FB681B6A6F4A39
:10616800DA64FB68186A3968FB681B684C331A469E
:106178007B6A04F034F80346002B00F0A880012362
:10618800C4E0FB685B6A664ADA63FB685B6A654A77
:106198001A64FB685B6A614ADA64FB68586A3968A2
:1061A800FB681B684C331A467B6A04F018F80346F0
:1061B800002B00F08E800123A8E0FB689B6A584AF8
:1061C800DA63FB689B6A574A1A64FB689B6A534AFE
:1061D800DA64FB68986A3968FB681B684C331A46AE
:1061E8007B6A03F0FCFF0346002B74D001238DE08B
:1061F800FB68DB6A4A4ADA63FB68DB6A494A1A6465
:10620800FB68DB6A454ADA64FB68D86A3968FB6868
:106218001B684C331A467B6A03F0E1FF0346002BE8
:106228005BD0012372E0FB681B6B3D4ADA63FB68B5
:106238001B6B3C4A1A64FB681B6B384ADA64FB68C0
:10624800186B3968FB681B684C331A467B6A03F085
:10625800C6FF0346002B42D0012357E0FB685B6B67
:10626800314ADA63FB685B6B304A1A64FB685B6B24
:106278002A4ADA64FB68586B3968FB681B684C3338
:106288001A467B6A03F0ABFF0346002B29D0012393
:106298003CE0FB689B6B264ADA63FB689B6B254AEC
:1062A8001A64FB689B6B1D4ADA64FB68986B396853
:1062B800FB681B684C331A467B6A03F090FF034661
:1062C800002B10D0012321E00123FB750CE000BF57
:1062D8000AE000BF08E000BF06E000BF04E000BF1E
:1062E80002E000BF00E000BFFB7D002B0DD1FB6882
:1062F8001B68B9683A6A0A439A64FB681B68D968DC
:10630800FB681B687A680A43DA60FB7D1846183711
:10631800BD4680BDA5710008D3710008D36E000882
:10632800656F00080D700008D59D0008F99D0008EC
:10633800EF7100081D72000880B584B000AF786066
:1063480039600023FB733B68B3F5804F50D03B683E
:10635800B3F5804F52D83B68B3F5005F42D03B6835
:10636800B3F5005F4AD83B68B3F5805F34D03B682B
:10637800B3F5805F42D83B68B3F5006F26D03B6821
:10638800B3F5006F3AD83B68B3F5806F18D03B6817
:10639800B3F5806F32D83B68B3F5807F04D03B6893
:1063A800B3F5007F06D029E07B681B6A184603F026
:1063B800DEFF26E07B685B6A184603F0D8FF20E022
:1063C8007B689B6A184603F0D2FF1AE07B68DB6A99
:1063D800184603F0CCFF14E07B681B6B184603F0EB
:1063E800C6FF0EE07B685B6B184603F0C0FF08E051
:1063F8007B689B6B184603F0BAFF02E00123FB732E
:1064080000BFFB7B002B0CD17B681B68D9683B68FD
:10641800DA437B681B680A40DA607B68012283F8EC
:106428004620FB7B18461037BD4680BD80B588B036
:1064380002AFF860B9607A603B603B6A1B0A0133BF
:1064480001933B6A00933B687A68B968F86800F082
:1064580007F80346FB75FB7D18461837BD4680BD17
:1064680080B586B000AFF860B9607A603B60002301
:10647800FB75FB6893F84630DBB2022B01D102238F
:106488002BE1FB6893F84630DBB2012B0BD13B685C
:10649800002B04D13B6A002B01D001231DE1FB68CE
:1064A800022283F846207B68B3F5804F00F0D8803D
:1064B8007B68B3F5804F00F2EE807B68B3F5005F30
:1064C80000F0B3807B68B3F5005F00F2E4807B687E
:1064D800B3F5805F00F08E807B68B3F5805F00F2D3
:1064E800DA807B68B3F5006F69D07B68B3F5006F1D
:1064F80000F2D1807B68B3F5806F45D07B68B3F537
:10650800806F00F2C8807B68B3F5807F04D07B6819
:10651800B3F5007F1CD0BEE0FB681B6A714ADA63E2
:10652800FB681B6A704A1A64FB681B6A6F4ADA6464
:10653800FB68186AFB681B684C3319463A687B6A23
:1065480003F04DFE0346002B00F0A8800123C4E0B1
:10655800FB685B6A664ADA63FB685B6A654A1A64C9
:10656800FB685B6A614ADA64FB68586AFB681B6807
:106578004C3319463A687B6A03F031FE0346002B18
:1065880000F08E800123A8E0FB689B6A584ADA6312
:10659800FB689B6A574A1A64FB689B6A534ADA6429
:1065A800FB68986AFB681B684C3319463A687B6A33
:1065B80003F015FE0346002B74D001238DE0FB6821
:1065C800DB6A4B4ADA63FB68DB6A4A4A1A64FB688F
:1065D800DB6A464ADA64FB68D86AFB681B684C3396
:1065E80019463A687B6A03F0FAFD0346002B5BD034
:1065F800012372E0FB681B6B3D4ADA63FB681B6B87
:106608003C4A1A64FB681B6B384ADA64FB68186BEF
:10661800FB681B684C3319463A687B6A03F0DFFD58
:106628000346002B42D0012357E0FB685B6B324ADC
:10663800DA63FB685B6B314A1A64FB685B6B2B4A55
:10664800DA64FB68586BFB681B684C3319463A6878
:106658007B6A03F0C4FD0346002B29D001233CE0EC
:10666800FB689B6B264ADA63FB689B6B254A1A64B6
:10667800FB689B6B1D4ADA64FB68986BFB681B68B8
:106688004C3319463A687B6A03F0A9FD0346002B90
:1066980010D0012321E00123FB750CE000BF0AE0C4
:1066A80000BF08E000BF06E000BF04E000BF02E052
:1066B80000BF00E000BFFB7D002B0DD1FB681B680D
:1066C800B9683A6A0A439A64FB681B68D968FB6828
:1066D8001B687A680A43DA60FB7D18461837BD469E
:1066E80080BD00BFA5710008D3710008D36E0008F3
:1066F800757000083D710008D59D0008F99D0008D7
:10670800EF7100081D72000880B584B000AF786092
:1067180039600023FB733B68B3F5804F50D03B686A
:10672800B3F5804F52D83B68B3F5005F42D03B6861
:10673800B3F5005F4AD83B68B3F5805F34D03B6857
:10674800B3F5805F42D83B68B3F5006F26D03B684D
:10675800B3F5006F3AD83B68B3F5806F18D03B6843
:10676800B3F5806F32D83B68B3F5807F04D03B68BF
:10677800B3F5007F06D029E07B681B6A184603F052
:10678800F6FD26E07B685B6A184603F0F0FD20E022
:106798007B689B6A184603F0EAFD1AE07B68DB6AAF
:1067A800184603F0E4FD14E07B681B6B184603F001
:1067B800DEFD0EE07B685B6B184603F0D8FD08E051
:1067C8007B689B6B184603F0D2FD02E00123FB7344
:1067D80000BFFB7B002B0CD17B681B68D9683B682A
:1067E800DA437B681B680A40DA607B68012283F819
:1067F8004620FB7B18461037BD4680BD80B483B069
:1068080000AF786039607B6893F83C30012B01D188
:10681800022314E07B68012283F83C207B68022273
:1068280083F83D207B681B683A685A617B680122BF
:1068380083F83D207B68002283F83C20002318461B
:106848000C37BD4680BC704780B586B000AFF86095
:10685800B9607A600023FB75FB6893F83C30012B24
:1068680001D10223ABE0FB68012283F83C20FB68DE
:10687800022283F83D20BB685B68002B02D0012B05
:1068880009D021E0FB681B689A68FB681B6822F442
:106898007F429A601BE0BB68DB68002B09D0FB686D
:1068A800012283F83D20FB68002283F83C20012365
:1068B80085E0FB681868BB68D968BB689A68BB68DC
:1068C8001B6901F039F902E00123FB7500BFFB7D6C
:1068D800002B6BD17B680C2B51D07B680C2B64D8B8
:1068E8007B68082B35D07B68082B5ED87B68002B2B
:1068F80003D07B68042B16D057E0BB681B68002BBD
:1069080008D0FB681B689A69FB681B6842F0800224
:106918009A614BE0FB681B689A69FB681B6822F068
:1069280080029A6142E0BB681B68002B08D0FB68B4
:106938001B689A69FB681B6842F400429A6135E05B
:10694800FB681B689A69FB681B6822F400429A611D
:106958002CE0BB681B68002B08D0FB681B68DA6951
:10696800FB681B6842F08002DA611FE0FB681B6865
:10697800DA69FB681B6822F08002DA6116E0BB68FE
:106988001B68002B08D0FB681B68DA69FB681B686A
:1069980042F40042DA6109E0FB681B68DA69FB68C7
:1069A8001B6822F40042DA6100E000BFFB680122A4
:1069B80083F83D20FB68002283F83C20FB7D1846C5
:1069C8001837BD4680BD80B584B000AF78603960A7
:1069D8000023FB737B6893F83C30012B01D1022321
:1069E800B4E07B68012283F83C207B68022283F8AC
:1069F8003D207B681B689B68BB60BB6823F07703FE
:106A0800BB60BB6823F47F43BB607B681B68BA68C4
:106A18009A603B681B68B3F5005F3ED0B3F5005F32
:106A280000F28780B3F5805F00F08680B3F5805F61
:106A38007FD8702B1AD0702B7BD8602B50D0602B4E
:106A480077D8502B3CD0502B73D8402B58D0402BA4
:106A58006FD8302B64D0302B6BD8202B60D0202BF4
:106A680067D8002B5CD0102B5AD062E07B6818687E
:106A78003B6899683B685A683B68DB6801F05CF8DA
:106A88007B681B689B68BB60BB6843F07703BB608F
:106A98007B681B68BA689A604FE07B6818683B6837
:106AA80099683B685A683B68DB6801F045F87B6881
:106AB8001B689A687B681B6842F480429A603CE0D5
:106AC8007B6818683B6859683B68DB681A4600F0C1
:106AD80009FF7B681B685021184601F013F82CE069
:106AE8007B6818683B6859683B68DB681A4600F0A1
:106AF80063FF7B681B686021184601F003F81CE0FF
:106B08007B6818683B6859683B68DB681A4600F080
:106B1800E9FE7B681B684021184600F0F3FF0CE093
:106B28007B681A683B681B681946104600F0EAFF44
:106B380003E00123FB7300E000BF7B68012283F8B8
:106B48003D207B68002283F83C20FB7B18461037E9
:106B5800BD4680BD80B485B000AF786039607B6881
:106B68001B685B68FB60FB6823F08003FB60FA68C6
:106B78003B681343FB607B681B68FA685A60002314
:106B880018461437BD4680BC704780B582B000AF48
:106B9800786039607B6893F83C30012B01D102237F
:106BA80031E07B68012283F83C207B68022283F86D
:106BB8003D203968786800F091FD0346002B09D024
:106BC8007B68012283F83D207B68002283F83C2003
:106BD800012318E07B681B68DA687B681B6822F071
:106BE8004002DA607B681B68DA687B681B6822F4FD
:106BF8008042DA607B68012283F83D207B680022AE
:106C080083F83C20002318460837BD4680BD80B570
:106C180082B000AF786039607B6893F83C30012B14
:106C280001D1022331E07B68012283F83C207B6894
:106C3800022283F83D203968786800F04FFD03464A
:106C4800002B09D07B68012283F83D207B68002255
:106C580083F83C20012318E07B681B68DA687B68AE
:106C68001B6842F04002DA607B681B68DA687B6860
:106C78001B6822F48042DA607B68012283F83D2099
:106C88007B68002283F83C20002318460837BD465D
:106C980080BD80B485B000AF786039600023FB60A8
:106CA8003B680C2B1ED03B680C2B20D83B68082B6C
:106CB80013D03B68082B1AD83B68002B03D03B68DD
:106CC800042B05D013E07B681B685B6BFB600FE04F
:106CD8007B681B689B6BFB600AE07B681B68DB6B4F
:106CE800FB6005E07B681B681B6CFB6000E000BF75
:106CF800FB6818461437BD4680BC704780B483B023
:106D080000AF786000BF0C37BD4680BC704780B4C8
:106D180083B000AF786000BF0C37BD4680BC7047B9
:106D280080B483B000AF786000BF0C37BD4680BC2C
:106D3800704780B483B000AF786000BF0C37BD46A1
:106D480080BC704780B483B000AF786000BF0C3758
:106D5800BD4680BC704780B483B000AF786000BF88
:106D68000C37BD4680BC704780B483B000AF7860F4
:106D780000BF0C37BD4680BC704780B483B000AFFD
:106D8800786000BF0C37BD4680BC704780B483B0C4
:106D980000AF786000BF0C37BD4680BC704780B438
:106DA80083B000AF786000BF0C37BD4680BC704729
:106DB80080B483B000AF78607B6893F83D30DBB275
:106DC80018460C37BD4680BC704780B483B000AF0E
:106DD80078607B6893F83D30DBB218460C37BD46C7
:106DE80080BC704780B483B000AF78607B6893F84C
:106DF8003D30DBB218460C37BD4680BC704780B4C6
:106E080083B000AF78607B6893F83D30DBB21846FA
:106E18000C37BD4680BC704780B483B000AF786043
:106E28007B6893F83D30DBB218460C37BD4680BC12
:106E3800704780B483B000AF78607B6893F83D30CA
:106E4800DBB218460C37BD4680BC704780B483B0AF
:106E580000AF78607B681B7F18460C37BD4680BC46
:106E6800704780B485B000AF786039603B68002B0C
:106E780004D17B6893F83E30FB7313E03B68042B26
:106E880004D17B6893F83F30FB730BE03B68082B19
:106E980004D17B6893F84030FB7303E07B6893F878
:106EA8004130FB73FB7B18461437BD4680BC7047E6
:106EB80080B483B000AF78607B6893F84630DBB26B
:106EC80018460C37BD4680BC704780B584B000AF0B
:106ED80078607B689B6BFB60FB685B6A7A689A42A8
:106EE80007D1FB6801221A77FB68012283F83E204C
:106EF8002AE0FB689B6A7A689A4207D1FB680222FB
:106F08001A77FB68012283F83F201DE0FB68DB6AE3
:106F18007A689A4207D1FB6804221A77FB68012233
:106F280083F8402010E0FB681B6B7A689A4207D10F
:106F3800FB6808221A77FB68012283F8412003E0E6
:106F4800FB68012283F83D20F868FFF728FFFB68FB
:106F580000221A7700BF1037BD4680BD80B584B0C7
:106F680000AF78607B689B6BFB60FB685B6A7A6844
:106F78009A420BD1FB6801221A777B68DB69002BE8
:106F880036D1FB68012283F83E2031E0FB689B6A1A
:106F98007A689A420BD1FB6802221A777B68DB6910
:106FA800002B25D1FB68012283F83F2020E0FB68F5
:106FB800DB6A7A689A420BD1FB6804221A777B68ED
:106FC800DB69002B14D1FB68012283F840200FE015
:106FD800FB681B6B7A689A420AD1FB6808221A7709
:106FE8007B68DB69002B03D1FB68012283F8412011
:106FF800F868FFF7B0FEFB6800221A7700BF103769
:10700800BD4680BD80B584B000AF78607B689B6B5F
:10701800FB60FB685B6A7A689A4203D1FB680122CD
:107028001A7719E0FB689B6A7A689A4203D1FB6871
:1070380002221A7710E0FB68DB6A7A689A4203D169
:10704800FB6804221A7707E0FB681B6B7A689A4290
:1070580002D1FB6808221A77F868FFF785FEFB68FB
:1070680000221A7700BF1037BD4680BD80B584B0B6
:1070780000AF78607B689B6BFB60FB685B6A7A6833
:107088009A420FD1FB6801221A777B68DB69002BD3
:1070980046D1FB68012283F83E20FB68012283F871
:1070A80042203DE0FB689B6A7A689A420FD1FB68F0
:1070B80002221A777B68DB69002B31D1FB68012239
:1070C80083F83F20FB68012283F8432028E0FB680F
:1070D800DB6A7A689A420FD1FB6804221A777B68C8
:1070E800DB69002B1CD1FB68012283F84020FB6878
:1070F800012283F8442013E0FB681B6B7A689A42EC
:107108000ED1FB6808221A777B68DB69002B07D150
:10711800FB68012283F84120FB68012283F845209F
:10712800F868FFF706FEFB6800221A7700BF1037E1
:10713800BD4680BD80B584B000AF78607B689B6B2E
:10714800FB60FB685B6A7A689A4203D1FB6801229C
:107158001A7719E0FB689B6A7A689A4203D1FB6840
:1071680002221A7710E0FB68DB6A7A689A4203D138
:10717800FB6804221A7707E0FB681B6B7A689A425F
:1071880002D1FB6808221A77F868FFF7DBFDFB6875
:1071980000221A7700BF1037BD4680BD80B584B085
:1071A80000AF78607B689B6BFB60FB681B6ADB69E0
:1071B800002B03D1FB68012283F83D20F86803F017
:1071C800DDFE00BF1037BD4680BD80B584B000AF7E
:1071D80078607B689B6BFB60F868FFF798FD00BFE1
:1071E8001037BD4680BD80B584B000AF78607B683D
:1071F8009B6BFB60FB689B6BDB69002B03D1FB6817
:10720800012283F83D20F868FFF7B7FD00BF10376B
:10721800BD4680BD80B584B000AF78607B689B6B4D
:10722800FB60F868FFF7B2FD00BF1037BD4680BDB0
:1072380080B485B000AF786039607B681B68FB60FC
:107248007B68454A934213D07B68B3F1804F0FD0D7
:107258007B68424A93420BD07B68414A934207D0ED
:107268007B68404A934203D07B683F4A934208D1E7
:10727800FB6823F07003FB603B685B68FA681343A4
:10728800FB607B68344A93422BD07B68B3F1804F14
:1072980027D07B68314A934223D07B68304A934297
:1072A8001FD07B682F4A93421BD07B682E4A93429B
:1072B80017D07B682D4A934213D07B682C4A93429F
:1072C8000FD07B682B4A93420BD07B682A4A9342A3
:1072D80007D07B68294A934203D07B68284A9342A7
:1072E80008D1FB6823F44073FB603B68DB68FA68ED
:1072F8001343FB60FB6823F080023B685B69134320
:10730800FB607B68FA681A603B689A687B68DA6297
:107318003B681A687B689A627B680F4A934203D07D
:107328007B68114A934203D13B681A697B681A63E8
:107338007B6801225A617B681B6903F00103012BFA
:1073480005D17B681B6923F001027B681A6100BFC5
:107358001437BD4680BC704700000140000400405F
:1073680000080040000C00400004014000400140BB
:10737800004401400048014000180040001C004043
:107388000020004080B487B000AF786039607B6827
:107398001B6A7B617B681B6A23F001027B681A62A7
:1073A8007B685B683B617B689B69FB60FB6823F0DB
:1073B8007003FB60FB6823F00303FB603B681B68FA
:1073C800FA681343FB607B6923F002037B613B6827
:1073D8009B687A6913437B617B68204A934203D098
:1073E8007B681F4A93420CD17B6923F008037B61B9
:1073F8003B68DB687A6913437B617B6923F004038C
:107408007B617B68154A934203D07B68144A934298
:1074180011D13B6923F480733B613B6923F400730A
:107428003B613B685B693A6913433B613B689B6915
:107438003A6913433B617B683A695A607B68FA682A
:107448009A613B685A687B685A637B687A691A62F2
:1074580000BF1C37BD4680BC704700BF000001401C
:107468000004014080B487B000AF786039607B6861
:107478001B6A7B617B681B6A23F010027B681A62B7
:107488007B685B683B617B689B69FB60FB6823F4F6
:10749800E043FB60FB6823F44073FB603B681B68B8
:1074A8001B02FA681343FB607B6923F020037B61AE
:1074B8003B689B681B017A6913437B617B68214A9F
:1074C800934203D07B68204A93420DD17B6923F015
:1074D80080037B613B68DB681B017A6913437B612E
:1074E8007B6923F040037B617B68164A934203D093
:1074F8007B68154A934213D13B6923F480633B614F
:107508003B6923F400633B613B685B699B003A6914
:1075180013433B613B689B699B003A6913433B619A
:107528007B683A695A607B68FA689A613B685A686E
:107538007B689A637B687A691A6200BF1C37BD460C
:1075480080BC7047000001400004014080B487B04F
:1075580000AF786039607B681B6A7B617B681B6A57
:1075680023F480727B681A627B685B683B617B6886
:10757800DB69FB60FB6823F07003FB60FB6823F0AA
:107588000303FB603B681B68FA681343FB607B6975
:1075980023F400737B613B689B681B027A69134381
:1075A8007B617B68214A934203D07B68204A9342DF
:1075B8000DD17B6923F400637B613B68DB681B02A8
:1075C8007A6913437B617B6923F480637B617B6801
:1075D800164A934203D07B68154A934213D13B69FC
:1075E80023F480533B613B6923F400533B613B68C0
:1075F8005B691B013A6913433B613B689B691B014B
:107608003A6913433B617B683A695A607B68FA6858
:10761800DA613B685A687B68DA637B687A691A6260
:1076280000BF1C37BD4680BC704700BF000001404A
:107638000004014080B487B000AF786039607B688F
:107648001B6A3B617B681B6A23F480527B681A6261
:107658007B685B687B617B68DB69FB60FB6823F4A4
:10766800E043FB60FB6823F44073FB603B681B68E6
:107678001B02FA681343FB603B6923F400533B6128
:107688003B689B681B033A6913433B617B68114A5B
:10769800934203D07B68104A934209D17B6923F453
:1076A80080437B613B685B699B017A6913437B611B
:1076B8007B687A695A607B68FA68DA613B685A685D
:1076C8007B681A647B683A691A6200BF1C37BD463A
:1076D80080BC7047000001400004014080B586B0BE
:1076E80000AF786039600023FB757B681B689B6876
:1076F8003B613B6923F070033B613B685B683A6917
:1077080013433B613B6923F007033B613B681B68FC
:107718003A6913433B617B681B683A699A603B6826
:107728005B68702B1AD0702B60D8602B54D0602BFC
:107738005CD8502B46D0502B58D8402B19D0402B12
:1077480054D8302B55D0302B50D8202B51D0202B4B
:107758004CD8002B4DD0102B4BD047E07B681868D5
:107768003B68D9683B689A683B681B6900F0E4F994
:1077780040E03B681B68052B01D101233BE07B6897
:107788001B681B6AFB607B681B681A6A7B681B683E
:1077980022F001021A627B681B689B69BB60BB68A8
:1077A80023F0F003BB603B681B691B01BA681343F5
:1077B800BB607B681B68BA689A617B681B68FA685B
:1077C8001A6217E07B6818683B6899683B681B6910
:1077D8001A4600F087F80DE07B6818683B689968DE
:1077E8003B681B691A4600F0E7F803E00123FB75C4
:1077F80000E000BFFB7D18461837BD4680BD80B449
:1078080087B000AFF860B9607A603B60FB681B6ABC
:107818003B61FB681B6A23F00102FB681A62FB6884
:107828009B697B61FB68284A93421BD0FB68B3F1D4
:10783800804F17D0FB68254A934213D0FB68244A2F
:1078480093420FD0FB68234A93420BD0FB68224A2D
:10785800934207D0FB68214A934203D0FB68204A31
:10786800934201D1012300E00023002B08D07B695B
:1078780023F003037B617A697B6813437B6103E030
:107888007B6943F001037B617B6923F0F0037B6133
:107898003B681B01DBB27A6913437B613B6923F0C8
:1078A8000A033B61BB6803F00A033A6913433B616F
:1078B800FB687A699A61FB683A691A6200BF1C37EB
:1078C800BD4680BC704700BF000001400004004076
:1078D80000080040000C0040000401400040014046
:1078E8000018004080B487B000AFF860B9607A60D3
:1078F800FB681B6A7B61FB681B6A23F00102FB685B
:107908001A62FB689B693B613B6923F0F0033B61AA
:107918007B681B013A6913433B617B6923F00A03C7
:107928007B617A69BB6813437B61FB683A699A613A
:10793800FB687A691A6200BF1C37BD4680BC704775
:1079480080B487B000AFF860B9607A603B60FB68CC
:107958001B6A7B61FB681B6A23F01002FB681A62D2
:10796800FB689B693B613B6923F440733B617B681F
:107978001B023A6913433B613B6923F470433B6143
:107988003B681B039BB23A6913433B617B6923F055
:10799800A0037B61BB681B0103F0A0037A69134352
:1079A8007B61FB683A699A61FB687A691A6200BF71
:1079B8001C37BD4680BC704780B487B000AFF86004
:1079C800B9607A60FB681B6A7B61FB681B6A23F0FD
:1079D8001002FB681A62FB689B693B613B6923F4F0
:1079E80070433B617B681B033A6913433B617B69C6
:1079F80023F0A0037B61BB681B017A6913437B6199
:107A0800FB683A699A61FB687A691A6200BF1C3799
:107A1800BD4680BC704780B487B000AFF860B960DD
:107A28007A603B60FB681B6A7B61FB681B6A23F416
:107A38008072FB681A62FB68DB693B613B6923F073
:107A480003033B613A697B6813433B613B6923F05D
:107A5800F0033B613B681B01DBB23A6913433B61AE
:107A68007B6923F420637B61BB681B0203F42063FA
:107A78007A6913437B61FB683A69DA61FB687A6962
:107A88001A6200BF1C37BD4680BC704780B487B0FF
:107A980000AFF860B9607A603B60FB681B6A7B6185
:107AA800FB681B6A23F48052FB681A62FB68DB6977
:107AB8003B613B6923F440733B617B681B023A6975
:107AC80013433B613B6923F470433B613B681B03F1
:107AD8009BB23A6913433B617B6923F420437B6182
:107AE800BB681B0303F420437A6913437B61FB687B
:107AF8003A69DA61FB687A691A6200BF1C37BD46C9
:107B080080BC704780B485B000AF786039607B680E
:107B18009B68FB60FB6823F07003FB603A68FB68B6
:107B2800134343F00703FB607B68FA689A6000BF61
:107B38001437BD4680BC704780B487B000AFF8608A
:107B4800B9607A603B60FB689B687B617B6923F462
:107B58007F437B613B681A027B681A43BB68134307
:107B68007A6913437B61FB687A699A6000BF1C37A6
:107B7800BD4680BC704780B487B000AFF860B9607C
:107B88007A60BB6803F01F03012202FA03F37B61EA
:107B9800FB681A6A7B69DB431A40FB681A62FB6858
:107BA8001A6ABB6803F01F03796801FA03F31A43E2
:107BB800FB681A6200BF1C37BD4680BC704700BF17
:107BC80080B58AB000AF786039607B68002B01D13E
:107BD80001239AE07B6893F83D30DBB2002B06D195
:107BE8007B68002283F83C20786800F0D6F87B6830
:107BF800022283F83D207B681A687B6804331946A3
:107C08001046FFF715FB7B6818683B6819683B68E6
:107C18009B680322FFF7F3FD7B681B689A697B6802
:107C28001B6822F00C029A617B681B6899693B68A3
:107C38005A687B681B680A439A617B681B685A68A4
:107C48007B681B6842F080025A607B681B689A68F0
:107C58007B681B6822F070029A607B681B689A68D0
:107C68007B681B6842F040029A607B681B689A68D0
:107C78007B681B6822F007029A607B681B689A6819
:107C88007B681B6842F004029A600023FB610023B2
:107C98003B627023FB6000237B620023BB610023EF
:107CA8007B613B68DB683B617B681B6807F10C0202
:107CB80011461846FFF7D6FB7B681B685A687B6835
:107CC8001B6822F070025A607B681B685A687B68E0
:107CD8001B6842F050025A607B68012283F84620F4
:107CE8007B68012283F83E207B68012283F83F20CD
:107CF8007B68012283F842207B68012283F84320B5
:107D08007B68012283F83D20002318462837BD46AA
:107D180080BD80B582B000AF78607B68022283F8AE
:107D28003D207B681B681A6A41F211131340002B2F
:107D38000FD17B681B681A6A40F244431340002B3A
:107D480007D17B681B681A687B681B6822F00102F0
:107D58001A60786800F02AF87B68002283F84620C9
:107D68007B68002283F83E207B68002283F83F204E
:107D78007B68002283F842207B68002283F8432036
:107D88007B68002283F83D207B68002283F83C2032
:107D9800002318460837BD4680BD80B483B000AFC5
:107DA800786000BF0C37BD4680BC704780B483B094
:107DB80000AF786000BF0C37BD4680BC704780B507
:107DC80084B000AF78607B6893F83E30FB737B68C3
:107DD80093F83F30BB737B6893F842307B737B68C2
:107DE80093F843303B73FB7B012B08D1BB7B012B02
:107DF80005D17B7B012B02D13B7B012B01D00123D9
:107E080059E07B68022283F83E207B68022283F8CF
:107E18003F207B68022283F842207B68022283F895
:107E280043207B681B68012200211846FFF7A3FE48
:107E38007B681B68224A934222D07B681B68B3F197
:107E4800804F1DD07B681B681E4A934218D07B6800
:107E58001B681D4A934213D07B681B681B4A9342D8
:107E68000ED07B681B681A4A934209D07B681B684E
:107E7800184A934204D07B681B68174A934211D171
:107E88007B681B689B6803F00703BB60BB68062B15
:107E980010D07B681B681A687B681B6842F0010277
:107EA8001A6007E07B681B681A687B681B6842F0E9
:107EB80001021A60002318461037BD4680BD00BF76
:107EC800000001400004004000080040000C004091
:107ED80000040140004001400018004080B582B015
:107EE80000AF78607B681B68002200211846FFF706
:107EF80042FE7B681B681A6A41F211131340002B7B
:107F08000FD17B681B681A6A40F244431340002B68
:107F180007D17B681B681A687B681B6822F001021E
:107F28001A607B68012283F83E207B68012283F86F
:107F38003F207B68012283F842207B68012283F876
:107F48004320002318460837BD4680BD80B584B05D
:107F580000AF78607B6893F83E30FB737B6893F8DA
:107F68003F30BB737B6893F842307B737B6893F830
:107F780043303B73FB7B012B08D1BB7B012B05D125
:107F88007B7B012B02D13B7B012B01D0012361E0DC
:107F98007B68022283F83E207B68022283F83F2018
:107FA8007B68022283F842207B68022283F8432000
:107FB8007B681B68DA687B681B6842F00202DA603B
:107FC8007B681B68012200211846FFF7D4FD7B68F7
:107FD8001B68224A934222D07B681B68B3F1804F0A
:107FE8001DD07B681B681E4A934218D07B681B68AB
:107FF8001C4A934213D07B681B681B4A93420ED0DD
:108008007B681B68194A934209D07B681B68184A29
:10801800934204D07B681B68164A934211D17B684F
:108028001B689B6803F00703BB60BB68062B10D076
:108038007B681B681A687B681B6842F001021A603B
:1080480007E07B681B681A687B681B6842F00102BE
:108058001A60002318461037BD4680BD0000014055
:108068000004004000080040000C004000040140EB
:10807800004001400018004080B582B000AF786031
:108088007B681B68002200211846FFF774FD7B6897
:108098001B68DA687B681B6822F00202DA607B687A
:1080A8001B681A6A41F211131340002B0FD17B6829
:1080B8001B681A6A40F244431340002B07D17B68BF
:1080C8001B681A687B681B6822F001021A607B68CB
:1080D800012283F83E207B68012283F83F207B68D9
:1080E800012283F842207B68012283F84320002381
:1080F80018460837BD4680BD80B586B000AFF86029
:10810800B9601346FB80FB6893F83E30FB75FB684B
:1081180093F84230BB75FB7D022B02D0BB7D022B4E
:1081280001D1022386E0FB7D012B34D1BB7D012BDD
:1081380031D1BB68002B02D0FB88002B01D1012371
:1081480078E0FB68022283F83E20FB68022283F86D
:10815800422000BFFB681B68012200211846FFF778
:108168000AFDFB685B6A354ADA63FB685B6A344A76
:108178001A64FB685B6A334ADA64FB68586AFB680E
:108188001B6834331946BA68FB8802F028F803469E
:10819800002B04D001E001234CE001234AE0FB68F6
:1081A8001B68DA68FB681B6842F40072DA60FB68D7
:1081B8001B68254A934222D0FB681B68B3F1804FA5
:1081C8001DD0FB681B68214A934218D0FB681B68C6
:1081D8001F4A934213D0FB681B681E4A93420ED075
:1081E800FB681B681C4A934209D0FB681B681B4A42
:1081F800934204D0FB681B68194A934211D1FB686B
:108208001B689B6803F007033B613B69062B10D092
:10821800FB681B681A68FB681B6842F001021A6059
:1082280007E0FB681B681A68FB681B6842F00102DC
:108238001A60002318461837BD4680BD75700008BF
:108248003D710008D36E00080000014000040040A2
:1082580000080040000C00400004014000400140BC
:108268000018004080B582B000AF78607B681B685A
:10827800002200211846FFF77EFC7B681B68DA683D
:108288007B681B6822F40072DA607B685B6A1846B8
:1082980002F06DF87B681B681A6A41F211131340EB
:1082A800002B0FD17B681B681A6A40F244431340C5
:1082B800002B07D17B681B681A687B681B6822F053
:1082C80001021A607B68012283F83E207B68012244
:1082D80083F84220002318460837BD4680BD80B584
:1082E80084B000AF786039603B68002B09D17B68A7
:1082F80093F84230DBB2012B14BF01230023DBB219
:1083080022E03B68042B09D17B6893F84330DBB249
:10831800012B14BF01230023DBB215E03B68082BB7
:1083280009D17B6893F84430DBB2012B14BF0123D9
:108338000023DBB208E07B6893F84530DBB2012B01
:1083480014BF01230023DBB2002B01D001236DE011
:108358003B68002B04D17B68022283F8422013E09B
:108368003B68042B04D17B68022283F843200BE08E
:108378003B68082B04D17B68022283F8442003E081
:108388007B68022283F845207B681B6804223968D1
:10839800184601F0B9FD7B681B685A6C7B681B683E
:1083A80042F400425A647B681B68224A934222D0F6
:1083B8007B681B68B3F1804F1DD07B681B681E4A21
:1083C800934218D07B681B681C4A934213D07B6881
:1083D8001B681B4A93420ED07B681B68194A93425C
:1083E80009D07B681B68184A934204D07B681B68D5
:1083F800164A934211D17B681B689B6803F00703F8
:10840800FB60FB68062B10D07B681B681A687B68CA
:108418001B6842F001021A6007E07B681B681A6853
:108428007B681B6842F001021A6000231846103767
:10843800BD4680BD00000140000400400008004027
:10844800000C0040000401400040014000180040BA
:1084580080B582B000AF786039607B681B68002205
:108468003968184601F050FD7B681B681A6A41F2AA
:1084780011131340002B0FD17B681B681A6A40F256
:1084880044431340002B07D17B681B685A6C7B68F8
:108498001B6822F400425A647B681B681A6A41F21E
:1084A80011131340002B0FD17B681B681A6A40F226
:1084B80044431340002B07D17B681B681A687B680C
:1084C8001B6822F001021A603B68002B04D17B680C
:1084D800012283F8422013E03B68042B04D17B6817
:1084E800012283F843200BE03B68082B04D17B680A
:1084F800012283F8442003E07B68012283F84520A9
:10850800002318460837BD4680BD80B584B000AF4B
:10851800786039600023FB733B68002B09D17B68C6
:1085280093F84230DBB2012B14BF01230023DBB2E6
:1085380022E03B68042B09D17B6893F84330DBB217
:10854800012B14BF01230023DBB215E03B68082B85
:1085580009D17B6893F84430DBB2012B14BF0123A7
:108568000023DBB208E07B6893F84530DBB2012BCF
:1085780014BF01230023DBB2002B01D00123A3E0A9
:108588003B68002B04D17B68022283F8422013E069
:108598003B68042B04D17B68022283F843200BE05C
:1085A8003B68082B04D17B68022283F8442003E04F
:1085B8007B68022283F845203B68082B1BD03B6868
:1085C800082B21D83B68002B03D03B68042B09D02B
:1085D8001AE07B681B68DA687B681B6842F0020255
:1085E800DA6014E07B681B68DA687B681B6842F015
:1085F8000402DA600BE07B681B68DA687B681B683A
:1086080042F00802DA6002E00123FB7300BFFB7B43
:10861800002B58D17B681B68DA687B681B6842F0BE
:108628008002DA607B681B6804223968184601F00A
:108638006BFC7B681B685A6C7B681B6842F40042C1
:108648005A647B681B68224A934222D07B681B6865
:10865800B3F1804F1DD07B681B681E4A934218D027
:108668007B681B681C4A934213D07B681B681B4AB3
:1086780093420ED07B681B68194A934209D07B68E5
:108688001B68184A934204D07B681B68164A9342B9
:1086980011D17B681B689B6803F00703BB60BB684C
:1086A800062B10D07B681B681A687B681B6842F031
:1086B80001021A6007E07B681B681A687B681B6800
:1086C80042F001021A60FB7B18461037BD4680BD98
:1086D800000001400004004000080040000C004079
:1086E80000040140004001400018004080B584B0FB
:1086F80000AF786039600023FB733B68082B1BD000
:108708003B68082B21D83B68002B03D03B68042B1F
:1087180009D01AE07B681B68DA687B681B6822F05E
:108728000202DA6014E07B681B68DA687B681B6801
:1087380022F00402DA600BE07B681B68DA687B6869
:108748001B6822F00802DA6002E00123FB7300BF15
:10875800FB7B002B64D17B681B68002239681846B4
:1087680001F0D2FB7B681B681B6ABB60BA6840F2E9
:1087780044431340002B07D17B681B68DA687B6889
:108788001B6822F08002DA607B681B681A6A41F273
:1087980011131340002B0FD17B681B681A6A40F233
:1087A80044431340002B07D17B681B685A6C7B68D5
:1087B8001B6822F400425A647B681B681A6A41F2FB
:1087C80011131340002B0FD17B681B681A6A40F203
:1087D80044431340002B07D17B681B681A687B68E9
:1087E8001B6822F001021A603B68002B04D17B68E9
:1087F800012283F8422013E03B68042B04D17B68F4
:10880800012283F843200BE03B68082B04D17B68E6
:10881800012283F8442003E07B68012283F8452085
:10882800FB7B18461037BD4680BD80B586B000AFCB
:10883800F860B9607A607B800023FB75BB68002B09
:1088480009D1FB6893F84230DBB2022B0CBF01233D
:108858000023DBB222E0BB68042B09D1FB6893F844
:108868004330DBB2022B0CBF01230023DBB215E03F
:10887800BB68082B09D1FB6893F84430DBB2022BA4
:108888000CBF01230023DBB208E0FB6893F84530F6
:10889800DBB2022B0CBF01230023DBB2002B01D07B
:1088A800022329E1BB68002B09D1FB6893F8423009
:1088B800DBB2012B0CBF01230023DBB222E0BB6833
:1088C800042B09D1FB6893F84330DBB2012B0CBFB2
:1088D80001230023DBB215E0BB68082B09D1FB6834
:1088E80093F84430DBB2012B0CBF01230023DBB229
:1088F80008E0FB6893F84530DBB2012B0CBF01237D
:108908000023DBB2002B24D07B68002B02D07B88AD
:10891800002B01D10123EFE0BB68002B04D1FB68D9
:10892800022283F8422016E0BB68042B04D1FB68BE
:10893800022283F843200EE0BB68082B04D1FB68B1
:10894800022283F8442006E0FB68022283F84520CF
:1089580001E00123D0E0BB68082B51D0BB68082B8D
:1089680072D8BB68002B03D0BB68042B24D06BE003
:10897800FB685B6A624ADA63FB685B6A614A1A648D
:10898800FB685B6A604ADA64FB68586A7968FB6866
:108998001B6834331A467B8801F021FC0346002B00
:1089A80001D00123A8E0FB681B68DA68FB681B6834
:1089B80042F40072DA604AE0FB689B6A504ADA6364
:1089C800FB689B6A4F4A1A64FB689B6A4E4ADA64E2
:1089D800FB68986A7968FB681B6838331A467B8895
:1089E80001F0FDFB0346002B01D0012384E0FB6866
:1089F8001B68DA68FB681B6842F48062DA6026E06C
:108A0800FB68DB6A3E4ADA63FB68DB6A3D4A1A6444
:108A1800FB68DB6A3C4ADA64FB68D86A7968FB68F9
:108A28001B683C331A467B8801F0D9FB0346002BB0
:108A380001D0012360E0FB681B68DA68FB681B68EB
:108A480042F40062DA6002E00123FB7500BFFB7D9F
:108A5800002B50D1FB681B680422B968184601F046
:108A680053FAFB681B685A6CFB681B6842F40042A7
:108A78005A64FB681B68254A934222D0FB681B682E
:108A8800B3F1804F1DD0FB681B68214A934218D070
:108A9800FB681B681F4A934213D0FB681B681E4A79
:108AA80093420ED0FB681B681C4A934209D0FB68AE
:108AB8001B681B4A934204D0FB681B68194A9342FF
:108AC80011D1FB681B689B6803F007033B613B6996
:108AD800062B10D0FB681B681A68FB681B6842F0FD
:108AE80001021A6007E0FB681B681A68FB681B68CC
:108AF80042F001021A60FB7D18461837BD4680BD5A
:108B08001D9E00080D700008A39E0008000001408B
:108B18000004004000080040000C00400004014030
:108B2800004001400018004080B584B000AF786074
:108B380039600023FB733B68082B25D03B68082B62
:108B480030D83B68002B03D03B68042B0ED029E0BB
:108B58007B681B68DA687B681B6822F40072DA603D
:108B68007B685B6A184601F002FC1EE07B681B68A4
:108B7800DA687B681B6822F48062DA607B689B6A2B
:108B8800184601F0F4FB10E07B681B68DA687B6824
:108B98001B6822F40062DA607B68DB6A184601F021
:108BA800E6FB02E00123FB7300BFFB7B002B52D1E5
:108BB8007B681B6800223968184601F0A5F97B68B4
:108BC8001B681A6A41F211131340002B0FD17B68FE
:108BD8001B681A6A40F244431340002B07D17B6894
:108BE8001B685A6C7B681B6822F400425A647B68D5
:108BF8001B681A6A41F211131340002B0FD17B68CE
:108C08001B681A6A40F244431340002B07D17B6863
:108C18001B681A687B681B6822F001021A603B68AF
:108C2800002B04D17B68012283F8422013E03B68C3
:108C3800042B04D17B68012283F843200BE03B68B6
:108C4800082B04D17B68012283F8442003E07B6869
:108C5800012283F84520FB7B18461037BD4680BDAE
:108C680080B584B000AF786039603B68002B09D1CB
:108C78007B6893F84230DBB2012B14BF0123002339
:108C8800DBB222E03B68042B09D17B6893F84330C0
:108C9800DBB2012B14BF01230023DBB215E03B68D4
:108CA800082B09D17B6893F84430DBB2012B14BF41
:108CB80001230023DBB208E07B6893F84530DBB280
:108CC800012B14BF01230023DBB2002B01D00123A9
:108CD8006DE03B68002B04D17B68022283F84220B8
:108CE80013E03B68042B04D17B68022283F84320FD
:108CF8000BE03B68082B04D17B68022283F84420F0
:108D080003E07B68022283F845207B681B68042205
:108D18003968184601F0F8F87B681B685A6C7B685C
:108D28001B6842F400425A647B681B68224A9342DB
:108D380022D07B681B68B3F1804F1DD07B681B680D
:108D48001E4A934218D07B681B681D4A934213D071
:108D58007B681B681B4A93420ED07B681B681A4AC3
:108D6800934209D07B681B68184A934204D07B68F9
:108D78001B68174A934211D17B681B689B6803F0F4
:108D88000703FB60FB68062B10D07B681B681A681A
:108D98007B681B6842F001021A6007E07B681B6869
:108DA8001A687B681B6842F001021A6000231846A3
:108DB8001037BD4680BD00BF0000014000040040E0
:108DC80000080040000C0040000401400040014041
:108DD8000018004080B582B000AF786039607B68C9
:108DE8001B6800223968184601F08EF87B681B68FA
:108DF8001A6A41F211131340002B0FD17B681B68CC
:108E08001A6A40F244431340002B07D17B681B6861
:108E18005A6C7B681B6822F400425A647B681B68A2
:108E28001A6A41F211131340002B0FD17B681B689B
:108E38001A6A40F244431340002B07D17B681B6831
:108E48001A687B681B6822F001021A603B68002BD5
:108E580004D17B68012283F8422013E03B68042B8D
:108E680004D17B68012283F843200BE03B68082B80
:108E780004D17B68012283F8442003E07B68012247
:108E880083F84520002318460837BD4680BD80B5C5
:108E980084B000AF786039600023FB733B68002B17
:108EA80009D17B6893F84230DBB2012B14BF012350
:108EB8000023DBB222E03B68042B09D17B6893F8DE
:108EC8004330DBB2012B14BF01230023DBB215E0D2
:108ED8003B68082B09D17B6893F84430DBB2012B3F
:108EE80014BF01230023DBB208E07B6893F8453008
:108EF800DBB2012B14BF01230023DBB2002B01D00E
:108F08000123A3E03B68002B04D17B68022283F88D
:108F1800422013E03B68042B04D17B68022283F8CB
:108F280043200BE03B68082B04D17B68022283F8BE
:108F3800442003E07B68022283F845203B68082B25
:108F48001BD03B68082B21D83B68002B03D03B681B
:108F5800042B09D01AE07B681B68DA687B681B68F9
:108F680042F00202DA6014E07B681B68DA687B680A
:108F78001B6842F00402DA600BE07B681B68DA6861
:108F88007B681B6842F00802DA6002E00123FB7389
:108F980000BFFB7B002B58D17B681B68DA687B68B5
:108FA8001B6842F08002DA607B681B68042239681B
:108FB800184600F0A9FF7B681B685A6C7B681B6821
:108FC80042F400425A647B681B68224A934222D0CA
:108FD8007B681B68B3F1804F1DD07B681B681E4AF5
:108FE800934218D07B681B681C4A934213D07B6855
:108FF8001B681B4A93420ED07B681B68194A934230
:1090080009D07B681B68184A934204D07B681B68A8
:10901800164A934211D17B681B689B6803F00703CB
:10902800BB60BB68062B10D07B681B681A687B681E
:109038001B6842F001021A6007E07B681B681A6827
:109048007B681B6842F001021A60FB7B18461037E8
:10905800BD4680BD000001400004004000080040FB
:10906800000C00400004014000400140001800408E
:1090780080B584B000AF786039600023FB733B682B
:10908800082B1BD03B68082B21D83B68002B03D04A
:109098003B68042B09D01AE07B681B68DA687B6898
:1090A8001B6822F00202DA6014E07B681B68DA6849
:1090B8007B681B6822F00402DA600BE07B681B689F
:1090C800DA687B681B6822F00802DA6002E0012394
:1090D800FB7300BFFB7B002B64D17B681B680022FD
:1090E8003968184600F010FF7B681B681B6ABB6074
:1090F800BA6840F244431340002B07D17B681B68D1
:10910800DA687B681B6822F08002DA607B681B687B
:109118001A6A41F211131340002B0FD17B681B68A8
:109128001A6A40F244431340002B07D17B681B683E
:109138005A6C7B681B6822F400425A647B681B687F
:109148001A6A41F211131340002B0FD17B681B6878
:109158001A6A40F244431340002B07D17B681B680E
:109168001A687B681B6822F001021A603B68002BB2
:1091780004D17B68012283F8422013E03B68042B6A
:1091880004D17B68012283F843200BE03B68082B5D
:1091980004D17B68012283F8442003E07B68012224
:1091A80083F84520FB7B18461037BD4680BD80B547
:1091B80086B000AFF860B9607A607B800023FB75E9
:1091C800BB68002B09D1FB6893F84230DBB2022B55
:1091D8000CBF01230023DBB222E0BB68042B09D1BA
:1091E800FB6893F84330DBB2022B0CBF012300234A
:1091F800DBB215E0BB68082B09D1FB6893F8443053
:10920800DBB2022B0CBF01230023DBB208E0FB68B2
:1092180093F84530DBB2022B0CBF01230023DBB2ED
:10922800002B01D0022329E1BB68002B09D1FB6880
:1092380093F84230DBB2012B0CBF01230023DBB2D1
:1092480022E0BB68042B09D1FB6893F84330DBB2FA
:10925800012B0CBF01230023DBB215E0BB68082BF0
:1092680009D1FB6893F84430DBB2012B0CBF012312
:109278000023DBB208E0FB6893F84530DBB2012B32
:109288000CBF01230023DBB2002B24D07B68002B0A
:1092980002D07B88002B01D10123EFE0BB68002BB3
:1092A80004D1FB68022283F8422016E0BB68042B35
:1092B80004D1FB68022283F843200EE0BB68082B28
:1092C80004D1FB68022283F8442006E0FB680222EE
:1092D80083F8452001E00123D0E0BB68082B51D07A
:1092E800BB68082B72D8BB68002B03D0BB68042B63
:1092F80024D06BE0FB685B6A624ADA63FB685B6AEE
:10930800614A1A64FB685B6A604ADA64FB68586AF7
:109318007968FB681B6834331A467B8800F05FFF66
:109328000346002B01D00123A8E0FB681B68DA681C
:10933800FB681B6842F40072DA604AE0FB689B6ACB
:10934800504ADA63FB689B6A4F4A1A64FB689B6A57
:109358004E4ADA64FB68986A7968FB681B68383398
:109368001A467B8800F03BFF0346002B01D00123FF
:1093780084E0FB681B68DA68FB681B6842F480625B
:10938800DA6026E0FB68DB6A3E4ADA63FB68DB6A80
:109398003D4A1A64FB68DB6A3C4ADA64FB68D86AAF
:1093A8007968FB681B683C331A467B8800F017FF16
:1093B8000346002B01D0012360E0FB681B68DA68D4
:1093C800FB681B6842F40062DA6002E00123FB7567
:1093D80000BFFB7D002B50D1FB681B680422B968D5
:1093E800184600F091FDFB681B685A6CFB681B6807
:1093F80042F400425A64FB681B68254A934222D013
:10940800FB681B68B3F1804F1DD0FB681B68214ABD
:10941800934218D0FB681B681F4A934213D0FB681D
:109428001B681E4A93420ED0FB681B681C4A934275
:1094380009D0FB681B681B4A934204D0FB681B6871
:10944800194A934211D1FB681B689B6803F0070314
:109458003B613B69062B10D0FB681B681A68FB68E8
:109468001B6842F001021A6007E0FB681B681A6873
:10947800FB681B6842F001021A60FB7D184618372A
:10948800BD4680BD1D9E00080D700008A39E000803
:10949800000001400004004000080040000C0040AB
:1094A80000040140004001400018004080B584B02D
:1094B80000AF786039600023FB733B68082B25D028
:1094C8003B68082B30D83B68002B03D03B68042B43
:1094D8000ED029E07B681B68DA687B681B6822F479
:1094E8000072DA607B685B6A184600F040FF1EE095
:1094F8007B681B68DA687B681B6822F48062DA6024
:109508007B689B6A184600F032FF10E07B681B6896
:10951800DA687B681B6822F40062DA607B68DB6AC1
:10952800184600F024FF02E00123FB7300BFFB7B19
:10953800002B52D17B681B6800223968184600F05E
:10954800E3FC7B681B681A6A41F211131340002B75
:109558000FD17B681B681A6A40F244431340002B02
:1095680007D17B681B685A6C7B681B6822F4004231
:109578005A647B681B681A6A41F211131340002B66
:109588000FD17B681B681A6A40F244431340002BD2
:1095980007D17B681B681A687B681B6822F0010288
:1095A8001A603B68002B04D17B68012283F84220B3
:1095B80013E03B68042B04D17B68012283F8432025
:1095C8000BE03B68082B04D17B68012283F8442018
:1095D80003E07B68012283F84520FB7B184610379F
:1095E800BD4680BD80B584B000AF786039603B6807
:1095F800002B02D10423FB6001E00023FB607B68A1
:1096080093F83E30FB727B6893F83F30BB727B68FF
:1096180093F842307B727B6893F843303B72FB7A55
:10962800012B08D1BB7A012B05D17B7A012B02D102
:109638003B7A012B01D0012326E07B68022283F8C4
:109648003E207B68022283F83F207B68022283F851
:1096580042207B68022283F843207B681B6804222F
:109668003968184600F050FC7B681B680122F968CD
:109678001846FEF780FA7B681B685A6C7B681B6883
:1096880042F400425A64002318461037BD4680BD94
:1096980080B584B000AF786039603B68002B02D198
:1096A8000423FB6001E00023FB607B681B68002249
:1096B8003968184600F028FC7B681B680022F968A6
:1096C8001846FEF758FA7B681B681A6A41F21113AC
:1096D8001340002B0FD17B681B681A6A40F2444381
:1096E8001340002B07D17B681B685A6C7B681B688A
:1096F80022F400425A647B681B681A6A41F211130B
:109708001340002B0FD17B681B681A6A40F2444350
:109718001340002B07D17B681B681A687B681B689D
:1097280022F001021A607B68012283F83E207B68E0
:10973800012283F83F207B68012283F842207B685E
:10974800012283F84320002318461037BD4680BD08
:1097580080B584B000AF786039603B68002B02D1D7
:109768000423FB6001E00023FB607B6893F83E3034
:10977800FB727B6893F83F30BB727B6893F842308A
:109788007B727B6893F843303B72FB7A012B08D1DC
:10979800BB7A012B05D17B7A012B02D13B7A012BB5
:1097A80001D0012336E07B68022283F83E207B68E3
:1097B800022283F83F207B68022283F842207B68DC
:1097C800022283F843207B681B68DA687B681B6881
:1097D80042F00202DA607B681B68DA687B681B6803
:1097E80042F00402DA607B681B6804223968184674
:1097F80000F08AFB7B681B680122F9681846FEF7AF
:10980800BAF97B681B685A6C7B681B6842F4004293
:109818005A64002318461037BD4680BD80B584B011
:1098280000AF786039603B68002B02D10423FB60ED
:1098380001E00023FB607B681B68DA687B681B68B3
:1098480022F00202DA607B681B68DA687B681B68B2
:1098580022F00402DA607B681B6800223968184627
:1098680000F052FB7B681B680022F9681846FEF777
:1098780082F97B681B681A6A41F211131340002BA6
:109888000FD17B681B681A6A40F244431340002BCF
:1098980007D17B681B685A6C7B681B6822F40042FE
:1098A8005A647B681B681A6A41F211131340002B33
:1098B8000FD17B681B681A6A40F244431340002B9F
:1098C80007D17B681B681A687B681B6822F0010255
:1098D8001A607B68012283F83E207B68012283F8A6
:1098E8003F207B68012283F842207B68012283F8AD
:1098F8004320002318461037BD4680BD80B485B08C
:1099080000AFF860B9607A60FB6893F83C30012BCF
:1099180001D102234CE0FB68012283F83C20BB689C
:10992800002B08D0BB68102B05D0BB68202B02D0B9
:10993800BB68302B0FD1FB681B689A68FB681B68F3
:1099480022F070029A60FB681B689968FB681B68C4
:10995800BA680A439A60FB681B685A68FB681B6808
:1099680042F001025A60FB681B685A68FB681B6872
:1099780022F004025A60FB681B685968FB681B6880
:109988007A680A435A60FB681B68DA68FB681B68D8
:1099980022F02002DA60FB681B68DA68FB681B6843
:1099A80022F40052DA60FB68002283F83C2000238E
:1099B80018461437BD4680BC704780B485B000AFE8
:1099C800F860B9607A60FB6893F83C30012B01D1EC
:1099D80002234CE0FB68012283F83C20BB68002B83
:1099E80008D0BB68102B05D0BB68202B02D0BB6801
:1099F800302B0FD1FB681B689A68FB681B6822F044
:109A080070029A60FB681B689968FB681B68BA68F3
:109A18000A439A60FB681B685A68FB681B6842F037
:109A280001025A60FB681B685A68FB681B6822F0D1
:109A380004025A60FB681B685968FB681B687A68EF
:109A48000A435A60FB681B68DA68FB681B6822F4E3
:109A58000052DA60FB681B68DA68FB681B6842F032
:109A68002002DA60FB68002283F83C2000231846B5
:109A78001437BD4680BC704780B485B000AFF8602D
:109A8800B9607A60FB6893F83C30012B01D102235E
:109A980058E0FB68012283F83C20BB68002B08D003
:109AA800BB68102B05D0BB68202B02D0BB68302BBD
:109AB8000FD1FB681B689A68FB681B6822F070026C
:109AC8009A60FB681B689968FB681B68BA680A4358
:109AD8009A60FB681B685A68FB681B6842F00102C1
:109AE8005A60FB681B685A68FB681B6822F004020E
:109AF8005A60FB681B685968FB681B687A680A43E8
:109B08005A60FB685B6B124ADA63FB685B6B114A4D
:109B18001A64FB685B6B104ADA64FB681B68DA68D6
:109B2800FB681B6822F02002DA60FB681B68DA68B1
:109B3800FB681B6842F40052DA60FB68002283F875
:109B48003C20002318461437BD4680BC704700BF30
:109B5800D59D0008F99D0008D36E000880B485B033
:109B680000AF786039607B6893F83C30012B01D1F5
:109B780002235AE07B68012283F83C207B6802229A
:109B880083F83D207B681B685B68FB607B681B680B
:109B98009B68BB60FB6823F07003FB603B681B6835
:109BA800FA681343FB607B681B68FA685A607B6835
:109BB8001B68204A934222D07B681B68B3F1804F10
:109BC8001DD07B681B681C4A934218D07B681B68B1
:109BD8001A4A934213D07B681B68194A93420ED0E5
:109BE8007B681B68174A934209D07B681B68164A32
:109BF800934204D07B681B68144A93420CD1BB681B
:109C080023F08003BB603B685B68BA681343BB60A2
:109C18007B681B68BA689A607B68012283F83D20DC
:109C28007B68002283F83C20002318461437BD4681
:109C380080BC70470000014000040040000800405C
:109C4800000C0040000401400040014000180040A2
:109C580080B485B000AF786039600023FB607B6812
:109C680093F83C30012B01D102233DE07B680122AF
:109C780083F83C20FB6823F0FF023B68DB68134352
:109C8800FB60FB6823F440723B689B681343FB60EE
:109C9800FB6823F480623B685B681343FB60FB68E6
:109CA80023F400623B681B681343FB60FB6823F4E2
:109CB80080523B681B691343FB60FB6823F4005226
:109CC8003B685B691343FB60FB6823F480423B6895
:109CD800DB691343FB607B681B68FA685A647B681E
:109CE800002283F83C20002318461437BD4680BC68
:109CF800704780B483B000AF786039607B6893F8B0
:109D08003C30012B01D102230CE07B68012283F84F
:109D18003C207B681B683A681A657B68002283F8D8
:109D28003C20002318460C37BD4680BC704780B4E1
:109D380083B000AF786000BF0C37BD4680BC704769
:109D480080B483B000AF786000BF0C37BD4680BCDC
:109D5800704780B483B000AF786000BF0C37BD4651
:109D680080BC704780B483B000AF78607B6893F89C
:109D78003D30DBB218460C37BD4680BC704780B416
:109D880085B000AF786039603B68002B04D17B68F0
:109D980093F84230FB7313E03B68042B04D17B68D3
:109DA80093F84330FB730BE03B68082B04D17B68C6
:109DB80093F84430FB7303E07B6893F84530FB73FA
:109DC800FB7B18461437BD4680BC704780B584B00D
:109DD80000AF78607B689B6BFB60FB68012283F8AF
:109DE8003D20F868FFF7A3FF00BF1037BD4680BDD0
:109DF80080B584B000AF78607B689B6BFB60FB68C4
:109E0800012283F83D20F868FFF79AFF00BF10375A
:109E1800BD4680BD80B584B000AF78607B689B6B21
:109E2800FB60FB685B6A7A689A420BD1FB68012287
:109E38001A777B68DB69002B25D1FB68012283F840
:109E4800422020E0FB689B6A7A689A420BD1FB6843
:109E580002221A777B68DB69002B14D1FB68012288
:109E680083F843200FE0FB68DB6A7A689A420AD1DC
:109E7800FB6804221A777B68DB69002B03D1FB6837
:109E8800012283F84420F868FCF765FFFB6800228C
:109E98001A7700BF1037BD4680BD80B584B000AFCB
:109EA80078607B689B6BFB60FB685B6A7A689A42A8
:109EB80007D1FB6801221A77FB68012283F8422048
:109EC80018E0FB689B6A7A689A4207D1FB6802220D
:109ED8001A77FB68012283F843200BE0FB68DB6AF2
:109EE8007A689A4206D1FB6804221A77FB68012235
:109EF80083F84420F868FCF752FFFB6800221A77C1
:109F080000BF1037BD4680BD80B487B000AFF86091
:109F1800B9607A60BB6803F00F03042202FA03F306
:109F28007B61FB681A6A7B69DB431A40FB681A622B
:109F3800FB681A6ABB6803F00F03796801FA03F338
:109F48001A43FB681A6200BF1C37BD4680BC7047C5
:109F580080B586B000AF786000237B61F6F782FA9F
:109F680038617B68002B01D1012399E07B680222CC
:109F780083F835207B68002283F834207B681B68CF
:109F88001A687B681B6822F001021A600FE0F6F776
:109F980069FA02463B69D31A052B08D97B68202247
:109FA8005A657B68032283F83520032378E07B68B1
:109FB8001B681B6803F00103002BE8D17B681B6852
:109FC8001B687B617A69384B13407B617B685A68F0
:109FD8007B689B681A437B68DB681A437B681B694C
:109FE8001A437B685B691A437B689B691A437B68E1
:109FF800DB691A437B681B6A13437A6913437B61E5
:10A008007B685B6A042B07D17B68DA6A7B681B6B09
:10A0180013437A6913437B617B681B687A691A600A
:10A028007B681B685B697B617B6923F007037B6145
:10A038007B685B6A7A6913437B617B685B6A042B84
:10A0480017D17B689B6A7A6913437B617B68DB6AFB
:10A05800002B0ED0786800F051FD0346002B08D085
:10A068007B6840225A657B68012283F835200123EA
:10A0780016E07B681B687A695A61786800F009FD08
:10A088000346FB607B68DB6D3F229A40FB689A6061
:10A098007B6800225A657B68012283F835200023FB
:10A0A80018461837BD4680BD3F8010F080B584B093
:10A0B80000AF78607B68002B01D1012350E07B68FA
:10A0C80093F83530DBB2022B01D1022348E07B68DC
:10A0D8001B681A687B681B6822F001021A607B689B
:10A0E8001B6800221A607B681B6800225A607B6824
:10A0F8001B6800229A607B681B680022DA607B6814
:10A108001B6800221A617B681B6821225A617868E3
:10A1180000F0BFFC0346FB607B680022DA637B68C3
:10A1280000221A647B6800225A647B6800229A64C1
:10A138007B680022DA647B6800221A657B68DB6D25
:10A148003F229A40FB689A607B6800225A657B68C8
:10A15800002283F835207B68002283F8342000230E
:10A1680018461037BD4680BD80B586B000AFF86090
:10A17800B9607A603B600023FB75FB6893F8343064
:10A18800012B01D1022326E0FB68012283F8342049
:10A19800FB6893F83530DBB2012B15D1FB6802223E
:10A1A80083F83520FB6800225A653B687A68B968ED
:10A1B800F86800F041FCFB681B681A68FB681B68BC
:10A1C80042F001021A6005E0FB68002283F834209F
:10A1D8000223FB75FB7D18461837BD4680BD80B548
:10A1E80086B000AFF860B9607A603B600023FB7509
:10A1F800FB689B6D3B61FB6893F83430012B01D100
:10A20800022340E0FB68012283F83420FB6893F8BE
:10A218003530DBB2012B2FD1FB68022283F83520C1
:10A22800FB6800225A653B687A68B968F86800F0EC
:10A2380003FCFB68DB6D3F229A403B699A60FB6830
:10A248001B681A68FB681B6842F016021A60FB68F4
:10A258001B6C002B07D0FB681B681A68FB681B681F
:10A2680042F008021A60FB681B681A68FB681B68E2
:10A2780042F001021A6005E0FB68002283F83420EE
:10A288000223FB75FB7D18461837BD4680BD80B597
:10A2980084B000AF78607B689B6DFB60F6F7E2F8EE
:10A2A800B8607B6893F83530DBB2022B08D07B6846
:10A2B80080225A657B68002283F83420012352E00B
:10A2C8007B681B681A687B681B6822F016021A6094
:10A2D8007B681B685A697B681B6822F080025A6198
:10A2E8007B681B6C002B03D17B689B6C002B07D011
:10A2F8007B681B681A687B681B6822F008021A6072
:10A308007B681B681A687B681B6822F001021A6068
:10A3180013E0F6F7A7F80246BB68D31A052B0CD949
:10A328007B6820225A657B68032283F835207B6886
:10A33800002283F83420032315E07B681B681B6820
:10A3480003F00103002BE4D17B68DB6D3F229A40C8
:10A35800FB689A607B68012283F835207B680022BD
:10A3680083F83420002318461037BD4680BD80B4DA
:10A3780083B000AF78607B6893F83530DBB2022B8E
:10A3880004D07B6880225A6501230CE07B68052293
:10A3980083F835207B681B681A687B681B6822F085
:10A3A80001021A60002318460C37BD4680BC70476E
:10A3B80080B58AB000AFF8600B467A60FB72002364
:10A3C800FB77F6F74FF8B861FB6893F83530DBB2E6
:10A3D800022B08D0FB6880225A65FB68002283F8AC
:10A3E80034200123BFE0FB681B681B6803F48073FB
:10A3F800002B05D0FB684FF480725A650123B2E048
:10A40800FB7A002B06D1FB68DB6D202202FA03F3EE
:10A418007B6205E0FB68DB6D102202FA03F37B62C6
:10A42800FB689B6D7B617B691B683B625AE07B68BC
:10A43800B3F1FF3F17D07B68002B07D0F6F712F86F
:10A448000246BB69D31A7A689A420CD2FB6820226A
:10A458005A65FB68012283F83520FB68002283F8DF
:10A46800342003237FE07B691B683B62FB68DB6D5C
:10A4780008229A403B6A1340002B0BD0FB685B6DA7
:10A4880043F00102FB685A65FB68DB6D08229A40BD
:10A498007B699A60FB68DB6D01229A403B6A134036
:10A4A800002B0BD0FB685B6D43F00202FB685A651A
:10A4B800FB68DB6D01229A407B699A60FB68DB6D63
:10A4C80004229A403B6A1340002B0BD0FB685B6D5B
:10A4D80043F00402FB685A65FB68DB6D04229A406E
:10A4E8007B699A603A6A7B6A1340002B05D1FB6846
:10A4F8005B6D03F00103002B99D0FB685B6D002BAB
:10A5080018D0FB685B6D03F00103002B12D0F868CC
:10A51800FFF7BDFEFB68DB6D30229A407B699A60CD
:10A52800FB68012283F83520FB68002283F8342079
:10A53800012318E0FB7A002B0ED1FB68DB6D30227B
:10A548009A407B699A60FB68012283F83520FB6892
:10A55800002283F8342005E0FB68DB6D10229A4066
:10A568007B699A60FB7F18462837BD4680BD80B559
:10A5780086B000AF78600023BB608E4B1B688E4AA4
:10A58800A2FB03239B0A7B617B689B6D3B613B6954
:10A598001B68FB607B68DB6D08229A40FB681340F0
:10A5A800002B1AD07B681B681B6803F00403002B80
:10A5B80013D07B681B681A687B681B6822F004024A
:10A5C8001A607B68DB6D08229A403B699A607B6859
:10A5D8005B6D43F001027B685A657B68DB6D012285
:10A5E8009A40FB681340002B12D07B681B685B699C
:10A5F80003F08003002B0BD07B68DB6D01229A40AF
:10A608003B699A607B685B6D43F002027B685A6520
:10A618007B68DB6D04229A40FB681340002B12D044
:10A628007B681B681B6803F00203002B0BD07B6858
:10A63800DB6D04229A403B699A607B685B6D43F04E
:10A6480004027B685A657B68DB6D10229A40FB68C0
:10A658001340002B43D07B681B681B6803F008037A
:10A66800002B3CD07B68DB6D10229A403B699A60D6
:10A678007B681B681B6803F48023002B18D07B6859
:10A688001B681B6803F40023002B08D17B681B6C34
:10A69800002B24D07B681B6C786898471FE07B6888
:10A6A8009B6C002B1BD07B689B6C7868984716E0E6
:10A6B8007B681B681B6803F48073002B07D17B68D9
:10A6C8001B681A687B681B6822F008021A607B689E
:10A6D8001B6C002B03D07B681B6C786898477B68E1
:10A6E800DB6D20229A40FB681340002B00F08E801F
:10A6F8007B681B681B6803F01003002B00F0868042
:10A708007B68DB6D20229A403B699A607B6893F8EE
:10A718003530DBB2052B36D17B681B681A687B683D
:10A728001B6822F016021A607B681B685A697B68EE
:10A738001B6822F080025A617B681B6C002B03D1D6
:10A748007B689B6C002B07D07B681B681A687B684A
:10A758001B6822F008021A607B68DB6D3F229A4072
:10A768003B699A607B68012283F835207B68002268
:10A7780083F834207B681B6D002B7DD07B681B6DB4
:10A788007868984778E07B681B681B6803F4802327
:10A79800002B1CD07B681B681B6803F40023002B6C
:10A7A8000CD17B685B6C002B30D07B685B6C786865
:10A7B80098472BE000000020B5814E1B7B68DB6BBF
:10A7C800002B23D07B68DB6B786898471EE07B689A
:10A7D8001B681B6803F48073002B0FD17B681B6810
:10A7E8001A687B681B6822F010021A607B680122D5
:10A7F80083F835207B68002283F834207B68DB6B84
:10A80800002B03D07B68DB6B786898477B685B6DAF
:10A81800002B32D07B685B6D03F00103002B22D044
:10A828007B68052283F835207B681B681A687B687B
:10A838001B6822F001021A60BB680133BB607A69A9
:10A848009A4207D37B681B681B6803F00103002B3F
:10A85800F2D100E000BF7B68012283F835207B68D5
:10A86800002283F834207B68DB6C002B05D07B68E2
:10A87800DB6C7868984700E000BF1837BD4680BD9C
:10A8880080B487B000AFF8600B467A60FB72002393
:10A89800FB75FB6893F83430012B01D1022341E0AA
:10A8A800FB68012283F83420FB6893F83530DBB26B
:10A8B800012B30D1FB7A052B26D0052B28DC042B65
:10A8C8001ED0042B24DC032B16D0032B20DC022BF8
:10A8D8000ED0022B1CDC002B02D0012B04D017E079
:10A8E800FB687A68DA6318E0FB687A681A6414E02F
:10A8F800FB687A685A6410E0FB687A689A640CE02E
:10A90800FB687A68DA6408E0FB687A681A6504E02C
:10A918000123FB7501E00123FB75FB68002283F826
:10A928003420FB7D18461C37BD4680BC704780B478
:10A9380085B000AF78600B46FB700023FB737B6823
:10A9480093F83430012B01D1022358E07B680122AF
:10A9580083F834207B6893F83530DBB2012B47D17C
:10A96800FB78062B2ED0062B3FDC052B26D0052B9B
:10A978003BDC042B1ED0042B37DC032B16D0032B17
:10A9880033DC022B0ED0022B2FDC002B02D0012B44
:10A9980004D02AE07B680022DA632BE07B6800227F
:10A9A8001A6427E07B6800225A6423E07B6800224F
:10A9B8009A641FE07B680022DA641BE07B6800224F
:10A9C8001A6517E07B680022DA637B6800221A6444
:10A9D8007B6800225A647B6800229A647B680022A4
:10A9E800DA647B6800221A6504E00123FB7301E046
:10A9F8000123FB737B68002283F83420FB7B184615
:10AA08001437BD4680BC704780B483B000AF78600F
:10AA18007B6893F83530DBB218460C37BD4680BCEE
:10AA2800704780B483B000AF78607B685B6D184670
:10AA38000C37BD4680BC704780B485B000AFF86065
:10AA4800B9607A603B60FB681B681A68FB681B6822
:10AA580022F480221A60FB681B683A685A60FB6817
:10AA68009B68402B08D1FB681B687A689A60FB6872
:10AA78001B68BA68DA6007E0FB681B68BA689A6006
:10AA8800FB681B687A68DA6000BF1437BD4680BC73
:10AA9800704780B485B000AF78607B681B68DBB214
:10AAA800103B144AA2FB03231B09FB60124AFB68F4
:10AAB80013441B781A467B68DA65FB68032B09D9AF
:10AAC8007B681B6823F47F7323F003031A1D7B68DC
:10AAD8009A6507E07B681B6823F47F7323F0030300
:10AAE8007A6893657B689B6D18461437BD4680BCB1
:10AAF800704700BFABAAAAAA9CB2000880B485B070
:10AB080000AF78600023FB737B689B6ABB607B683F
:10AB18009B69002B23D1BB68032B5FD0BB68032B39
:10AB28005ED8BB68022B09D0BB68022B58D8BB681B
:10AB3800002B03D0BB68012B09D051E07B68DB6A8E
:10AB480003F08073002B4DD00123FB734AE07B6830
:10AB5800DB6AB3F1C07F47D10123FB7344E07B6814
:10AB68009B69B3F5005F26D1BB68032B1BD0BB687C
:10AB7800032B3BD8BB68022B09D0BB68022B35D806
:10AB8800BB68002B03D0BB68012B03D02EE0012348
:10AB9800FB7332E07B68DB6A03F08073002B27D0FD
:10ABA8000123FB7324E07B68DB6AB3F1C07F21D10A
:10ABB8000123FB731EE0BB68022B03D9BB68032B80
:10ABC80003D01AE00123FB7317E07B68DB6A03F00C
:10ABD8008073002B10D00123FB730DE000BF0CE045
:10ABE80000BF0AE000BF08E000BF06E000BF04E0C5
:10ABF80000BF02E000BF00E000BFFB7B184614372F
:10AC0800BD4680BC704700BF53B94AB9002908BF88
:10AC180000281CBF4FF0FF314FF0FF3000F09CB907
:10AC2800ADF1080C6DE904CE00F006F8DDF804E09B
:10AC3800DDE9022304B070472DE9F04782B00646EB
:10AC4800DDF828E00846B4460D46002B4ED18A426E
:10AC580014466DD9B2FA82F242B1C2F1200395408E
:10AC680026FA03F394401D4306FA02FC260CA7B209
:10AC7800B5FBF6F14FEA1C4306FB115543EA0543C1
:10AC880001FB07F0984209D9E31801F1FF3580F07C
:10AC98000381984240F20081023923441B1A1FFAAB
:10ACA8008CFCB3FBF6F006FB10334CEA034C00FBBC
:10ACB80007F363450AD914EB0C0C00F1FF3580F05B
:10ACC800ED80634540F2EA80A444023840EA01403E
:10ACD800ACEB030C0021BEF1000F04D02CFA02F3F8
:10ACE8000022CEE9003202B0BDE8F0878B4209D9D4
:10ACF800BEF1000F01D0CEE900610021084602B084
:10AD0800BDE8F087B3FA83F1174600294DD1834295
:10AD180002D3B24200F20F81B6EB070C60EB0303DB
:10AD280001201D46BEF1000FDDD0CEE900C5DAE7EF
:10AD3800002A00F098801A46B4FA84F3002B40F0F9
:10AD4800AF800B1B270CA6B20121B3FBF7F54FEA26
:10AD58001C4007FB153340EA034306FB05F89845FA
:10AD680007D9E31805F1FF3002D2984500F2E880D0
:10AD78000546A3EB08031FFA8CFCB3FBF7F007FBAF
:10AD880010334CEA034C06FB00F3634508D914EB77
:10AD98000C0C00F1FF3602D2634500F2CE8030463B
:10ADA800ACEB030C40EA054095E7C1F120058B4068
:10ADB80022FA05FC4CEA030C00FA01F426FA05F322
:10ADC800E84002FA01F943EA04084FEA1C4206FA8D
:10ADD80001FAB0FBF2F71FFA8CF602FB17004FEAF4
:10ADE800184444EA004407FB06F0A0420AD91CEBC9
:10ADF800040407F1FF3380F09C80A04240F2998060
:10AE0800023F6444241A1FFA88F3B4FBF2F002FBF1
:10AE1800104443EA044300FB06F69E4209D91CEBA2
:10AE2800030300F1FF3480F082809E427FD902380C
:10AE3800634440EA0740A0FB09749B1BA3423E46BB
:10AE4800A04664D361D0BEF1000F0AD0BAEB060267
:10AE580063EB080303FA05F5CA401543CB40CEE976
:10AE6800005300213FE7730843EAC1734A08190CED
:10AE780041EA02414FEAC67C9BB2B2FBF4F0264697
:10AE8800A04627461F2243EA0143B1FBF4F1A3EB96
:10AE9800080341EA004158E72946FFE6284615E736
:10AEA8001A46C3F120019C4026FA01F320FA01F169
:10AEB80090400343270C06FA02FCB1FBF7F0A6B258
:10AEC80007FB1015190C41EA054100FB06F58D42F8
:10AED8003BD9611801D28D4220D8491B0138B1FBFA
:10AEE800F7F5019505FB06F8019D9BB207FB1511C7
:10AEF80043EA0143434526D2E31805F1FF31C6D2A0
:10AF08004345C4D2A91E2344C1E7BA459BD2B7EB37
:10AF1800090664EB0C040138A04694E7651B294434
:10AF28000238B1FBF7F5019505FB06F8DCE720468A
:10AF38007FE71F4666E70846F4E6A44402382FE791
:10AF4800023D234415E70199A1E7491BB1FBF7F539
:10AF5800019505FB06F8C7E7704700BF704700007A
:10AF680008B54FF400710448F6F7ABF94FF4FA70DE
:10AF780000F0DAF808BD00BF001402407047000076
:10AF880010B594B008AC30220021204600F03DF9FD
:10AF98000023039304930593069307930193224A8E
:10AFA800116C41F080511164126C02F080520192D0
:10AFB800019A02931D4B1A6842F480421A601B687A
:10AFC80003F480430293029B012308934FF48033D8
:10AFD800099302230E934FF480020F9208221092D5
:10AFE8004FF4A87211921293042313932046F6F794
:10AFF800D2F990B90F2303930223049300230593F6
:10B008004FF4A05306934FF480530793052103A8E8
:10B01800F6F73AFC20B914B010BD00F098F8E9E74B
:10B0280000F095F8F7E700BF0038024000700040D4
:10B0380000B587B001A9002301934B608B60CB60FA
:10B048000B610093094B1A6B42F020021A631B6BC9
:10B0580003F020030093009B4FF400730193012336
:10B0680002930348F5F76AFE07B000BD00380240B6
:10B078000014024008B50B480B4B03605323436090
:10B088000023836040F2E732C26003618361F6F710
:10B0980077FF18B90348F7F7B5F808BD00F057F877
:10B0A800F8E700BF30000020001400400B4B1B687D
:10B0B8000B4AA2FB03239B0C0A4A13600A4AD2F8E4
:10B0C800FC3043F08073C2F8FC30084B00225A6011
:10B0D8001A6842F001021A60704700BF00000020A1
:10B0E80083DE1B432C00002000ED00E0001000E090
:10B0F80008B5F5F719F9FFF743FFFFF799FFFFF7D1
:10B10800B9FFFFF7D3FF08BD054B5A68054B1B680D
:10B1180003FB00F0024B5B689B1A8342FAD370472B
:10B12800001000E02C00002010B504E04FF47A7005
:10B13800FFF7EAFF2046441E0028F7D110BD08B5E6
:10B14800FFF7D6FFFFF70AFFFFF70AFFFCE772B623
:10B15800FEE7000002680E4B9A4200D0704700B527
:10B1680083B00022019203F50933196C41F02001E4
:10B1780019641B6C03F020030193019B0221372003
:10B18800F5F795FC3720F5F7AEFC03B000BD00BF1E
:10B19800001400407047FEE7FEE7FEE7FEE7704751
:10B1A80008B5F5F74DF908BD08B50248FAF7F5FBFB
:10B1B80008BD00BF30000020DFF834D0F5F724F8D0
:10B1C8000C480D490D4A002302E0D458C4500433FA
:10B1D800C4188C42F9D30A4A0A4C002301E01360D0
:10B1E8000432A242FBD300F019F8FFF7A8FF70471A
:10B1F80000000220000000200C000020B4B200086B
:10B208000C00002078000020FEE702440346934229
:10B2180000D1704703F8011BF9E7000070B50D4B2A
:10B228000D4C00261D1BB6EBA50F09D100F01AF82E
:10B238000A4C0B4B00261D1BB6EBA50F05D170BDA4
:10B2480054F8043B98470136EDE754F8043B984717
:10B258000136F1E7ACB20008ACB20008ACB20008A5
:10B26800B0B20008F8B500BFF8BC08BC9E467047ED
:0CB27800F8B500BFF8BC08BC9E4670474B
:10B284000000000000000000010203040607080992
:10B294000000000001020304000610160006101648
:08B2A4009CF9FF7F010000008E
:04B2AC00F1010008A4
:04B2B000C9010008C8
:0CB2B4000024F400100000000100000065
:040000050800B1C17D
:00000001FF
