:020000040800F2
:100000000000022079BC010881BB010883BB010804
:1000100085BB010887BB010889BB010800000000FF
:10002000000000000000000000000000C13A0008CD
:100030008BBB010800000000413D0008A73D0008FF
:10004000C9BC0108C9BC0108C9BC0108C9BC010878
:10005000C9BC0108C9BC0108C9BC0108C9BC010868
:10006000C9BC0108C9BC0108C9BC0108C9BC010858
:10007000C9BC0108C9BC0108C9BC0108C9BC010848
:10008000C9BC0108C9BC0108C9BC01089DBB010865
:10009000ADBB0108BDBB0108CDBB0108C9BC01084F
:1000A000C9BC0108C9BC0108C9BC0108C9BC010818
:1000B000C9BC0108C9BC0108C9BC0108C9BC010808
:1000C000C9BC0108C9BC0108C9BC0108C9BC0108F8
:1000D000C9BC0108C9BC0108C9BC0108C9BC0108E8
:1000E000C9BC0108C9BC0108C9BC0108C9BC0108D8
:1000F000C9BC0108C9BC0108C9BC0108C9BC0108C8
:10010000C9BC0108C9BC0108C9BC0108C9BC0108B7
:10011000C9BC0108C9BC0108C9BC01088DBB0108E4
:10012000C9BC0108C9BC0108C9BC0108C9BC010897
:10013000C9BC0108C9BC0108C9BC0108C9BC010887
:10014000C9BC0108C9BC0108C9BC0108C9BC010877
:10015000C9BC0108C9BC0108C9BC0108C9BC010867
:10016000C9BC0108C9BC0108C9BC0108C9BC010857
:10017000C9BC0108C9BC0108C9BC010800000000D5
:08018000C9BC0108C9BC01085B
:100190000348044B834202D0034B03B11847704716
:1001A0004C0400204C040020000000000548064BD1
:1001B0001B1AD90F01EBA301491002D0034B03B165
:1001C000184770474C0400204C0400200000000039
:1001D00010B5064C237843B9FFF7DAFF044B13B18F
:1001E0000448AFF300800123237010BD4C040020AD
:1001F0000000000094CC010808B5044B1BB1044971
:100200000448AFF30080BDE80840CFE700000000DD
:100210005004002094CC010880B58CB004AFF86085
:10022000B9603B601346FB80FB889B00184603F0D7
:1002300075F978617B69002B13D0682003F06EF9A3
:10024000F861FB69002B08D068220021F8691CF0D6
:10025000EAF8FB697A691A6305E0786903F01AFA2B
:1002600001E00023FB61FB69002B13D0FA88002317
:100270000393FB690293FB6A0193BB6A00933B689B
:10028000B968F86800F00EF8F86900F093F80123F7
:10029000BB6102E04FF0FF33BB61BB6918462037FA
:1002A000BD4680BD80B588B000AFF860B9607A60A7
:1002B0003B603B6B1A6B7B6803F18043013B9B0007
:1002C0001344BB61BB6923F00703BB61BB6903F047
:1002D0000703002B0BD04FF0500383F31188BFF3BB
:1002E0006F8FBFF34F8F7B6100BF00BFFDE7BB681F
:1002F000002B1ED00023FB6112E0BA68FB69134497
:1003000019783A6BFB69134434330A461A70BA6899
:10031000FB6913441B78002B06D0FB690133FB619A
:10032000FB690F2BE9D900E000BF3B6B002283F88B
:100330004320BB6A1F2B0BD94FF0500383F3118866
:10034000BFF36F8FBFF34F8F3B6100BF00BFFDE76F
:10035000BB6A1F2B01D91F23BB623B6BBA6ADA62EF
:100360003B6BBA6A5A643B6B0433184603F053FE86
:100370003B6B1833184603F04EFE3B6B3A6B1A6129
:10038000BB6AC3F120023B6B9A613B6B3A6B5A62CA
:100390003A68F968B86903F033FB02463B6B1A60B0
:1003A000FB6A002B02D0FB6A3A6B1A6000BF203751
:1003B000BD4680BD80B584B000AF786003F066FCB8
:1003C0003E4B1B6801333D4A13603D4B1B68002BBD
:1003D00009D13B4A7B681360384B1B68012B10D155
:1003E00001F0CCFB0DE0374B1B68002B09D1344BDF
:1003F0001B68DA6A7B68DB6A9A4202D8304A7B68FB
:100400001360314B1B6801332F4A13607B68DB6A32
:1004100001229A402D4B1B6813432C4A13607B68C2
:10042000DA6A2B4913469B0013449B000B440433A8
:100430001B68FB607B68FA689A60FB689A687B6857
:10044000DA60FB689B687A6804325A607B681A1D20
:10045000FB689A607B68DA6A13469B0013449B0032
:100460001B4A1A447B685A617B68DA6A184913464A
:100470009B0013449B000B441B68591C14481346F3
:100480009B0013449B000344196003F02FFC0D4BA9
:100490001B68002B0ED00A4B1B68DA6A7B68DB6A8C
:1004A0009A4207D20B4B4FF080521A60BFF34F8F26
:1004B000BFF36F8F00BF1037BD4680BD5C070020C3
:1004C00068040020680700207807002064070020E7
:1004D0006C04002004ED00E080B584B000AF7860CB
:1004E00003F0D4FB7B68002B03D13C4B1B68FB6003
:1004F00001E07B68FB60FB680433184603F0F2FD03
:100500000346002B15D1FB68DA6A354913469B0078
:1005100013449B000B441B68002B0AD1FB68DB6A69
:10052000012202FA03F3DA432E4B1B6813402D4AD3
:100530001360FB689B6A002B04D0FB6818331846D5
:1005400003F0D0FD284B1B680133274A1360234B6F
:100550001B68FA689A420BD1FB680433194623489A
:1005600003F065FD224B1B680133214A136006E04E
:10057000204B1B68013B1F4A136001F07DFB03F019
:10058000B5FB164B1B68FA689A4202D0F86801F076
:1005900063FB194B1B68002B1CD0104B1B68FA68BF
:1005A0009A4217D1154B1B68002B0BD04FF050030C
:1005B00083F31188BFF36F8FBFF34F8FBB6000BF12
:1005C00000BFFDE70E4B4FF080521A60BFF34F8F14
:1005D000BFF36F8F00BF1037BD4680BD6804002099
:1005E0006C040020640700207807002030070020FA
:1005F000440700205C0700206807002084070020D3
:1006000004ED00E080B58AB000AF78603960002367
:100610007B627B68002B0BD14FF0500383F3118872
:10062000BFF36F8FBFF34F8F7B6100BF00BFFDE74C
:100630003B68002B0BD14FF0500383F31188BFF3BD
:100640006F8FBFF34F8F3B6100BF00BFFDE72B4BA8
:100650001B68002B0BD04FF0500383F31188BFF3BE
:100660006F8FBFF34F8FFB6000BF00BFFDE700F04F
:1006700003FC234B1B683B627B681B683A6813448E
:10068000FB617B681B683A6A9A420BD27B681B68E5
:10069000FA699A4211D2FA693B6A9A420DD901234A
:1006A0007B620AE07B681B68FA699A4203D3FA69A5
:1006B0003B6A9A4201D901237B627B68FA691A601E
:1006C0007B6A002B06D0FA693B6AD31A00211846D0
:1006D00002F024FA00F0DEFBB861BB69002B07D101
:1006E000084B4FF080521A60BFF34F8FBFF36F8FEC
:1006F0007B6A18462837BD4680BD00BF84070020AE
:100700006007002004ED00E080B584B000AF7860A1
:100710000023FB607B68002B18D0144B1B68002B58
:100720000BD04FF0500383F31188BFF36F8FBFF3EB
:100730004F8FBB6000BF00BFFDE700F09DFB0021B5
:10074000786802F0EBF900F0A5FBF860FB68002B7D
:1007500007D1074B4FF080521A60BFF34F8FBFF3A2
:100760006F8F00BF1037BD4680BD00BF84070020DB
:1007700004ED00E080B584B000AF786003F086FA45
:100780007B68002B03D1084B1B68FB6001E07B6892
:10079000FB60FB68DB6ABB6003F0A8FABB68184625
:1007A0001037BD4680BD00BF6804002080B588B00A
:1007B00000AF786003F03FFBEFF311824FF050037E
:1007C00083F31188BFF36F8FBFF34F8F3A61FB60E4
:1007D0003B69BB617B68002B03D10A4B1B68FB6143
:1007E00001E07B68FB61FB69DB6A7B61BB69BB6025
:1007F000BB6883F3118800BF7B6918462037BD466C
:1008000080BD00BF6804002080B588B000AF78606C
:1008100039600023BB613B681F2B0BD94FF050039D
:1008200083F31188BFF36F8FBFF34F8FBB6000BF9F
:1008300000BFFDE73B681F2B01D91F233B6003F07E
:1008400025FA7B68002B03D1554B1B68FB6101E047
:100850007B68FB61FB695B6C7B617A693B689A42F0
:1008600000F098803A687B699A420DD94C4B1B681E
:10087000FA699A420FD04A4B1B68DB6A3A689A427F
:1008800009D30123BB6106E0454B1B68FA699A4214
:1008900001D10123BB61FB69DB6A3B61FB695A6CD7
:1008A000FB69DB6A9A4202D1FB693A68DA62FB694A
:1008B0003A685A64FB699B69002B04DB3B68C3F10F
:1008C0002002FB699A61FB6959693A6913469B00EA
:1008D00013449B00334A1344994250D1FB690433BB
:1008E000184603F0FFFB0346002B09D101223B69A8
:1008F00002FA03F3DA432C4B1B6813402A4A1360B5
:10090000FB69DB6A01229A40274B1B681343264A86
:100910001360FB69DA6A234913469B0013449B006A
:100920000B4404331B68FB60FB69FA689A60FB6840
:100930009A68FB69DA60FB689B68FA6904325A605E
:10094000FB691A1DFB689A60FB69DA6A13469B0013
:1009500013449B00134A1A44FB695A61FB69DA6A23
:10096000104913469B0013449B000B441B68591C01
:100970000C4813469B0013449B0003441960BB6959
:10098000002B07D0094B4FF080521A60BFF34F8FF6
:10099000BFF36F8F03F0AAF900BF2037BD4680BDBB
:1009A000680400206C0400206407002004ED00E0CF
:1009B00080B586B000AF786003F068F97B68002BE3
:1009C00003D1444B1B687B6101E07B687B617B69E1
:1009D0000433184603F086FB0346002B15D17B69D0
:1009E000DA6A3D4913469B0013449B000B441B6885
:1009F000002B0AD17B69DB6A012202FA03F3DA4396
:100A0000364B1B681340354A13607B699B6A002B89
:100A100004D07B691833184603F064FB7B69043308
:100A200019462F4803F003FB00233B6110E07A696D
:100A30003B69134464331B78DBB2012B05D17A691F
:100A40003B691344643300221A703B6901333B61F4
:100A50003B69002BEBDD03F049F9224B1B68002BAF
:100A600005D003F013F901F007F903F03FF9194B32
:100A70001B687A699A4228D11A4B1B68002B18D040
:100A8000194B1B68002B0BD04FF0500383F31188D8
:100A9000BFF36F8FBFF34F8FFB6000BF00BFFDE759
:100AA000124B4FF080521A60BFF34F8FBFF36F8F1E
:100AB0000BE00B4B1A680E4B1B689A4203D1054B97
:100AC00000221A6001E000F07DFC00BF1837BD462F
:100AD00080BD00BF680400206C0400206407002073
:100AE00048070020680700208407002004ED00E08C
:100AF0005C07002080B487B000AF786000237B6182
:100B00007B683B617B68002B0BD14FF0500383F374
:100B10001188BFF36F8FBFF34F8FFB6000BF00BF23
:100B2000FDE73B695B690A4A93420AD13B699B6ACC
:100B3000084A934205D03B699B6A002B01D10123EF
:100B40007B617B6918461C37BD4680BC704700BF7F
:100B5000480700201C07002080B586B000AF7860F1
:100B60007B687B617B68002B0BD14FF0500383F3D4
:100B70001188BFF36F8FBFF34F8FFB6000BF00BFC3
:100B8000FDE7344B1B687A699A425FD07B69002B82
:100B90005CD003F07BF87869FFF7ACFF0346002BCD
:100BA00052D07B690433184603F09CFA7B69DB6AF8
:100BB00001229A40284B1B681343274A13607B6924
:100BC000DA6A264913469B0013449B000B44043306
:100BD0001B683B617B693A699A603B699A687B69EB
:100BE000DA603B699B687A6904325A607B691A1D36
:100BF0003B699A607B69DA6A13469B0013449B0049
:100C0000164A1A447B695A617B69DA6A13491346AA
:100C10009B0013449B000B441B68591C0F48134650
:100C20009B0013449B00034419607B69DA6A094BFB
:100C30001B68DB6A9A4207D3094B4FF080521A6057
:100C4000BFF34F8FBFF36F8F03F050F800BF18371B
:100C5000BD4680BD68040020640700206C040020AD
:100C600004ED00E080B58AB000AF786000237B62BD
:100C70007B683B627B68002B0BD14FF0500383F302
:100C80001188BFF36F8FBFF34F8F7B6100BF00BF31
:100C9000FDE703F0D0F8EFF311824FF0500383F338
:100CA0001188BFF36F8FBFF34F8F3A61FB603B69D1
:100CB000FB61386AFFF71EFF0346002B5AD0334B07
:100CC0001B68002B50D13B6ADA6A314B1B68DB6A28
:100CD0009A4204D301237B622E4B01221A603B6AA5
:100CE0000433184603F0FEF93B6ADB6A01229A409E
:100CF000294B1B681343284A13603B6ADA6A274969
:100D000013469B0013449B000B4404331B68BB61D8
:100D10003B6ABA699A60BB699A683B6ADA60BB69E8
:100D20009B683A6A04325A603B6A1A1DBB699A6032
:100D30003B6ADA6A13469B0013449B00174A1A4425
:100D40003B6A5A613B6ADA6A144913469B001344B2
:100D50009B000B441B68591C104813469B0013440E
:100D60009B000344196005E03B6A183319460C48A0
:100D700003F05DF9FB69BB60BB6883F3118800BFBA
:100D80007B6A18462837BD4680BD00BF8407002017
:100D90006804002070070020640700206C04002015
:100DA0001C07002080B586B002AF204B01930023C2
:100DB0000093002380221E491E48FFF72DFAF86099
:100DC000FB68012B02D101F029FFF860FB68012BC1
:100DD00016D14FF0500383F31188BFF36F8FBFF329
:100DE0004F8FBB6000BF144B4FF0FF321A60134BA4
:100DF00001221A60124B00221A6002F088FE0FE0F6
:100E0000FB68B3F1FF3F0BD14FF0500383F3118820
:100E1000BFF36F8FBFF34F8F7B6000BF00BFFDE755
:100E2000084B1B6800BF1037BD4680BD80070020FF
:100E3000B0CC0108991A00087C0700206807002040
:100E400060070020ACCC010880B582B000AF4FF045
:100E5000500383F31188BFF36F8FBFF34F8F7B6015
:100E600000BF044B00221A6002F0F4FE00BF0837F6
:100E7000BD4680BD6807002080B400AF044B1B68EE
:100E80000133034A136000BFBD4680BC704700BFFA
:100E90008407002080B588B000AF0023FB610023E9
:100EA000BB61714B1B68002B0BD14FF0500383F3D8
:100EB0001188BFF36F8FBFF34F8F7B6000BF00BF00
:100EC000FDE702F0E3FE684B1B68013B664A1360D6
:100ED000654B1B68002B40F0C080644B1B68002BE7
:100EE00000F0BB808AE0624BDB68DB68FB61FB697A
:100EF0009B6A3B61FB69DB69FA69126A9A60FB696C
:100F00001B6AFA69D2695A603B695A68FB691833EF
:100F10009A4203D1FB691A6A3B695A60FB69002255
:100F20009A623B691B685A1E3B691A60FB695B69E0
:100F3000FB60FB699B68FA69D2689A60FB69DB68B1
:100F4000FA6992685A60FB685A68FB6904339A42EE
:100F500003D1FB69DA68FB685A60FB6900225A61B9
:100F6000FB681B685A1EFB681A60FB69DB6A01227A
:100F70009A40404B1B6813433E4A1360FB69DA6A90
:100F80003D4913469B0013449B000B4404331B68EC
:100F9000BB60FB69BA689A60BB689A68FB69DA60F3
:100FA000BB689B68FA6904325A60FB691A1DBB680A
:100FB0009A60FB69DA6A13469B0013449B002E4A31
:100FC0001A44FB695A61FB69DA6A2B4913469B0094
:100FD00013449B000B441B68591C274813469B0075
:100FE00013449B0003441960FB69DA6A234B1B68B6
:100FF000DB6A9A4202D3224B01221A601C4B1B6807
:10100000002B7FF470AFFB69002B01D000F034FEA1
:101010001C4B1B687B617B69002B10D000F0B2F881
:101020000346002B02D0164B01221A607B69013B5C
:101030007B617B69002BF1D1124B00221A60104BAF
:101040001B68002B09D00123BB610F4B4FF080526E
:101050001A60BFF34F8FBFF36F8F02F047FEBB697B
:1010600018462037BD4680BD840700205C0700205D
:101070001C070020640700206C0400206804002086
:10108000700700206C07002004ED00E080B483B0FE
:1010900000AF044B1B687B607B6818460C37BD466D
:1010A00080BC70476007002080B582B000AF02F0BE
:1010B000C2FE00237B60044B1B683B603B68184604
:1010C0000837BD4680BD00BF6007002080B400AF78
:1010D000024B1B681846BD4680BC70475C07002069
:1010E00080B485B000AF78607B68002B03D10E4BD5
:1010F0001B68FB6001E07B68FB60FB68002B0BD189
:101100004FF0500383F31188BFF36F8FBFF34F8FFE
:10111000BB6000BF00BFFDE7FB68343318461437DF
:10112000BD4680BC704700BF6804002080B584B015
:1011300000AF7860114B1B68002B0BD04FF05003B1
:1011400083F31188BFF36F8FBFF34F8FBB6000BF76
:1011500000BFFDE7FFF790FE02F098FD084B1A680C
:101160007B681344064A136002F0C0FDFFF792FE4D
:10117000F860FB6818461037BD4680BD8407002024
:101180006C07002080B58AB000AF00237B62824BE1
:101190001B68002B40F0F380804B1B6801333B62DF
:1011A0007E4A3B6A13603B6A002B21D17C4B1B6853
:1011B0001B68002B0BD04FF0500383F31188BFF353
:1011C0006F8FBFF34F8F7B6000BF00BFFDE7744B95
:1011D0001B68FB61734B1B68714A1360714AFB69A2
:1011E0001360714B1B6801336F4A136000F044FDBC
:1011F0006E4B1B683A6A9A42C0F0A680684B1B6827
:101200001B68002B04D1694B4FF0FF321A609BE042
:10121000634B1B68DB68DB68BB61BB695B687B6138
:101220003A6A7B699A4203D2604A7B6913608BE019
:10123000BB695B693B61BB699B68BA69D2689A60AC
:10124000BB69DB68BA6992685A603B695A68BB69D6
:1012500004339A4203D1BB69DA683B695A60BB69BF
:1012600000225A613B691B685A1E3B691A60BB69C0
:101270009B6A002B1ED0BB699B6AFB60BB69DB6964
:10128000BA69126A9A60BB691B6ABA69D2695A6004
:10129000FB685A68BB6918339A4203D1BB691A6A62
:1012A000FB685A60BB6900229A62FB681B685A1E81
:1012B000FB681A60BB69DB6A01229A403C4B1B68E1
:1012C00013433B4A1360BB69DA6A3A4913469B00F1
:1012D00013449B000B4404331B68BB60BB69BA68B2
:1012E0009A60BB689A68BB69DA60BB689B68BA6938
:1012F00004325A60BB691A1DBB689A60BB69DA6A1E
:1013000013469B0013449B002A4A1A44BB695A6146
:10131000BB69DA6A274913469B0013449B000B44C0
:101320001B68591C234813469B0013449B0003442D
:101330001960BB69DA6A204B1B68DB6A9A427FF648
:101340005DAF01237B6259E71B4B1B68DA6A1949C1
:1013500013469B0013449B000B441B68012B01D9CF
:1013600001237B62154B1B68002B01D11AF056FA42
:10137000134B1B68002B09D001237B6206E00F4B47
:101380001B6801330D4A13601AF048FA7B6A18464D
:101390002837BD4680BD00BF8407002060070020BD
:1013A0001407002018070020740700207C07002085
:1013B000640700206C040020680400206C070020F3
:1013C0007007002080B487B000AF274B1B68002B4C
:1013D00003D0264B01221A6040E0244B00221A6001
:1013E000234B1B68FB60FB68B3FA83F3FB72FB7A49
:1013F000C3F11F037B611F497A6913469B001344A5
:101400009B000B441B68002B0BD14FF0500383F360
:101410001188BFF36F8FBFF34F8F7B6000BF00BF9A
:10142000FDE77A6913469B0013449B00114A13445D
:101430003B613B695B685A683B695A603B695A6823
:101440003B6908339A4204D13B695B685A683B693F
:101450005A603B695B68DB68074A136000BF1C3752
:10146000BD4680BC704700BF840700207007002085
:10147000640700206C0400206804002080B584B05C
:1014800000AF786039607B68002B0BD14FF05003C0
:1014900083F31188BFF36F8FBFF34F8FFB6000BFE3
:1014A00000BFFDE7074B1B6818331946786802F048
:1014B000E1FD0121386801F031FB00BF1037BD4666
:1014C00080BD00BF6804002080B588B000AFF86020
:1014D000B9607A60FB68002B0BD14FF0500383F3A7
:1014E0001188BFF36F8FBFF34F8FBB6100BF00BF89
:1014F000FDE71F4B1B68002B0BD14FF0500383F30C
:101500001188BFF36F8FBFF34F8F7B6100BF00BFA8
:10151000FDE7184B1B68BA6842F000429A61FB680D
:101520005B68FB61134B1B68FA69DA61114B1B683E
:10153000FA6992681A620F4B1A68FB699B68183245
:101540005A600C4B1B6803F11802FB699A60094B47
:101550001B68FA689A62FB681B685A1CFB681A6071
:101560000121786801F0DAFA00BF2037BD4680BD5E
:10157000840700206804002080B586B000AFF860C2
:10158000B9607A60FB68002B0BD14FF0500383F3F6
:101590001188BFF36F8FBFF34F8F3B6100BF00BF58
:1015A000FDE7FB685B687B61154B1B687A69DA6154
:1015B000134B1B687A6992681A62114B1A687B692F
:1015C0009B6818325A600E4B1B6803F118027B6946
:1015D0009A600B4B1B68FA689A62FB681B685A1C7E
:1015E000FB681A607B68002B02D04FF0FF33BB60B2
:1015F0007968B86801F092FA00BF1837BD4680BD1F
:101600006804002080B48BB000AF78607B68DB6832
:10161000DB683B623B6A002B0BD14FF0500383F336
:101620001188BFF36F8FBFF34F8FFB6000BF00BF08
:10163000FDE73B6A9B6AFB613B6ADB693A6A126AB7
:101640009A603B6A1B6A3A6AD2695A60FB695A68B7
:101650003B6A18339A4203D13B6A1A6AFB695A60A3
:101660003B6A00229A62FB691B685A1EFB691A607A
:10167000494B1B68002B5ED13B6A5B697B613B6A0F
:101680009B683A6AD2689A603B6ADB683A6A9268F9
:101690005A607B695A683B6A04339A4203D13B6AB9
:1016A000DA687B695A603B6A00225A617B691B6871
:1016B0005A1E7B691A603B6ADB6A01229A40374BEB
:1016C0001B681343354A13603B6ADA6A3449134690
:1016D0009B0013449B000B4404331B683B613B6A33
:1016E0003A699A603B699A683B6ADA603B699B6831
:1016F0003A6A04325A603B6A1A1D3B699A603B6A37
:10170000DA6A13469B0013449B00254A1A443B6A3D
:101710005A613B6ADA6A224913469B0013449B00D4
:101720000B441B68591C1E4813469B0013449B0026
:10173000034419601BE01B4B5B68BB613B6ABA69E1
:10174000DA61BB699A683B6A1A62BB699B683A6A4C
:1017500018325A603B6A03F11802BB699A603B6A0F
:10176000104A9A620F4B1B6801330E4A13603B6AA2
:10177000DA6A0D4B1B68DB6A9A4205D901237B624A
:101780000A4B01221A6001E000237B627B6A184643
:101790002C37BD4680BC70478407002064070020BA
:1017A0006C0400201C070020680400207007002043
:1017B00080B489B000AF78603960594B1B68002B4A
:1017C0000BD14FF0500383F31188BFF36F8FBFF33A
:1017D0004F8FFB6000BF00BFFDE73B6843F0004256
:1017E0007B681A607B68DB68FB61FB69002B0BD1AF
:1017F0004FF0500383F31188BFF36F8FBFF34F8F08
:10180000BB6000BF00BFFDE77B681B69BB617B68F5
:101810005B687A6892689A607B689B687A685268AD
:101820005A60BB695B687A689A4203D17B689A68A0
:10183000BB695A607B6800221A61BB691B685A1E2B
:10184000BB691A60FB695B697B61FB699B68FA692C
:10185000D2689A60FB69DB68FA6992685A607B69B2
:101860005A68FB6904339A4203D1FB69DA687B69E1
:101870005A60FB6900225A617B691B685A1E7B69AA
:101880001A60FB69DB6A01229A40264B1B681343EE
:10189000244A1360FB69DA6A234913469B00134408
:1018A0009B000B4404331B683B61FB693A699A60F7
:1018B0003B699A68FB69DA603B699B68FA690432A4
:1018C0005A60FB691A1D3B699A60FB69DA6A134624
:1018D0009B0013449B00144A1A44FB695A61FB693C
:1018E000DA6A114913469B0013449B000B441B68A2
:1018F000591C0D4813469B0013449B000344196078
:10190000FB69DA6A094B1B68DB6A9A4202D9084B09
:1019100001221A6000BF2437BD4680BC704700BF5B
:1019200084070020640700206C0400206804002065
:101930007007002080B584B000AF78607B68002B12
:101940000BD14FF0500383F31188BFF36F8FBFF3B8
:101950004F8FFB6000BF00BFFDE702F097F9074B18
:101960001A687B681A60064B1A687B685A6002F036
:10197000BDF900BF1037BD4680BD00BF7407002011
:101980006007002080B483B000AF7860064B1A680F
:101990007B681A60054B1A687B685A6000BF0C3779
:1019A000BD4680BC704700BF740700206007002060
:1019B00080B588B000AF786039607B68002B0BD1B0
:1019C0004FF0500383F31188BFF36F8FBFF34F8F36
:1019D0003B6100BF00BFFDE73B68002B0BD14FF020
:1019E000500383F31188BFF36F8FBFF34F8FFB60FA
:1019F00000BF00BFFDE702F049F91F4B1B68BB6148
:101A00007B685B68BA69D31A7B613B681B68B3F17A
:101A1000FF3F02D10023FB6126E07B681A68174B69
:101A20001B689A420AD07B685B68BA699A4205D300
:101A30000123FB613B6800221A6015E03B681B68CC
:101A40007A699A420BD23B681A687B69D21A3B6862
:101A50001A607868FFF796FF0023FB6104E03B689B
:101A600000221A600123FB6102F040F9FB6918466D
:101A70002037BD4680BD00BF6007002074070020EE
:101A800080B400AF034B01221A6000BFBD4680BC8A
:101A9000704700BF7007002080B582B000AF78604B
:101AA00000F0ACF8064B1B68012BF9D9054B4FF041
:101AB00080521A60BFF34F8FBFF36F8FF0E700BF04
:101AC0006C04002004ED00E080B487B000AFF86043
:101AD000B9607A60BB68002B21DBBB68042B1EDC7D
:101AE000FB68002B03D1104B1B687B6101E0FB6896
:101AF0007B617B69002B0BD14FF0500383F311887E
:101B0000BFF36F8FBFF34F8F3B6100BF00BFFDE797
:101B10007A69BB6812339B0013447A685A6000BF2D
:101B20001C37BD4680BC70476804002080B485B077
:101B300000AF786039600023FB603B68002B13DB4B
:101B40003B68042B10DC7B68002B03D10A4B1B681D
:101B5000BB6001E07B68BB60BA683B6812339B00E6
:101B600013445B68FB6001E00023FB60FB681846E0
:101B70001437BD4680BC70476804002080B582B031
:101B800000AF00237B600CE07A6813469B0013448F
:101B90009B00124A1344184602F01EFA7B68013378
:101BA0007B607B681F2BEFD90D4802F015FA0D48BA
:101BB00002F012FA0C4802F00FFA0C4802F00CFA8C
:101BC0000B4802F009FA0B4B054A1A600A4B054A0A
:101BD0001A6000BF0837BD4680BD00BF6C040020FE
:101BE000EC060020000700201C0700203007002022
:101BF00048070020140700201807002080B582B095
:101C000000AF19E002F042F8104BDB68DB687B6044
:101C10007B680433184602F065FA0D4B1B68013BE4
:101C20000B4A13600B4B1B68013B0A4A136002F01E
:101C30005DF8786800F010F8064B1B68002BE1D1C6
:101C400000BF00BF0837BD4680BD00BF3007002081
:101C50005C0700204407002080B582B000AF7860A8
:101C60007B681B6B184601F015FD786801F012FDCA
:101C700000BF0837BD4680BD80B400AF094B1B686C
:101C80001B68002B04D1084B4FF0FF321A6005E0AF
:101C9000044B1B68DB681B68034A136000BFBD462A
:101CA00080BC7047140700207C07002080B483B0FC
:101CB00000AF044B1B687B607B6818460C37BD4641
:101CC00080BC70476804002080B483B000AF0B4B29
:101CD0001B68002B02D101237B6008E0084B1B68C6
:101CE000002B02D102237B6001E000237B607B6834
:101CF00018460C37BD4680BC704700BF68070020FF
:101D00008407002080B586B000AF78607B683B61B7
:101D100000237B617B68002B00F087803B69DA6AD7
:101D2000444B1B68DB6A9A4276D23B699B69002B65
:101D300006DB404B1B68DB6AC3F120023B699A61FA
:101D40003B6959693B69DA6A13469B0013449B005F
:101D5000394A1344994257D13B690433184602F07B
:101D6000C1F90346002B0AD13B69DB6A012202FA62
:101D700003F3DA43314B1B681340304A13602D4B99
:101D80001B68DA6A3B69DA623B69DB6A01229A40C6
:101D90002A4B1B681343294A13603B69DA6A2649B8
:101DA00013469B0013449B000B4404331B68FB60E9
:101DB0003B69FA689A60FB689A683B69DA60FB687D
:101DC0009B683A6904325A603B691A1DFB689A6045
:101DD0003B69DA6A13469B0013449B00164A1A4477
:101DE0003B695A613B69DA6A134913469B00134405
:101DF0009B000B441B68591C0F4813469B0013445F
:101E00009B000344196004E00A4B1B68DA6A3B69D3
:101E1000DA6201237B6108E03B695A6C054B1B6861
:101E2000DB6A9A4201D201237B617B69184618372D
:101E3000BD4680BD680400206C04002064070020BB
:101E400080B588B000AF78607B68BB610023FB6120
:101E50007B68002B00F08E80494B1B68BA699A4260
:101E60000BD04FF0500383F31188BFF36F8FBFF394
:101E70004F8F3B6100BF00BFFDE7BB699B6C002B30
:101E80000BD14FF0500383F31188BFF36F8FBFF373
:101E90004F8FFB6000BF00BFFDE7BB699B6C5A1E04
:101EA000BB699A64BB69DA6ABB695B6C9A4261D0B0
:101EB000BB699B6C002B5DD1BB690433184602F0F3
:101EC00011F90346002B0AD1BB69DB6A012202FA31
:101ED00003F3DA432B4B1B6813402A4A1360BB6998
:101EE0005A6CBB69DA62BB69DB6AC3F12002BB6969
:101EF0009A61BB69DB6A01229A40224B1B6813433B
:101F0000204A1360BB69DA6A1F4913469B001344D9
:101F10009B000B4404331B687B61BB697A699A6040
:101F20007B699A68BB69DA607B699B68BA6904322D
:101F30005A60BB691A1D7B699A60BB69DA6A1346ED
:101F40009B0013449B00104A1A44BB695A61BB6949
:101F5000DA6A0D4913469B0013449B000B441B682F
:101F6000591C094813469B0013449B000344196005
:101F70000123FB61FB6918462037BD4680BD00BFC9
:101F800068040020640700206C04002080B58AB03B
:101F900000AF786039607B683B620123FB617B683E
:101FA000002B00F0A3803B6A9B6C002B0BD14FF001
:101FB000500383F31188BFF36F8FBFF34F8F3B61E3
:101FC00000BF00BFFDE73B6A5B6C3A689A4202D9EA
:101FD0003B687B6202E03B6A5B6C7B623B6ADB6A6C
:101FE0007A6A9A4200F082803B6A9B6CFA699A4254
:101FF0007CD1404B1B683A6A9A420BD14FF0500398
:1020000083F31188BFF36F8FBFF34F8FFB6000BF67
:1020100000BFFDE73B6ADB6ABB613B6A7A6ADA6252
:102020003B6A9B69002B04DB7B6AC3F120023B6A9D
:102030009A613B6A5969BA6913469B0013449B0035
:102040002D4A1344994251D13B6A0433184602F099
:1020500049F80346002B0AD13B6ADB6A012202FAE7
:1020600003F3DA43254B1B681340244A13603B6A91
:10207000DB6A01229A40214B1B6813431F4A1360FD
:102080003B6ADA6A1C4913469B0013449B000B44CD
:1020900004331B687B613B6A7A699A607B699A6842
:1020A0003B6ADA607B699B683A6A04325A603B6A31
:1020B0001A1D7B699A603B6ADA6A13469B001344D7
:1020C0009B000D4A1A443B6A5A613B6ADA6A0A4924
:1020D00013469B0013449B000B441B68591C064885
:1020E00013469B0013449B000344196000BF28372C
:1020F000BD4680BD680400206C04002064070020F9
:1021000080B483B000AF094B1B689B697B60074BB1
:102110001B68DA6A054B1B68C2F120029A617B6872
:1021200018460C37BD4680BC704700BF68040020CD
:1021300080B400AF074B1B68002B04D0054B1B6815
:102140009A6C01329A64034B1B681846BD4680BCEA
:10215000704700BF6804002080B586B000AFF8600B
:10216000B9607A60FB68002B0BD04FF0500383F30B
:102170001188BFF36F8FBFF34F8F3B6100BF00BF6C
:10218000FDE701F083FD264B1B68FA68183253F80F
:102190002230002B15D1224B1A68FB68134464339C
:1021A00001221A707B68002B0BD00121786800F0A7
:1021B000B5FC1C4B4FF080521A60BFF34F8FBFF33A
:1021C0006F8F01F093FD01F061FD154B1B68FA68FC
:1021D000183253F822307B617B69002B12D0BB6828
:1021E000002B07D00E4B1B68FA681832002143F809
:1021F000221007E00A4B1B687A69511EFA681832F0
:1022000043F82210064B1A68FB681344643300221B
:102210001A7001F06BFD7B6918461837BD4680BD0A
:102220006804002004ED00E080B586B000AFF860DF
:10223000B9607A603B60FB68002B0BD04FF0500315
:1022400083F31188BFF36F8FBFF34F8F3B6100BFE4
:1022500000BFFDE701F01AFD314B1A68FB6813441B
:1022600064331B78DBB2022B22D02D4B1B68FA683B
:10227000183253F82210BA68D2431140FA68183263
:1022800043F82210264B1A68FB681344643301227A
:102290001A703B6A002B0BD00121386A00F03EFC1B
:1022A000204B4FF080521A60BFF34F8FBFF36F8FF8
:1022B00001F01CFD01F0EAFC3B68002B07D0184B35
:1022C0001B68FA68183253F822203B681A60144BD6
:1022D0001A68FB68134464331B78DBB2022B02D00C
:1022E00000237B610EE00E4B1B68FA68183253F82E
:1022F00022107A68D2431140FA68183243F822104B
:1023000001237B61064B1A68FB6813446433002287
:102310001A7001F0EBFC7B6918461837BD4680BD8A
:102320006804002004ED00E080B58EB000AFF860D6
:10233000B9607A60FB7001237B63BB68002B0BD014
:102340004FF0500383F31188BFF36F8FBFF34F8FAC
:102350003B6200BF00BFFDE7FB68002B0BD14FF0D5
:10236000500383F31188BFF36F8FBFF34F8FFB616F
:1023700000BF00BFFDE7FB683B6301F087FC3B6CDF
:10238000002B06D03B6BBA68183253F822203B6C06
:102390001A603A6BBB68134464331B7887F82F309C
:1023A0003A6BBB681344643302221A70FB78042B27
:1023B0002ED0042B3ADC032B23D0032B36DC022B4C
:1023C00013D0022B32DC002B40D0012B2ED13B6BE3
:1023D000BA68183253F822207B6842EA03013B6B4B
:1023E000BA68183243F8221033E03B6BBA681832EF
:1023F00053F82230591C3B6BBA68183243F822104C
:1024000027E03B6BBA681832796843F8221020E065
:1024100097F82F30022B06D03B6BBA6818327968D8
:1024200043F8221015E000237B6312E04D4B1B683C
:10243000002B0DD04FF0500383F31188BFF36F8F43
:10244000BFF34F8FBB6100BF00BFFDE700BF00E0DF
:1024500000BF97F82F30012B7CD13B6B5B69BB62CF
:102460003B6B9B683A6BD2689A603B6BDB683A6B5C
:1024700092685A60BB6A5A683B6B04339A4203D134
:102480003B6BDA68BB6A5A603B6B00225A61BB6ADD
:102490001B685A1EBB6A1A603B6BDB6A01229A40BA
:1024A000314B1B681343304A13603B6BDA6A2F4988
:1024B00013469B0013449B000B4404331B687B6250
:1024C0003B6B7A6A9A607B6A9A683B6BDA607B6ADC
:1024D0009B683A6B04325A603B6B1A1D7B6A9A60A8
:1024E0003B6BDA6A13469B0013449B001F4A1A4455
:1024F0003B6B5A613B6BDA6A1C4913469B001344E1
:102500009B000B441B68591C184813469B0013443E
:102510009B00034419603B6B9B6A002B0BD04FF070
:10252000500383F31188BFF36F8FBFF34F8F7B612D
:1025300000BF00BFFDE73B6BDA6A0D4B1B68DB6A2F
:102540009A4207D90B4B4FF080521A60BFF34F8F5E
:10255000BFF36F8F01F0CAFB7B6B18463837BD465F
:1025600080BD00BF60070020640700206C040020CD
:102570006804002004ED00E080B592B000AFF86080
:10258000B9607A60FB7001237B64FB68002B0BD180
:102590004FF0500383F31188BFF36F8FBFF34F8F5A
:1025A000BB6200BF00BFFDE7BB68002B0BD04FF044
:1025B000500383F31188BFF36F8FBFF34F8F7B629C
:1025C00000BF00BFFDE701F036FCFB683B64EFF3A2
:1025D00011824FF0500383F31188BFF36F8FBFF365
:1025E0004F8F3A62FB613B6AFB633B6D002B06D069
:1025F0003B6CBA68183253F822203B6D1A603A6C73
:10260000BB68134464331B7887F83B303A6CBB6873
:102610001344643302221A70FB78042B2ED0042B4F
:102620003ADC032B23D0032B36DC022B13D0022BF6
:1026300032DC002B40D0012B2ED13B6CBA68183213
:1026400053F822207B6842EA03013B6CBA681832D7
:1026500043F8221033E03B6CBA68183253F822304A
:10266000591C3B6CBA68183243F8221027E03B6CC7
:10267000BA681832796843F8221020E097F83B30A6
:10268000022B06D03B6CBA681832796843F82210E6
:1026900015E000237B6412E0604B1B68002B0DD01B
:1026A0004FF0500383F31188BFF36F8FBFF34F8F49
:1026B000BB6100BF00BFFDE700BF00E000BF97F8AF
:1026C0003B30012B40F09F803B6C9B6A002B0BD072
:1026D0004FF0500383F31188BFF36F8FBFF34F8F19
:1026E0007B6100BF00BFFDE74D4B1B68002B5ED137
:1026F0003B6C5B693B633B6C9B683A6CD2689A604D
:102700003B6CDB683A6C92685A603B6B5A683B6C76
:1027100004339A4203D13B6CDA683B6B5A603B6CE2
:1027200000225A613B6B1B685A1E3B6B1A603B6C64
:10273000DB6A01229A403B4B1B681343394A136002
:102740003B6CDA6A384913469B0013449B000B44E8
:1027500004331B68FB623B6CFA6A9A60FB6A9A68F6
:102760003B6CDA60FB6A9B683A6C04325A603B6CE3
:102770001A1DFB6A9A603B6CDA6A13469B0013448D
:102780009B00294A1A443B6C5A613B6CDA6A264921
:1027900013469B0013449B000B441B68591C2248A2
:1027A00013469B0013449B00034419601BE01F4B1E
:1027B0005B687B633B6C7A6BDA617B6B9A683B6C22
:1027C0001A627B6B9B683A6C18325A603B6C03F15F
:1027D00018027B6B9A603B6C144A9A62134B1B681D
:1027E0000133124A13603B6CDA6A114B1B68DB6AD7
:1027F0009A4208D97B6D002B02D07B6D01221A60B2
:102800000C4B01221A60FB6B3B613B6983F311881F
:1028100000BF7B6C18464837BD4680BD600700206E
:1028200084070020640700206C0400201C0700209F
:10283000680400207007002080B590B000AFF860F9
:10284000B9607A60FB68002B0BD14FF0500383F323
:102850001188BFF36F8FBFF34F8F7B6200BF00BF44
:10286000FDE7BB68002B0BD04FF0500383F31188BA
:10287000BFF36F8FBFF34F8F3B6200BF00BFFDE719
:1028800001F0D9FAFB68FB63EFF311824FF05003BC
:1028900083F31188BFF36F8FBFF34F8FFA61BB6172
:1028A000FB69BB63FA6BBB68134464331B7887F81E
:1028B0003730FA6BBB681344643302221A70FB6B27
:1028C000BA68183253F82230591CFB6BBA681832B8
:1028D00043F8221097F83730012B40F09F80FB6BB4
:1028E0009B6A002B0BD04FF0500383F31188BFF38A
:1028F0006F8FBFF34F8F7B6100BF00BFFDE74C4B75
:102900001B68002B5ED1FB6B5B69FB62FB6B9B68FA
:10291000FA6BD2689A60FB6BDB68FA6B92685A605C
:10292000FB6A5A68FB6B04339A4203D1FB6BDA688B
:10293000FB6A5A60FB6B00225A61FB6A1B685A1ED5
:10294000FB6A1A60FB6BDB6A01229A40394B1B68F9
:102950001343384A1360FB6BDA6A374913469B000E
:1029600013449B000B4404331B68BB62FB6BBA6AC5
:102970009A60BB6A9A68FB6BDA60BB6A9B68FA6B09
:1029800004325A60FB6B1A1DBB6A9A60FB6BDA6AF1
:1029900013469B0013449B00274A1A44FB6B5A6161
:1029A000FB6BDA6A244913469B0013449B000B44DB
:1029B0001B68591C204813469B0013449B0003448A
:1029C00019601BE01D4B5B683B63FB6B3A6BDA6184
:1029D0003B6B9A68FB6B1A623B6B9B68FA6B183215
:1029E0005A60FB6B03F118023B6B9A60FB6B134A56
:1029F0009A62124B1B680133104A1360FB6BDA6A50
:102A00000F4B1B68DB6A9A4208D97B68002B02D007
:102A10007B6801221A600B4B01221A60BB6B3B6181
:102A20003B6983F3118800BF00BF4037BD4680BDBE
:102A300084070020640700206C0400201C0700208D
:102A4000680400207007002080B586B000AF786071
:102A500039603B68002B0BD04FF0500383F3118893
:102A6000BFF36F8FBFF34F8FFB6000BF00BFFDE769
:102A70007B68002B03D1114B1B687B6101E07B68F5
:102A80007B6101F003F97A693B68134464331B7876
:102A9000DBB2022B08D17A693B681344643300220D
:102AA0001A7001233B6101E000233B6101F01EF934
:102AB0003B6918461837BD4680BD00BF680400203A
:102AC00080B586B000AFF860B9607A60FB68002B13
:102AD00003D1114B1B687B6101E0FB687B6101F056
:102AE000D5F87B69BA68183253F822303B617B69AC
:102AF000BA68183253F822207B68DB4302EA0301EC
:102B00007B69BA68183243F8221001F0EFF83B698C
:102B100018461837BD4680BD6804002080B586B0D1
:102B200000AF78603960364B1B687B61354B1B68A2
:102B30000433184601F0D6FA0346002B0BD1314B73
:102B40001B68DB6A012202FA03F3DA432E4B1B688F
:102B500013402D4A13607B68B3F1FF3F24D13B68DB
:102B6000002B21D0294B5B683B61264B1B683A69DF
:102B70009A60244B1B683A699268DA60214B1A68A4
:102B80003B699B6804325A601E4B1B681A1D3B69E7
:102B90009A601C4B1B681D4A5A611C4B1B68013311
:102BA0001A4A136000BF26E07A697B681344FB6011
:102BB000144B1B68FA685A60FA687B699A4209D21A
:102BC000134B1A680F4B1B6804331946104601F06B
:102BD00051FA10E00F4B1A680A4B1B680433194670
:102BE000104601F047FA0C4B1B68FA689A4202D271
:102BF000094AFB68136000BF1837BD4680BD00BF9F
:102C000060070020680400206407002048070020B7
:102C100018070020140700207C07002080B584B02E
:102C200002AF00237B6000F0D7FB124B1B68002B28
:102C30000BD0114B01931F23009300234FF480729C
:102C40000E490F48FDF7E8FA78607B68002B0BD13E
:102C50004FF0500383F31188BFF36F8FBFF34F8F93
:102C60003B6000BF00BFFDE77B6818460837BD46E4
:102C700080BD00BFB8070020BC070020B8CC010809
:102C80002D30000880B588B002AFF860B9607A6076
:102C90003B60282000F042FC78617B69002B0DD05E
:102CA0007B69002283F824207B6901933B6A0093AF
:102CB0003B687A68B968F86800F005F87B691846DF
:102CC0001837BD4680BD80B586B000AFF860B960EA
:102CD0007A603B60BB68002B0BD14FF0500383F34D
:102CE0001188BFF36F8FBFF34F8F7B6100BF00BFB1
:102CF000FDE700F071FB7B6AFA681A607B6ABA68CC
:102D00009A617B6A3A68DA617B6A3A6A1A627B6A1C
:102D10000433184601F07FF97B68002B08D07B6AEA
:102D200093F8243043F00403DAB27B6A83F824205A
:102D300000BF1837BD4680BD80B58AB000AFF860CF
:102D4000B9607A603B6000237B62FB68002B0BD18B
:102D50004FF0500383F31188BFF36F8FBFF34F8F92
:102D60003B6200BF00BFFDE7194B1B68002B2AD058
:102D7000BB687B617B68BB61FB68FB61BB68052B43
:102D800018DCFEF7A1FF0346022B09D1104B18688F
:102D900007F1140100233A6B01F09EFB786212E008
:102DA0000B4B186807F114010023002201F094FB7B
:102DB000786208E0064B186807F1140100233A68AE
:102DC00001F0A8FC78627B6A18462837BD4680BDB2
:102DD000B807002080B483B000AF0B4B1B68002BFA
:102DE0000BD14FF0500383F31188BFF36F8FBFF304
:102DF0004F8F7B6000BF00BFFDE7034B1B68184689
:102E00000C37BD4680BC7047BC07002080B485B03D
:102E100000AF78607B68FB607B68002B0BD14FF0C4
:102E2000500383F31188BFF36F8FBFF34F8FBB60E5
:102E300000BF00BFFDE7FB689B6918461437BD461D
:102E400080BC704780B584B000AF786039607B6823
:102E5000FB607B68002B0BD14FF0500383F311888C
:102E6000BFF36F8FBFF34F8FBB6000BF00BFFDE7A5
:102E700000F00CFF3B68002B09D0FB6893F824306E
:102E800043F00403DAB2FB6883F8242008E0FB680F
:102E900093F8243023F00403DAB2FB6883F824208B
:102EA00000F024FF00BF1037BD4680BD80B586B05E
:102EB00000AF78607B683B617B68002B0BD14FF0E3
:102EC000500383F31188BFF36F8FBFF34F8FFB6005
:102ED00000BF00BFFDE700F0D9FE3B6993F8243046
:102EE00003F00403002B02D100237B6101E00123E6
:102EF0007B6100F0FBFE7B6918461837BD4680BD3C
:102F000080B582B000AF78607868FFF7CFFF0346E6
:102F100018460837BD4680BD80B487B000AF7860E2
:102F20007B687B617B68002B0BD14FF0500383F3F0
:102F30001188BFF36F8FBFF34F8FFB6000BF00BFDF
:102F4000FDE77B695B683B613B6918461C37BD4602
:102F500080BC704780B485B000AF78607B68FB6050
:102F60007B68002B0BD14FF0500383F31188BFF324
:102F70006F8FBFF34F8FBB6000BF00BFFDE7FB68E3
:102F80001B6818461437BD4680BC704780B584B0B6
:102F900000AFF860B9607A6008E0FB689B69BA68C6
:102FA0001344BB60FB681B6AF8689847FB689A6922
:102FB000BB68D118BB687A68F86800F0DBF8034694
:102FC000002BEAD100BF00BF1037BD4680BD80B5E1
:102FD00084B000AF78603960134B1B68DB68DB6836
:102FE000FB60FB680433184601F07CF8FB6893F83B
:102FF000243003F00403002B05D03A687968F868A0
:10300000FFF7C4FF08E0FB6893F8243023F00103C6
:10301000DAB2FB6883F82420FB681B6AF8689847DB
:1030200000BF1037BD4680BDB007002080B584B01A
:1030300000AF786007F10803184600F059F8F8600F
:10304000BB681946F86800F004F800F0D5F800BF36
:10305000F0E780B584B000AF78603960FDF70CFF11
:1030600007F10803184600F065F8F860BB68002B0C
:1030700031D13B68002B0AD17A68FB689A4206D8A6
:10308000FDF708FFF9687868FFF7A1FF25E03B68C6
:10309000002B09D0134B1B681B68002B02D10123A6
:1030A0003B6001E000233B600F4B18687A68FB68C7
:1030B000D31A3A68194602F037FBFDF7EBFE0346D8
:1030C000002B0AD1094B4FF080521A60BFF34F8F8B
:1030D000BFF36F8F01E0FDF7DDFE00BF1037BD4687
:1030E00080BD00BFB4070020B807002004ED00E059
:1030F00080B485B000AF78600D4B1B681B68002B57
:1031000001D1012200E000227B681A607B681B6805
:10311000002B05D1064B1B68DB681B68FB6001E0D8
:103120000023FB60FB6818461437BD4680BC70471F
:10313000B007002080B584B000AF7860FDF7A6FF2F
:10314000F8600B4B1B68FA689A4205D200F01EF932
:103150007B6801221A6002E07B6800221A60044A40
:10316000FB681360FB6818461037BD4680BD00BF82
:10317000C007002080B586B000AFF860B9607A6003
:103180003B6000237B61FB68BA685A60FB68FA68A1
:103190001A61BA687B689A4212D87A683B68D21A78
:1031A000FB689B699A4202D301237B611BE0104BB1
:1031B0001A68FB6804331946104600F05BFF12E002
:1031C0007A683B689A4206D2BA683B689A4202D350
:1031D00001237B6107E0074B1A68FB68043319463B
:1031E000104600F047FF7B6918461837BD4680BD82
:1031F000B4070020B007002080B588B000AFB1E070
:10320000BB68002BC0F2AE803B69FB61FB695B6968
:10321000002B04D0FB690433184600F063FF3B1D0C
:103220001846FFF787FFB861BB68092B5CD0092BF4
:1032300000F39580082B4DD0082B00F39080072BCE
:1032400000F38D80062B11DA052B73D0052B00F3CC
:103250008680042B48D0042B00F38180022B02DCF3
:10326000002B03DC7BE0032B34D078E0FB6993F880
:10327000243043F00103DAB2FB6983F82420FA68B2
:10328000FB699B69D118FB68BA69F869FFF772FF9F
:103290000346002B65D0FB6993F8243003F0040348
:1032A000002B09D0FA68FB699B691344BA69194677
:1032B000F869FFF76BFE08E0FB6993F8243023F010
:1032C0000103DAB2FB6983F82420FB691B6AF86901
:1032D000984746E0FB6993F8243023F00103DAB203
:1032E000FB6983F824203DE0FB6993F8243043F028
:1032F0000103DAB2FB6983F82420FA68FB699A615A
:10330000FB699B69002B0BD14FF0500383F31188AD
:10331000BFF36F8FBFF34F8F7B6100BF00BFFDE72F
:10332000FB699A69BB69D118BB69BA69F869FFF78B
:1033300021FF17E0FB6993F8243003F00203002B10
:1033400003D1F86900F0A6F90CE0FB6993F824308A
:1033500023F00103DAB2FB6983F8242002E000BF06
:1033600000E000BF084B1B6807F108010022184667
:1033700001F056FB0346002B7FF442AF00BF00BFB5
:103380002037BD4680BD00BFB807002080B582B0A1
:1033900000AF09E00E4B1B68DB681B683B604FF019
:1033A000FF313868FFF713FE094B1B681B68002BC1
:1033B000F0D1074B1B687B60064B1B68044A136007
:1033C000044A7B68136000BF0837BD4680BD00BF5C
:1033D000B0070020B407002080B500AF00F056FC15
:1033E000124B1B68002B1DD1114800F0F5FD114850
:1033F00000F0F2FD104B0E4A1A60104B0D4A1A6095
:1034000000220C210A2000F029FF0346074A13601E
:10341000064B1B68002B05D0044B1B680849184657
:1034200002F0C8F800F062FC00BF80BDB8070020C1
:10343000880700209C070020B0070020B407002068
:10344000C0CC010880B586B000AF78607B683B6176
:103450007B68002B0BD14FF0500383F31188BFF32F
:103460006F8FBFF34F8FFB6000BF00BFFDE700F021
:103470000DFC3B6993F8243003F00103002B02D1CB
:1034800000237B6101E001237B6100F02FFC7B695D
:1034900018461837BD4680BD80B586B000AF78604D
:1034A0007B687B617B68002B0BD14FF0500383F36B
:1034B0001188BFF36F8FBFF34F8FFB6000BF00BF5A
:1034C000FDE700F0E3FB7B69DB693B6100F00EFC8C
:1034D0003B6918461837BD4680BD80B584B000AF43
:1034E000786039607B68FB607B68002B0BD14FF004
:1034F000500383F31188BFF36F8FBFF34F8FBB600F
:1035000000BF00BFFDE700F0C1FBFB683A68DA616D
:1035100000F0ECFB00BF1037BD4680BD80B58AB01F
:1035200000AF78600023FB61FDF7A6FC544B1B68DD
:10353000002B01D100F052F97B68002B12D0082239
:103540007B6803F00703D31A0833BB61BB69DB4315
:103550007A689A4204D87A68BB6913447B6001E0B8
:1035600000237B607B68002B71DB7B68002B6ED0B7
:10357000444B1B687A689A4269D8434B3B62424B82
:103580001B687B6204E07B6A3B627B6A1B687B6230
:103590007B6A5B687A689A4203D97B6A1B68002B56
:1035A000F1D1374B1B687A6A9A4250D03B6A1B684C
:1035B00008221344FB617B6A1A683B6A1A607B6AC3
:1035C0005A687B68D21A08235B009A4220D97A6A2B
:1035D0007B6813447B617B6903F00703002B0BD0EE
:1035E0004FF0500383F31188BFF36F8FBFF34F8FFA
:1035F0003B6100BF00BFFDE77B6A5A687B68D21A57
:103600007B695A607B6A7A685A60786900F042F98F
:103610001C4B1A687B6A5B68D31A1A4A1360194BF1
:103620001A681A4B1B689A4203D2164B1B68174A3A
:1036300013607B6A5B6843F000427B6A5A607B6A76
:1036400000221A60124B1B680133114A1360FDF708
:1036500021FCFB6903F00703002B0BD04FF0500354
:1036600083F31188BFF36F8FBFF34F8FFB6000BFF1
:1036700000BFFDE7FB6918462837BD4680BD00BF87
:10368000CC430020D0430020C4430020D44300207A
:10369000D843002080B586B000AF78607B687B613E
:1036A0007B68002B47D008235B427A6913447B6117
:1036B0007B693B613B695B68002B0BDB4FF0500380
:1036C00083F31188BFF36F8FBFF34F8FFB6000BF91
:1036D00000BFFDE73B691B68002B0BD04FF0500388
:1036E00083F31188BFF36F8FBFF34F8FBB6000BFB1
:1036F00000BFFDE73B695B68002B1CDA3B691B6878
:10370000002B18D13B695B6823F000423B695A608B
:10371000FDF7B2FB3B695A68094B1B681344084A22
:103720001360386900F0B6F8064B1B680133054A90
:103730001360FDF7AFFB00BF1837BD4680BD00BF6B
:10374000D0430020DC43002080B400AF024B1B6854
:103750001846BD4680BC7047D043002080B400AFFF
:10376000024B1B681846BD4680BC7047D4430020FE
:1037700080B400AF00BFBD4680BC704780B584B048
:1037800000AF786039600023FB607B68002B09D0B4
:103790004FF0FF327B68B2FBF3F33A689A4201D9EB
:1037A000012300E00023002B13D17B683A6802FB61
:1037B00003F31846FFF7B2FEF860FB68002B08D051
:1037C0007B683A6802FB03F31A460021F86818F098
:1037D0002AFEFB6818461037BD4680BD80B485B010
:1037E00000AF4FF47053BB60254BFB60FB6803F0E8
:1037F0000703002B0CD0FB680733FB60FB6823F04A
:103800000703FB60BA68FB68D31A1D4A1344BB6008
:10381000FB687B601B4A7B6813601A4B00225A606E
:103820007B68BA681344FB600822FB689B1AFB6044
:10383000FB6823F00703FB60FB68134A1360124B1D
:103840001B6800225A60104B1B6800221A607B68BC
:103850003B603B68FA68D21A3B685A600A4B1A68A8
:103860003B681A603B685B68084A13603B685B68AA
:10387000074A136000BF1437BD4680BC704700BFC5
:10388000C4070020C4430020CC430020D4430020C0
:10389000D043002080B485B000AF7860274BFB6038
:1038A00002E0FB681B68FB60FB681B687A689A4251
:1038B000F7D8FB68BB60FB685B68BA6813447A683A
:1038C0009A4208D1FB685A687B685B681A44FB68B7
:1038D0005A60FB687B607B68BB607B685B68BA682A
:1038E0001A44FB681B689A4218D1FB681A68144B8B
:1038F0001B689A420DD07B685A68FB681B685B683E
:103900001A447B685A60FB681B681A687B681A60F7
:1039100008E00B4B1A687B681A6003E0FB681A68C2
:103920007B681A60FA687B689A4202D0FB687A6802
:103930001A6000BF1437BD4680BC7047C4430020E6
:10394000CC43002080B586B000AF786000233B6197
:103950000023FB604FF0FF33BB60FDF78DFA224B75
:103960001B687B617B69002B1BD015E03B69013331
:103970003B617B695B68FA689A4202D27B695B684B
:10398000FB607B695B68BA689A4202D97B695B68B5
:10399000BB607B691B687B61144B1B687A699A4228
:1039A000E4D1FDF777FA7B68FA685A607B68BA68F9
:1039B0009A607B683A69DA6000F068F90C4B1A6823
:1039C0007B681A600B4B1A687B685A610A4B1A684D
:1039D0007B689A61094B1A687B681A6100F086F966
:1039E00000BF1837BD4680BDC4430020CC43002033
:1039F000D0430020D8430020DC430020D4430020E3
:103A000080B485B000AFF860B9607A60FB68043BB1
:103A1000FB60FB684FF080721A60FB68043BFB6040
:103A2000BB6823F00102FB681A60FB68043BFB6083
:103A30000C4AFB681A60FB68143BFB607A68FB6801
:103A40001A60FB68043BFB60FB686FF002021A60BF
:103A5000FB68203BFB60FB6818461437BD4680BC02
:103A6000704700BF693A000880B485B000AF0023FA
:103A70007B60124B1B68B3F1FF3F0BD04FF050033C
:103A800083F31188BFF36F8FBFF34F8FFB6000BFCD
:103A900000BFFDE74FF0500383F31188BFF36F8F32
:103AA000BFF34F8FBB6000BF00BF7B68002BFCD013
:103AB00000BF00BF1437BD4680BC70470000002027
:103AC000074B19680868B0E8F04F80F30988BFF326
:103AD0006F8F4FF0000080F311887047AFF30080C4
:103AE0006804002000BF08480068006880F3088868
:103AF0004FF0000080F3148862B661B6BFF34F8FB9
:103B0000BFF36F8F00DF00BF08ED00E000BF80B59E
:103B100086B000AF464B1B68464A93420BD14FF02C
:103B2000500383F31188BFF36F8FBFF34F8FFB6098
:103B300000BF00BFFDE73E4B1B683F4A93420BD1DD
:103B40004FF0500383F31188BFF36F8FBFF34F8F94
:103B50003B6100BF00BFFDE7384B7B617B691B7891
:103B6000DBB27B607B69FF221A707B691B78DBB25A
:103B7000FB70FB78DBB203F05003DAB2304B1A7003
:103B8000304B07221A6009E02E4B1B68013B2D4A7F
:103B90001360FB78DBB25B00DBB2FB70FB78DBB25F
:103BA00003F08003802BEFD0264B1B68032B0BD038
:103BB0004FF0500383F31188BFF36F8FBFF34F8F24
:103BC000BB6000BF00BFFDE71E4B1B681B021D4A08
:103BD00013601C4B1B6803F4E0631A4A13607B6894
:103BE000DAB27B691A70184B1B68174A43F47003EA
:103BF0001360154B1B68144A43F07043136000F0C8
:103C0000F5F8124B00221A6000F00AF9104B1B68FD
:103C10000F4A43F040431360FFF765FFFDF7D2FB07
:103C2000FFF722FF002318461837BD4680BD00BFAE
:103C300000ED00E071C20F4170C20F4100E400E0EE
:103C4000E0430020E443002020ED00E000000020DD
:103C500034EF00E080B483B000AF0B4B1B68B3F5CA
:103C60007A7F0BD04FF0500383F31188BFF36F8F2F
:103C7000BFF34F8F7B6000BF00BFFDE700BF0C3775
:103C8000BD4680BC704700BF0000002080B483B0F8
:103C900000AF4FF0500383F31188BFF36F8FBFF372
:103CA0004F8F7B6000BF0F4B1B6801330D4A1360C1
:103CB0000C4B1B68012B10D10B4B1B68DBB2002B8C
:103CC0000BD04FF0500383F31188BFF36F8FBFF316
:103CD0004F8F3B6000BF00BFFDE700BF0C37BD4604
:103CE00080BC70470000002004ED00E080B483B089
:103CF00000AF124B1B68002B0BD14FF0500383F326
:103D00001188BFF36F8FBFF34F8F7B6000BF00BF81
:103D1000FDE70A4B1B68013B084A1360074B1B6811
:103D2000002B05D100233B603B6883F3118800BF63
:103D300000BF0C37BD4680BC704700BF00000020AC
:103D4000EFF30980BFF36F8F154B1A681EF0100F49
:103D500008BF20ED108A20E9F04F106009B44FF041
:103D6000500080F31188BFF34F8FBFF36F8FFDF7C3
:103D700029FB4FF0000080F3118809BC196808681E
:103D8000B0E8F04F1EF0100F08BFB0EC108A80F3BF
:103D90000988BFF36F8F7047AFF30080AFF30080E7
:103DA0006804002000BF80B582B000AF4FF0500320
:103DB00083F31188BFF36F8FBFF34F8F7B6000BF1A
:103DC000FDF7E0F90346002B03D0074B4FF080527C
:103DD0001A6000233B603B6883F3118800BF00BF7B
:103DE0000837BD4680BD00BF04ED00E080B400AFE1
:103DF000074B00221A60074B00221A60064B074A45
:103E00001A60034B07221A6000BFBD4680BC704792
:103E100010E000E018E000E014E000E03F90020055
:103E2000DFF80C00016841F4700101607047000088
:103E300088ED00E000BF80B485B000AFEFF30583EC
:103E4000FB60FB680F2B15D9174AFB6813441B78DE
:103E5000FB72164B1B78FA7A9A420BD24FF0500342
:103E600083F31188BFF36F8FBFF34F8F7B6000BF69
:103E700000BFFDE70E4B1B6803F4E0620D4B1B68AF
:103E80009A420BD94FF0500383F31188BFF36F8F21
:103E9000BFF34F8F3B6000BF00BFFDE700BF14378B
:103EA000BD4680BC704700BFF0E300E0E043002067
:103EB0000CED00E0E443002080B400AF054BD3F8E4
:103EC0008830044A43F47003C2F8883000BFBD460E
:103ED00080BC704700ED00E080B487B000AF0023E5
:103EE0003B6100237B610223FB600023BB60022354
:103EF0007B60344B9B6803F00C033B613B69082BF0
:103F000011D03B69082B44D83B69002B03D03B6997
:103F1000042B04D03DE02C4B2C4A1A603DE02A4B88
:103F20002B4A1A6039E0274B5B689B0D03F00103B5
:103F3000BB60244B5B6803F03F037B60BB68002BD6
:103F40000CD0234A7B68B2FBF3F31E4A52689209F5
:103F5000C2F3080202FB03F37B610BE01B4A7B68A0
:103F6000B2FBF3F3174A52689209C2F3080202FB4C
:103F700003F37B61134B5B681B0C03F003030133FA
:103F80005B00FB607A69FB68B2FBF3F30E4A1360D7
:103F900003E00D4B0D4A1A6000BF0A4B9B681B09DA
:103FA00003F00F030B4AD35C3B61074B1A683B6974
:103FB00022FA03F3044A136000BF1C37BD4680BCDD
:103FC000704700BF00380240040000200024F400C5
:103FD00000127A00C8CC010880B483B000AF7860CA
:103FE0007B6803F108027B685A607B684FF0FF3200
:103FF0009A607B6803F108027B68DA607B6803F1F2
:1040000008027B681A617B6800221A6000BF0C37C7
:10401000BD4680BC704780B483B000AF78607B68D9
:1040200000221A6100BF0C37BD4680BC704780B4C7
:1040300085B000AF786039607B685B68FB603B6887
:10404000FA685A60FB689A683B689A60FB689B68EC
:104050003A685A60FB683A689A603B687A681A6105
:104060007B681B685A1C7B681A6000BF1437BD460A
:1040700080BC704780B485B000AF786039603B6821
:104080001B68BB60BB68B3F1FF3F03D17B681B6952
:10409000FB600CE07B680833FB6002E0FB685B6858
:1040A000FB60FB685B681B68BA689A42F6D2FB68E3
:1040B0005A683B685A603B685B683A689A603B683C
:1040C000FA689A60FB683A685A603B687A681A61D5
:1040D0007B681B685A1C7B681A6000BF1437BD469A
:1040E00080BC704780B485B000AF78607B681B6986
:1040F000FB607B685B687A6892689A607B689B6803
:104100007A6852685A60FB685B687A689A4203D1A1
:104110007B689A68FB685A607B6800221A61FB68BA
:104120001B685A1EFB681A60FB681B681846143728
:10413000BD4680BC7047000080B586B000AF786097
:10414000396001237B617B683B613B69002B0BD1AC
:104150004FF0500383F31188BFF36F8FBFF34F8F7E
:10416000FB6000BF00BFFDE73B69002B5DD03B69F2
:10417000DB6B002B59D03B691A6C3B69DB6B002170
:10418000A3FB0223002B00D001210B46002B4CD1B6
:10419000FFF77CFD3B691A683B69DB6B3969096C89
:1041A00001FB03F31A443B699A603B6900229A635E
:1041B0003B691A683B695A603B691A683B69DB6B6B
:1041C000013B3969096C01FB03F31A443B69DA606E
:1041D0003B69FF2283F844203B69FF2283F8452096
:1041E0003B68002B14D13B691B69002B1AD03B693B
:1041F00010331846FDF706FA0346002B12D0164B73
:104200004FF080521A60BFF34F8FBFF36F8F09E0FA
:104210003B6910331846FFF7DFFE3B69243318462D
:10422000FFF7DAFEFFF762FD01E000237B617B69A7
:10423000002B0BD14FF0500383F31188BFF36F8F26
:10424000BFF34F8FBB6000BF00BFFDE77B6918461F
:104250001837BD4680BD00BF04ED00E080B58AB0D0
:1042600002AFF860B9601346FB710023FB61FB6885
:10427000002B2ED00021BA68FB68A3FB0223002B81
:1042800000D001210B46002B23D1FB68BA6802FB4A
:1042900003F313F14D0F1CD8FB68BA6802FB03F35C
:1042A000BB61BB694C331846FFF738F9F861FB690D
:1042B000002B1DD0FB697B617B694C337B61FA79F4
:1042C000FB69009313467A69B968F86800F015F83D
:1042D0000EE0FB69002B0BD14FF0500383F31188E4
:1042E000BFF36F8FBFF34F8F3B6100BF00BFFDE790
:1042F000FB6918462037BD4680BD80B584B000AF4D
:10430000F860B9607A60FB70BB68002B03D1BB69B1
:10431000BA691A6002E0BB697A681A60BB69FA6818
:10432000DA63BB69BA681A640121B869FFF704FF50
:10433000BB6900229A6400BF1037BD4680BD80B5BE
:1043400082B000AF78607B68002B0ED07B680022C3
:104350009A607B6800221A607B680022DA60002382
:1043600000220021786800F0B7F800BF0837BD468A
:1043700080BD80B586B000AF0346FB7101237B6131
:1043800000233B61FB791A4639697869FFF766FFBC
:10439000F860F868FFF7D3FFFB6818461837BD468A
:1043A00080BD90B587B000AF78607B683B613B69AA
:1043B000002B0BD14FF0500383F31188BFF36F8FA5
:1043C000BFF34F8FFB6000BF00BFFDE73B699C68F8
:1043D000FDF76CFC03469C4211D13B69DB685A1E19
:1043E0003B69DA603B69DB68002B05D100230022C2
:1043F0000021386900F070F801237B6101E000239F
:104400007B617B6918461C37BD4690BD90B587B06F
:1044100000AF786039607B683B613B69002B0BD152
:104420004FF0500383F31188BFF36F8FBFF34F8FAB
:10443000FB6000BF00BFFDE73B699C68FDF736FCF1
:1044400003469C4207D13B69DB685A1C3B69DA6032
:1044500001237B610CE03968386900F0C3FB7861A7
:104460007B69002B04D03B69DB685A1C3B69DA602E
:104470007B6918461C37BD4690BD80B584B000AF3F
:10448000786039600023FB607B68002B10D03A68AD
:104490007B689A420CD8022200217868FFF7DEFE82
:1044A000F860FB68002B12D0FB683A689A630EE054
:1044B000FB68002B0BD14FF0500383F31188BFF33F
:1044C0006F8FBFF34F8FBB6000BF00BFFDE7FB687E
:1044D00018461037BD4680BD80B58EB000AFF8607D
:1044E000B9607A603B6000237B63FB683B633B6B96
:1044F000002B0BD14FF0500383F31188BFF36F8F64
:10450000BFF34F8F7B6200BF00BFFDE7BB68002B8E
:1045100003D13B6B1B6C002B01D1012300E0002376
:10452000002B0BD14FF0500383F31188BFF36F8F33
:10453000BFF34F8F3B6200BF00BFFDE73B68022B1C
:1045400003D13B6BDB6B012B01D1012300E0002386
:10455000002B0BD14FF0500383F31188BFF36F8F03
:10456000BFF34F8FFB6100BF00BFFDE7FDF7ACFB62
:104570000346002B02D17B68002B01D1012300E010
:104580000023002B0BD14FF0500383F31188BFF3AE
:104590006F8FBFF34F8FBB6100BF00BFFDE7FFF719
:1045A00075FB3B6B9A6B3B6BDB6B9A4202D33B68B0
:1045B000022B45D13B6B9B6BFB623A68B968386B49
:1045C00000F091FEB8623B6B9B6C002B14D03B68F3
:1045D000022B02D1FB6A002B2ED1386B01F051F96E
:1045E0000346002B28D04A4B4FF080521A60BFF38D
:1045F0004F8FBFF36F8F1FE03B6B5B6A002B10D0B8
:104600003B6B24331846FCF7FDFF0346002B13D009
:104610003F4B4FF080521A60BFF34F8FBFF36F8F45
:104620000AE0BB6A002B07D0394B4FF080521A606A
:10463000BFF34F8FBFF36F8FFFF758FB012363E08A
:104640007B68002B03D1FFF751FB00235CE07B6B01
:10465000002B06D107F110031846FDF793F901234B
:104660007B63FFF743FBFCF707FCFFF70FFB3B6B9C
:1046700093F844305BB2B3F1FF3F03D13B6B0022B0
:1046800083F844203B6B93F845305BB2B3F1FF3FB6
:1046900003D13B6B002283F84520FFF727FB3A1D2F
:1046A00007F1100311461846FDF782F90346002B67
:1046B00024D1386B00F040FF0346002B18D03B6B31
:1046C00010337A6811461846FCF7D8FE386B00F0B4
:1046D0009AFEFCF7DFFB0346002B7FF460AF0C4B28
:1046E0004FF080521A60BFF34F8FBFF36F8F56E7C2
:1046F000386B00F088FEFCF7CDFB50E7386B00F01C
:1047000082FEFCF7C7FB002318463837BD4680BD44
:1047100004ED00E080B592B000AFF860B9607A6057
:104720003B60FB683B643B6C002B0BD14FF05003AC
:1047300083F31188BFF36F8FBFF34F8FFB6200BF0E
:1047400000BFFDE7BB68002B03D13B6C1B6C002B4B
:1047500001D1012300E00023002B0BD14FF05003C7
:1047600083F31188BFF36F8FBFF34F8FBB6200BF1E
:1047700000BFFDE73B68022B03D13B6CDB6B012BD9
:1047800001D1012300E00023002B0BD14FF0500397
:1047900083F31188BFF36F8FBFF34F8F7B6200BF2E
:1047A00000BFFDE7FFF747FBEFF311824FF0500327
:1047B00083F31188BFF36F8FBFF34F8F3A62FB61B2
:1047C0003B6AFB633B6C9A6B3B6CDB6B9A4202D39C
:1047D0003B68022B5ED13B6C93F8453087F83B3049
:1047E0003B6C9B6B7B633A68B968386C00F07BFD6F
:1047F00097F93B30B3F1FF3F29D13B6C9B6C002B09
:1048000012D03B68022B02D17B6B002B3FD1386C5E
:1048100001F037F80346002B39D07B68002B36D0E7
:104820007B6801221A6032E03B6C5B6A002B2ED061
:104830003B6C24331846FCF7E5FE0346002B26D0DC
:104840007B68002B23D07B6801221A601FE0FCF7F5
:104850003DFC386397F93B303A6B9A4217D997F988
:104860003B307F2B0BD14FF0500383F31188BFF304
:104870006F8FBFF34F8FBB6100BF00BFFDE797F89D
:104880003B300133DBB25AB23B6C83F84520012345
:104890007B6401E000237B64FB6B7B617B6983F3BA
:1048A000118800BF7B6C18464837BD4680BD80B577
:1048B00090B000AF786039607B68BB63BB6B002B46
:1048C0000BD14FF0500383F31188BFF36F8FBFF309
:1048D0004F8F7B6200BF00BFFDE7BB6B1B6C002BE3
:1048E0000BD04FF0500383F31188BFF36F8FBFF3EA
:1048F0004F8F3B6200BF00BFFDE7BB6B1B68002B07
:1049000003D1BB6B9B68002B01D1012300E0002386
:10491000002B0BD14FF0500383F31188BFF36F8F3F
:10492000BFF34F8FFB6100BF00BFFDE7FFF783FAC6
:10493000EFF311824FF0500383F31188BFF36F8FB1
:10494000BFF34F8FBA617B61BB697B63BB6B9B6BB2
:104950003B63BB6BDB6B3A6B9A4254D2BB6B93F8F5
:10496000453087F82F303B6B5A1CBB6B9A6397F925
:104970002F30B3F1FF3F23D1BB6B9B6C002B0CD0CE
:10498000B86B00F07EFF0346002B39D03B68002B4C
:1049900036D03B6801221A6032E0BB6B5B6A002BA9
:1049A0002ED0BB6B24331846FCF72CFE0346002B9D
:1049B00026D03B68002B23D03B6801221A601FE001
:1049C000FCF784FBB86297F92F30BA6A9A4217D97C
:1049D00097F92F307F2B0BD14FF0500383F31188C1
:1049E000BFF36F8FBFF34F8F3B6100BF00BFFDE789
:1049F00097F82F300133DBB25AB2BB6B83F84520F6
:104A00000123FB6301E00023FB637B6BFB60FB681E
:104A100083F3118800BFFB6B18464037BD4680BD4D
:104A200080B58CB000AFF860B9607A600023FB629B
:104A3000FB68BB62BB6A002B0BD14FF0500383F3C2
:104A40001188BFF36F8FBFF34F8F3B6200BF00BF72
:104A5000FDE7BB68002B03D1BB6A1B6C002B01D1A7
:104A6000012300E00023002B0BD14FF0500383F310
:104A70001188BFF36F8FBFF34F8FFB6100BF00BF83
:104A8000FDE7FDF721F90346002B02D17B68002BDF
:104A900001D1012300E00023002B0BD14FF0500384
:104AA00083F31188BFF36F8FBFF34F8FBB6100BFDC
:104AB00000BFFDE7FFF7EAF8BB6A9B6B7B627B6A8E
:104AC000002B1FD0B968B86A00F077FC7B6A5A1EC9
:104AD000BB6A9A63BB6A1B69002B0FD0BB6A103399
:104AE0001846FCF78FFD0346002B07D03C4B4FF0D8
:104AF00080521A60BFF34F8FBFF36F8FFFF7F6F846
:104B0000012369E07B68002B03D1FFF7EFF8002356
:104B100062E0FB6A002B06D107F110031846FCF790
:104B200031FF0123FB62FFF7E1F8FCF7A5F9FFF77E
:104B3000ADF8BB6A93F844305BB2B3F1FF3F03D1E9
:104B4000BB6A002283F84420BB6A93F845305BB20D
:104B5000B3F1FF3F03D1BB6A002283F84520FFF782
:104B6000C5F83A1D07F1100311461846FCF720FF5F
:104B70000346002B23D1B86A00F0A4FC0346002BA7
:104B800017D0BB6A24337A6811461846FCF776FCC6
:104B9000B86A00F038FCFCF77DF90346002B89D198
:104BA0000F4B4FF080521A60BFF34F8FBFF36F8FE0
:104BB00080E7B86A00F027FCFCF76CF97AE7B86A7E
:104BC00000F021FCFCF766F9B86A00F07BFC0346B4
:104BD000002B3FF46FAF002318463037BD4680BD31
:104BE00004ED00E080B58CB000AF78603960002340
:104BF000FB627B687B620023BB627B6A002B0BD16C
:104C00004FF0500383F31188BFF36F8FBFF34F8FC3
:104C1000BB6100BF00BFFDE77B6A1B6C002B0BD0A4
:104C20004FF0500383F31188BFF36F8FBFF34F8FA3
:104C30007B6100BF00BFFDE7FDF746F80346002B90
:104C400002D13B68002B01D1012300E00023002B9F
:104C50000BD14FF0500383F31188BFF36F8FBFF375
:104C60004F8F3B6100BF00BFFDE7FFF70FF87B6A86
:104C70009B6B3B623B6A002B24D03B6A5A1E7B6ACB
:104C80009A637B6A1B68002B04D1FDF751FA024638
:104C90007B6A9A607B6A1B69002B0FD07B6A10339A
:104CA0001846FCF7AFFC0346002B07D04C4B4FF0E7
:104CB00080521A60BFF34F8FBFF36F8FFFF716F864
:104CC000012389E03B68002B03D1FFF70FF8002395
:104CD00082E0FB6A002B06D107F108031846FCF7B7
:104CE00051FE0123FB62FFF701F8FCF7C5F8FEF760
:104CF000CDFF7B6A93F844305BB2B3F1FF3F03D141
:104D00007B6A002283F844207B6A93F845305BB2CB
:104D1000B3F1FF3F03D17B6A002283F84520FEF701
:104D2000E5FF3A4607F1080311461846FCF740FE36
:104D30000346002B32D1786A00F0C4FB0346002BF7
:104D400026D07B6A1B68002B09D1FEF79FFF7B6A88
:104D50009B681846FCF7D6FFB862FEF7C7FF7B6A70
:104D600024333A6811461846FCF788FB786A00F04D
:104D70004AFBFCF78FF80346002B7FF476AF184B05
:104D80004FF080521A60BFF34F8FBFF36F8F6CE705
:104D9000786A00F038FBFCF77DF866E7786A00F087
:104DA00032FBFCF777F8786A00F08CFB0346002BA7
:104DB0003FF45BAFBB6A002B0DD0FEF767FF786A4C
:104DC00000F07AFAF8617B6A9B68F9691846FDF78A
:104DD000DDF8FEF78BFF002318463037BD4680BD57
:104DE00004ED00E080B58EB000AFF860B9607A6085
:104DF00000237B63FB683B633B6B002B0BD14FF0C5
:104E0000500383F31188BFF36F8FBFF34F8F7B6223
:104E100000BF00BFFDE7BB68002B03D13B6B1B6CE1
:104E2000002B01D1012300E00023002B0BD14FF018
:104E3000500383F31188BFF36F8FBFF34F8F3B6233
:104E400000BF00BFFDE7FCF73FFF0346002B02D188
:104E50007B68002B01D1012300E00023002B0BD144
:104E60004FF0500383F31188BFF36F8FBFF34F8F61
:104E7000FB6100BF00BFFDE7FEF708FF3B6B9B6BCC
:104E8000FB62FB6A002B21D03B6BDB68BB62B9681D
:104E9000386B00F092FA3B6BBA6ADA603B6B5B6A84
:104EA000002B0FD03B6B24331846FCF7ABFB0346BB
:104EB000002B07D03C4B4FF080521A60BFF34F8F4E
:104EC000BFF36F8FFEF712FF012369E07B68002BB1
:104ED00003D1FEF70BFF002362E07B6B002B06D1B2
:104EE00007F114031846FCF74DFD01237B63FEF721
:104EF000FDFEFBF7C1FFFEF7C9FE3B6B93F84430A4
:104F00005BB2B3F1FF3F03D13B6B002283F8442037
:104F10003B6B93F845305BB2B3F1FF3F03D13B6B82
:104F2000002283F84520FEF7E1FE3A1D07F1140345
:104F300011461846FCF73CFD0346002B23D1386B85
:104F400000F0C0FA0346002B17D03B6B24337A687D
:104F500011461846FCF792FA386B00F054FAFBF74A
:104F600099FF0346002B87D10F4B4FF080521A60F8
:104F7000BFF34F8FBFF36F8F7EE7386B00F043FABC
:104F8000FBF788FF78E7386B00F03DFAFBF782FF0C
:104F9000386B00F097FA0346002B3FF46DAF002307
:104FA00018463837BD4680BD04ED00E080B590B0AE
:104FB00000AFF860B9607A60FB68BB63BB6B002B25
:104FC0000BD14FF0500383F31188BFF36F8FBFF302
:104FD0004F8F7B6200BF00BFFDE7BB68002B03D192
:104FE000BB6B1B6C002B01D1012300E00023002BC5
:104FF0000BD14FF0500383F31188BFF36F8FBFF3D2
:105000004F8F3B6200BF00BFFDE7FEF714FFEFF3D9
:1050100011824FF0500383F31188BFF36F8FBFF3FA
:105020004F8FFA61BB61FB697B63BB6B9B6B3B631F
:105030003B6B002B47D0BB6B93F8443087F82F3085
:10504000B968B86B00F0B9F93B6B5A1EBB6B9A6339
:1050500097F92F30B3F1FF3F12D1BB6B1B69002BC7
:105060002ED0BB6B10331846FCF7CCFA0346002B4E
:1050700026D07B68002B23D07B6801221A601FE0BA
:10508000FCF724F8B86297F92F30BA6A9A4217D918
:1050900097F92F307F2B0BD14FF0500383F31188FA
:1050A000BFF36F8FBFF34F8F7B6100BF00BFFDE782
:1050B00097F82F300133DBB25AB2BB6B83F8442030
:1050C0000123FB6301E00023FB637B6B3B613B69D6
:1050D00083F3118800BFFB6B18464037BD4680BD87
:1050E00080B58CB000AF786039607B68BB62BB6A0A
:1050F000002B0BD14FF0500383F31188BFF36F8F58
:10510000BFF34F8FFB6100BF00BFFDE73B68002B83
:1051100003D1BB6A1B6C002B01D1012300E00023EB
:10512000002B0BD14FF0500383F31188BFF36F8F27
:10513000BFF34F8FBB6100BF00BFFDE7BB6A1B6CB5
:10514000002B0BD14FF0500383F31188BFF36F8F07
:10515000BFF34F8F7B6100BF00BFFDE7FEF76BFE23
:10516000EFF311824FF0500383F31188BFF36F8F79
:10517000BFF34F8F3A61FB603B697B62BB6A9B6BFD
:10518000002B0CD0BB6ADB683B623968B86A00F060
:1051900014F9BB6A3A6ADA600123FB6201E000237A
:1051A000FB627B6ABB60BB6883F3118800BFFB6A4C
:1051B00018463037BD4680BD80B584B000AF7860FA
:1051C0007B68002B0BD14FF0500383F31188BFF3A2
:1051D0006F8FBFF34F8FBB6000BF00BFFDE7FEF7CF
:1051E00055FD7B689B6BFB60FEF780FDFB681846F6
:1051F0001037BD4680BD80B586B000AF78607B6853
:105200007B617B69002B0BD14FF0500383F3118836
:10521000BFF36F8FBFF34F8FFB6000BF00BFFDE791
:10522000FEF734FD7B69DA6B7B699B6BD31A3B61BC
:10523000FEF75CFD3B6918461837BD4680BD80B45B
:1052400087B000AF78607B687B617B69002B0BD1F6
:105250004FF0500383F31188BFF36F8FBFF34F8F6D
:10526000FB6000BF00BFFDE77B699B6B3B613B6957
:1052700018461C37BD4680BC704780B584B000AF6F
:1052800078607B68FB60FB68002B0BD14FF050030C
:1052900083F31188BFF36F8FBFF34F8FBB6000BFE5
:1052A00000BFFDE7F86800F007FAF868FEF7F2F9CA
:1052B00000BF1037BD4680BD80B485B000AF7860B8
:1052C0007B685B6A002B06D07B681B6B1B68C3F195
:1052D0002003FB6001E00023FB60FB6818461437E5
:1052E000BD4680BC704780B586B000AFF860B9603D
:1052F0007A6000237B61FB689B6B3B61FB681B6CE6
:10530000002B0DD1FB681B68002B4DD1FB689B68FF
:105310001846FCF795FD7861FB6800229A6043E02F
:105320007B68002B19D1FB685868FB681B6C1A4618
:10533000B96817F0FEF8FB685A68FB681B6C1A44E2
:10534000FB685A60FB685A68FB689B689A422BD3DB
:10535000FB681A68FB685A6026E0FB68D868FB683F
:105360001B6C1A46B96817F0E4F8FB68DA68FB684A
:105370001B6C5B421A44FB68DA60FB68DA68FB6806
:105380001B689A4207D2FB689A68FB681B6C5B42F9
:105390001A44FB68DA607B68022B05D13B69002B5D
:1053A00002D03B69013B3B613B695A1CFB689A6335
:1053B0007B6918461837BD4680BD80B582B000AF06
:1053C000786039607B681B6C002B18D07B68DA68CA
:1053D0007B681B6C1A447B68DA607B68DA687B68E0
:1053E0009B689A4203D37B681A687B68DA607B68A3
:1053F000D9687B681B6C1A46386817F09AF800BFAA
:105400000837BD4680BD80B584B000AF7860FEF738
:105410003DFC7B6893F84530FB731EE07B689B6C1A
:10542000002B08D0786800F02CFA0346002B10D02F
:10543000FCF726FB0DE07B685B6A002B12D07B68D3
:1054400024331846FCF7DEF80346002B01D0FCF7A6
:1054500017FBFB7B013BDBB2FB7397F90F30002B93
:10546000DCDC00E000BF7B68FF2283F84520FEF70C
:105470003DFCFEF70BFC7B6893F84430BB7311E0F6
:105480007B681B69002B12D07B6810331846FCF731
:10549000B9F80346002B01D0FCF7F2FABB7B013BC5
:1054A000DBB2BB7397F90E30002BE9DC00E000BFE4
:1054B0007B68FF2283F84420FEF718FC00BF1037FA
:1054C000BD4680BD80B584B000AF7860FEF7DEFBDE
:1054D0007B689B6B002B02D10123FB6001E0002362
:1054E000FB60FEF703FCFB6818461037BD4680BD25
:1054F00080B487B000AF78607B683B613B69002B6C
:105500000BD14FF0500383F31188BFF36F8FBFF3BC
:105510004F8FFB6000BF00BFFDE73B699B6B002B1B
:1055200002D101237B6101E000237B617B69184686
:105530001C37BD4680BC704780B584B000AF786032
:10554000FEF7A4FB7B689A6B7B68DB6B9A4202D107
:105550000123FB6001E00023FB60FEF7C7FBFB6853
:1055600018461037BD4680BD80B487B000AF786064
:105570007B683B613B69002B0BD14FF0500383F3F9
:105580001188BFF36F8FBFF34F8FFB6000BF00BF69
:10559000FDE73B699A6B3B69DB6B9A4202D10123C1
:1055A0007B6101E000237B617B6918461C37BD46A7
:1055B00080BC704780B487B000AF7860396000234A
:1055C0003B617B68002B0BD14FF0500383F31188B4
:1055D000BFF36F8FBFF34F8FFB6000BF00BFFDE7CE
:1055E0003B68002B24D000237B611EE0174A7B69B7
:1055F000DB0013445B687A689A4205D17B69DB0063
:10560000124A13443B6113E03B69002B0AD10F4A55
:105610007B6952F83330002B04D17B69DB000B4AE5
:1056200013443B617B6901337B617B69072BDDD9C7
:105630003B69002B05D03B693A681A603B697A6880
:105640005A6000BF1C37BD4680BC7047E84300204D
:1056500080B487B000AF786000233B617B68002B8B
:105660000BD14FF0500383F31188BFF36F8FBFF35B
:105670004F8FFB6000BF00BFFDE700237B6110E0A0
:105680000C4A7B69DB0013445B687A689A4205D157
:10569000084A7B6952F833303B6105E07B6901338E
:1056A0007B617B69072BEBD93B6918461C37BD46EC
:1056B00080BC7047E843002080B485B000AF7860BC
:1056C0007B68002B0BD14FF0500383F31188BFF39D
:1056D0006F8FBFF34F8FBB6000BF00BFFDE700239C
:1056E000FB6016E00F4AFB68DB0013445B687A68D6
:1056F0009A420BD10B4AFB68002142F83310094A49
:10570000FB68DB00134400225A6006E0FB680133AB
:10571000FB60FB68072BE5D900BF00BF1437BD460F
:1057200080BC7047E843002080B586B000AFF860C9
:10573000B9607A60FB687B61FEF7A8FA7B6993F831
:1057400044305BB2B3F1FF3F03D17B69002283F8A1
:1057500044207B6993F845305BB2B3F1FF3F03D13E
:105760007B69002283F84520FEF7C0FA7B699B6BBA
:10577000002B06D17B6924337A68B9681846FBF799
:10578000FBFE7869FFF73FFE00BF1837BD4680BDBE
:1057900080B584B000AF7860002204217868FEF7FD
:1057A0005DFDF860FB6818461037BD4680BD80B5CA
:1057B00084B000AF78603960FEF768FA7B689B6C54
:1057C000002B02D00023FB600BE07B689B6B002B5F
:1057D00002D00023FB6004E07B683A689A640123EE
:1057E000FB60FEF783FAFB6818461037BD4680BDA4
:1057F00080B584B000AF786039607B68BB60BB68FF
:105800009B6C3A689A4202D00023FB600FE0BB68B1
:105810009B6B002B02D00023FB6008E0FEF736FAFA
:10582000BB6800229A64FEF761FA0123FB60FB6803
:1058300018461037BD4680BD80B584B000AF786093
:1058400039600023FB6007F10C033A681946786859
:10585000FFF7E6F8FB6818461037BD4680BD80B5F7
:1058600084B000AF78600023FB6007F10C030022D6
:1058700019467868FFF79AFBFB6818461037BD4653
:1058800080BD80B58AB000AF78607B689B6C3B625E
:1058900000237B623B6A002B0BD14FF0500383F354
:1058A0001188BFF36F8FBFF34F8F7B6100BF00BFC5
:1058B000FDE73B6A9A6B3B6ADB6B9A420BD34FF076
:1058C000500383F31188BFF36F8FBFF34F8F3B619A
:1058D00000BF00BFFDE73B6A9A6B3B6ADB6B9A42F5
:1058E0003DD23B6A93F84530FB773B1D00221946B9
:1058F000386AFFF7F8FC786297F91F30B3F1FF3F81
:105900000ED13B6A5B6A002B29D03B6A24331846D0
:10591000FBF778FE0346002B21D001237B621EE0BB
:10592000FBF7D4FBB86197F91F30BA699A4216D9D0
:1059300097F91F307F2B0BD14FF0500383F3118861
:10594000BFF36F8FBFF34F8FFB6000BF00BFFDE75A
:10595000FB7F0133DBB25AB23B6A83F845207B6A96
:1059600018462837BD4680BD80B500AF0E4B1B687A
:105970000D4A43F4007313600B4B1B680A4A43F44F
:1059800080631360084B1B68074A43F480731360FD
:10599000032001F071FC0F2000F042F800F034F811
:1059A0000023184680BD00BF003C024080B500AF18
:1059B000114B124A1A62104B00221A620E4B104A07
:1059C0005A620D4B00225A620B4B0E4A1A610A4B67
:1059D00000221A61084BC1225A61074B00225A610A
:1059E000054B01229A61044B00229A6100F012F8E3
:1059F0000023184680BD00BF00380240FFC9FEF6F4
:105A000033797704FF11602280B400AF00BFBD4638
:105A100080BC704780B400AF00BFBD4680BC7047FB
:105A200080B582B000AF7860124B1A68124B1B78B9
:105A300019464FF47A73B3FBF1F3B2FBF3F3184654
:105A400001F061FC0346002B01D001230EE07B68CE
:105A50000F2B0AD8002279684FF0FF3001F017FCB5
:105A6000064A7B681360002300E0012318460837CC
:105A7000BD4680BD040000200C000020080000206E
:105A800080B400AF054B1B781A46054B1B681344C6
:105A9000034A136000BFBD4680BC70470C00002065
:105AA0002844002080B400AF024B1B681846BD4656
:105AB00080BC70472844002080B400AF024B1B68B4
:105AC0001846BD4680BC70470800002080B584B0F1
:105AD00000AF0346FB710023FB730E4B1B78FA7972
:105AE0009A4212D00B4B1B78BB730A4AFB79137096
:105AF000094B1B681846FFF793FF0346FB73FB7BBC
:105B0000002B02D0034ABB7B1370FB7B1846103777
:105B1000BD4680BD0C0000200800002080B400AF0E
:105B2000024B1B781846BD4680BC70470C00002015
:105B300080B584B000AF7860FFF7B4FFB8607B68D1
:105B4000FB60FB68B3F1FF3F05D00A4B1B781A4698
:105B5000FB681344FB6000BFFFF7A4FF0246BB686D
:105B6000D31AFA689A42F7D800BF00BF1037BD4673
:105B700080BD00BF0C00002080B400AF044B1B6848
:105B8000034A23F00203136000BFBD4680BC704788
:105B900010E000E080B400AF044B1B68034A43F000
:105BA0000203136000BFBD4680BC704710E000E0F8
:105BB00080B400AF024B1846BD4680BC704700BFA2
:105BC0000002080180B400AF034B1B681B0C184691
:105BD000BD4680BC704700BF002004E080B400AF29
:105BE000034B1B68C3F30B031846BD4680BC7047CC
:105BF000002004E080B400AF044B5B68034A43F02C
:105C00000103536000BFBD4680BC7047002004E024
:105C100080B400AF044B5B68034A23F00103536078
:105C200000BFBD4680BC7047002004E080B400AFD8
:105C3000044B5B68034A43F00203536000BFBD4658
:105C400080BC7047002004E080B400AF044B5B6868
:105C5000034A23F00203536000BFBD4680BC704777
:105C6000002004E080B400AF044B5B68034A43F0BB
:105C70000403536000BFBD4680BC7047002004E0B1
:105C800080B400AF044B5B68034A23F00403536005
:105C900000BFBD4680BC7047002004E080B400AF68
:105CA000034B01221A6000BFBD4680BC704700BF95
:105CB0000004274280B400AF034B00221A6000BFEB
:105CC000BD4680BC704700BF0004274280B400AFCF
:105CD000024B1B681846BD4680BC7047107AFF1FF8
:105CE00080B400AF024B1B681846BD4680BC7047AD
:105CF000147AFF1F80B400AF024B1B681846BD46E4
:105D000080BC7047187AFF1F80B584B000AF786000
:105D10007B68002B01D10123EDE07B6893F82030F4
:105D2000DBB2002B02D1786815F0D2FE7B681B68CD
:105D30001A687B681B6842F001021A60FFF7B2FE26
:105D4000F86012E0FFF7AEFE0246FB68D31A0A2B9A
:105D50000BD97B685B6A43F400327B685A627B68CC
:105D6000052283F820200123C5E07B681B685B685F
:105D700003F00103002BE5D07B681B681A687B6881
:105D80001B6822F002021A60FFF78CFEF86012E036
:105D9000FFF788FE0246FB68D31A0A2B0BD97B68F3
:105DA0005B6A43F400327B685A627B68052283F8A1
:105DB000202001239FE07B681B685B6803F00203DF
:105DC000002BE5D17B681B7E012B08D17B681B680B
:105DD0001A687B681B6842F080021A6007E07B68E3
:105DE0001B681A687B681B6822F080021A607B6857
:105DF0005B7E012B08D17B681B681A687B681B6877
:105E000042F040021A6007E07B681B681A687B68F2
:105E10001B6822F040021A607B689B7E012B08D130
:105E20007B681B681A687B681B6842F020021A6056
:105E300007E07B681B681A687B681B6822F02002F9
:105E40001A607B68DB7E012B08D17B681B681A68AF
:105E50007B681B6822F010021A6007E07B681B68F1
:105E60001A687B681B6842F010021A607B681B7F0F
:105E7000012B08D17B681B681A687B681B6842F09D
:105E800008021A6007E07B681B681A687B681B6859
:105E900022F008021A607B685B7F012B08D17B68C7
:105EA0001B681A687B681B6842F004021A6007E0EE
:105EB0007B681B681A687B681B6822F004021A6002
:105EC0007B689A687B68DB681A437B681B691A43A6
:105ED0007B685B6942EA03017B685B685A1E7B68EA
:105EE0001B680A43DA617B6800225A627B680122E0
:105EF00083F82020002318461037BD4680BD80B5AA
:105F000082B000AF78607B68002B01D1012315E0DF
:105F1000786800F04DF9786800F01DF87B681B6820
:105F20001A687B681B6842F400421A607B68002292
:105F30005A627B68002283F8202000231846083725
:105F4000BD4680BD80B483B000AF786000BF0C3721
:105F5000BD4680BC704780B483B000AF786000BF9E
:105F60000C37BD4680BC704780B487B000AF786006
:105F700039607B681B687B617B6893F82030FB7419
:105F8000FB7C012B03D0FB7C022B40F0BE80654BD9
:105F90007B617B69D3F8003243F001027B69C3F86F
:105FA00000227B69D3F8003223F47C527B69C3F86A
:105FB00000227B69D3F800223B685B6A1B021A430C
:105FC0007B69C3F800223B685B6903F01F03012271
:105FD00002FA03F3FB607B69D3F81C22FB68DB4306
:105FE0001A407B69C3F81C223B68DB69002B23D174
:105FF0007B69D3F80C22FB68DB431A407B69C3F84A
:106000000C223B68DB6819043B685B689BB23A680A
:10601000526919437B69483243F832103B689B68E8
:1060200019043B681B689AB23B685B690A4379694B
:106030004833DB000B445A603B68DB69012B22D1FB
:106040007B69D3F80C22FB681A437B69C3F80C22E6
:106050003B681B6819043B685B689BB23A685269ED
:1060600019437B69483243F832103B689B68190436
:106070003B68DB689AB23B685B690A4379694833DD
:10608000DB000B445A603B689B69002B09D17B699C
:10609000D3F80422FB68DB431A407B69C3F804226F
:1060A00007E07B69D3F80422FB681A437B69C3F8D5
:1060B00004223B681B69002B09D17B69D3F81422A9
:1060C000FB68DB431A407B69C3F8142207E07B6955
:1060D000D3F81422FB681A437B69C3F814223B6887
:1060E0001B6A012B07D17B69D3F81C22FB681A437A
:1060F0007B69C3F81C227B69D3F8003223F00102CC
:106100007B69C3F80022002306E07B685B6A43F4E6
:1061100080227B685A62012318461C37BD4680BC2A
:10612000704700BF0064004080B584B000AF786065
:106130007B6893F82030DBB2012B2ED17B680222E2
:1061400083F820207B681B681A687B681B6822F034
:1061500001021A60FFF7A6FCF86012E0FFF7A2FC4C
:106160000246FB68D31A0A2B0BD97B685B6A43F49F
:1061700000327B685A627B68052283F82020012365
:1061800012E07B681B685B6803F00103002BE5D11C
:106190007B6800225A62002306E07B685B6A43F456
:1061A00000227B685A62012318461037BD4680BD25
:1061B00080B584B000AF78607B6893F82030DBB2A4
:1061C000022B33D17B681B681A687B681B6842F01E
:1061D00001021A60FFF766FCF86012E0FFF762FC4C
:1061E0000246FB68D31A0A2B0BD97B685B6A43F41F
:1061F00000327B685A627B68052283F820200123E5
:106200001BE07B681B685B6803F00103002BE5D093
:106210007B681B681A687B681B6822F002021A60A0
:106220007B68012283F82020002306E07B685B6AFC
:1062300043F480127B685A62012318461037BD462A
:1062400080BD80B485B000AF78607B6893F8203063
:10625000FB73FB7B012B02D0FB7B022B09D17B68FC
:106260001B681A687B681B6842F002021A600023F0
:1062700006E07B685B6A43F480227B685A620123F4
:1062800018461437BD4680BC704780B485B000AF57
:1062900078600023BB607B6893F82030FB73FB7B46
:1062A000012B02D0FB7B022B1FD17B681B681A6875
:1062B0007B681B6822F002021A60BB680133BB6076
:1062C000BB68104A934207D97B685B6A43F400328B
:1062D0007B685A6201230FE07B681B685B6803F0F0
:1062E0000203002BE9D1002306E07B685B6A43F4DC
:1062F00080227B685A62012318461437BD4680BC51
:10630000704700BF40420F0080B485B000AF786096
:106310000023FB607B6893F82030FB72FB7A012B33
:1063200002D0FB7A022B08D17B681B685B6803F004
:106330000203002B01D00123FB60FB6818461437D1
:10634000BD4680BC704780B489B000AFF860B960CA
:106350007A603B60FB6893F82030FB77FB681B6832
:106360009B68BB61FB7F012B03D0FB7F022B40F0BE
:10637000AD80BB6903F08063002B0AD1BB6903F0D9
:106380000063002B05D1BB6903F08053002B00F0A4
:106390009580BB691B0E03F003037B6101227B69BF
:1063A0009A403B681A60BB689B68002B0DD1BB68A4
:1063B0001B685A05BB68DB68F96809681A437B6982
:1063C00018331B010B441A600FE0BB685B68DA00EE
:1063D000BB689B681A43BB68DB68F96809681A43A5
:1063E0007B6918331B010B441A60FB681968BB6892
:1063F0001A697B6918331B010B4404331A60BB68AC
:106400001B7D012B11D1FB681A687B6918331B01B6
:10641000134404331B68FA68116843F480727B6983
:1064200018331B010B4404331A607B6807331B7855
:106430001A067B6806331B781B041A437B680533F6
:106440001B781B0213437A68043212781046FA68EC
:10645000116843EA00027B691B010B4403F5C67314
:106460001A607B6803331B781A067B6802331B783B
:106470001B041A437B6801331B781B0213437A68A1
:1064800012781046FA68116843EA00027B691B0122
:106490000B4403F5C4731A60FB681A687B691833F0
:1064A0001B0113441B68FA68116843F001027B6901
:1064B00018331B010B441A6000230EE0FB685B6A73
:1064C00043F40012FB685A62012306E0FB685B6A32
:1064D00043F48022FB685A62012318462437BD46E4
:1064E00080BC704780B485B000AF786039607B684D
:1064F00093F82030FB73FB7B012B02D0FB7B022B3C
:1065000028D13B6803F00103002B07D07B681B6890
:106510009A687B681B6842F080029A603B6803F0CF
:106520000203002B07D07B681B689A687B681B6896
:1065300042F400429A603B6803F00403002B07D04A
:106540007B681B689A687B681B6842F400029A604B
:10655000002306E07B685B6A43F480227B685A6212
:10656000012318461437BD4680BC704780B485B0FF
:1065700000AF78600023FB607B6893F82030FB72EB
:10658000FB7A012B02D0FB7A022B1DD17B681B68A2
:106590009B6803F08063002B02D0FB680133FB6033
:1065A0007B681B689B6803F00063002B02D0FB68CC
:1065B0000133FB607B681B689B6803F08053002BF2
:1065C00002D0FB680133FB60FB6818461437BD46F8
:1065D00080BC704780B485B000AF7860396000231C
:1065E000FB607B6893F82030FB72FB7A012B02D0B2
:1065F000FB7A022B0BD17B681B689A683B689B0671
:106600001A403B689B069A4201D00123FB60FB685D
:1066100018461437BD4680BC704780B489B000AFBF
:10662000786039600023FB617B6893F82030FB764B
:10663000FB7E012B02D0FB7E022B1CD13B68FB6052
:10664000FB6893FAA3F3BB60BB683B613B69002B1B
:1066500001D1202303E03B69B3FA83F3DBB27B6112
:106660007B681A687B6918331B01134404331B6869
:106670001B0C9BB2FB61FB6918462437BD4680BCEE
:10668000704780B487B000AFF860B9607A603B6053
:10669000FB6893F82030FB75FB7D012B03D0FB7D5D
:1066A000022B40F00381BB68002B0ED1FB681B68F6
:1066B000DB6803F00303002B16D1FB685B6A43F42D
:1066C0000012FB685A620123F7E0FB681B681B6934
:1066D00003F00303002B07D1FB685B6A43F400124D
:1066E000FB685A620123E8E0FB681A68BB681B3349
:1066F0001B0113441B6803F004027B689A607B68EB
:106700009B68002B0CD1FB681A68BB681B331B010C
:1067100013441B685B0DC3F30A027B681A600BE02D
:10672000FB681A68BB681B331B0113441B68DB083A
:1067300023F060427B685A60FB681A68BB681B33B1
:106740001B0113441B6803F002027B68DA60FB68DC
:106750001A68BB681B331B01134404331B6803F026
:106760000803002B03D07B6808221A610BE0FB684A
:106770001A68BB681B331B01134404331B6803F006
:106780000F027B681A61FB681A68BB681B331B0128
:10679000134404331B681B0ADAB27B689A61FB68F6
:1067A0001A68BB681B331B01134404331B681B0CA2
:1067B0009AB27B685A61FB681A68BB681B01134474
:1067C00003F5DC731B68DAB23B681A70FB681A6861
:1067D000BB681B01134403F5DC731B681A0A3B6892
:1067E0000133D2B21A70FB681A68BB681B011344EC
:1067F00003F5DC731B681A0C3B680233D2B21A70C3
:10680000FB681A68BB681B01134403F5DC731B6843
:106810001A0E3B680333D2B21A70FB681A68BB6861
:106820001B01134403F5DE731A683B680433D2B2CC
:106830001A70FB681A68BB681B01134403F5DE730A
:106840001B681A0A3B680533D2B21A70FB681A68D3
:10685000BB681B01134403F5DE731B681A0C3B680D
:106860000633D2B21A70FB681A68BB681B01134466
:1068700003F5DE731B681A0E3B680733D2B21A7039
:10688000BB68002B08D1FB681B68DA68FB681B68D3
:1068900042F02002DA6007E0FB681B681A69FB68B7
:1068A0001B6842F020021A61002306E0FB685B6A65
:1068B00043F48022FB685A62012318461C37BD4608
:1068C00080BC704780B485B000AF78603960002329
:1068D000FB607B6893F82030FB72FB7A012B02D0BF
:1068E000FB7A022B0FD13B68002B06D17B681B681B
:1068F000DB6803F00303FB6005E07B681B681B6932
:1069000003F00303FB60FB6818461437BD4680BCE8
:10691000704780B485B000AF786039607B6893F8C9
:106920002030FB73FB7B012B02D0FB7B022B09D1B8
:106930007B681B6859697B681B683A680A435A611F
:10694000002306E07B685B6A43F480227B685A621E
:10695000012318461437BD4680BC704780B485B00B
:1069600000AF786039607B6893F82030FB73FB7B65
:10697000012B02D0FB7B022B0AD17B681B68596973
:106980003B68DA437B681B680A405A61002306E0D3
:106990007B685B6A43F480227B685A620123184655
:1069A0001437BD4680BC704780B58AB000AF7860B0
:1069B00000237B627B681B685B693B627B681B68AA
:1069C0005B68FB617B681B689B68BB617B681B68BD
:1069D000DB687B617B681B681B693B617B681B68AC
:1069E0009B69FB603B6A03F00103002B7CD0BB6911
:1069F00003F00103002B23D07B681B6801229A60FF
:106A0000BB6903F00203002B03D078680EF034F961
:106A100016E0BB6903F00403002B04D07B6A43F447
:106A200000637B620CE0BB6903F00803002B04D019
:106A30007B6A43F480537B6202E0786800F086F959
:106A4000BB6903F48073002B24D07B681B684FF470
:106A500080729A60BB6903F40073002B03D07868DE
:106A60000EF01AF916E0BB6903F48063002B04D022
:106A70007B6A43F400537B620CE0BB6903F4006360
:106A8000002B04D07B6A43F480437B6202E0786889
:106A900000F065F9BB6903F48033002B24D07B68D8
:106AA0001B684FF480329A60BB6903F40033002BFB
:106AB00003D078680EF000F916E0BB6903F4802378
:106AC000002B04D07B6A43F400437B620CE0BB697B
:106AD00003F40023002B04D07B6A43F480337B62F1
:106AE00002E0786800F044F93B6A03F00803002BE9
:106AF0000CD07B6903F01003002B07D07B6A43F4B2
:106B000000737B627B681B681022DA603B6A03F0CB
:106B10000403002B0BD07B6903F00803002B06D085
:106B20007B681B680822DA60786800F033F93B6AFA
:106B300003F00203002B09D07B681B68DB6803F0BD
:106B40000303002B02D078680EF02EF83B6A03F0A6
:106B50004003002B0CD03B6903F01003002B07D03F
:106B60007B6A43F480637B627B681B6810221A6136
:106B70003B6A03F02003002B0BD03B6903F00803B2
:106B8000002B06D07B681B6808221A61786800F029
:106B900013F93B6A03F01003002B09D07B681B68D4
:106BA0001B6903F00303002B02D078680EF009F88C
:106BB0003B6A03F40033002B0BD0FB6903F0100396
:106BC000002B06D07B681B6810225A60786800F0A2
:106BD000FCF83B6A03F48033002B0BD0FB6903F015
:106BE0000803002B06D07B681B6808225A6078686F
:106BF00000F0F4F83B6A03F40043002B7BD0FB6900
:106C000003F00403002B72D03B6A03F48073002B63
:106C100008D0FB6803F00103002B03D07B6A43F02C
:106C200001037B623B6A03F40073002B08D0FB680E
:106C300003F00203002B03D07B6A43F002037B6264
:106C40003B6A03F48063002B08D0FB6803F0040365
:106C5000002B03D07B6A43F004037B623B6A03F49E
:106C60000063002B43D0FB6803F07003002B3ED081
:106C7000FB6803F07003602B2BD0602B2ED8502BB9
:106C800022D0502B2AD8402B19D0402B26D8302B7D
:106C900010D0302B22D8102B02D0202B05D01DE095
:106CA0007B6A43F008037B6219E07B6A43F01003C0
:106CB0007B6214E07B6A43F020037B620FE07B6A17
:106CC00043F040037B620AE07B6A43F080037B620F
:106CD00005E07B6A43F480737B6200E000BF7B6861
:106CE0001B689A697B681B6822F070029A617B6856
:106CF0001B6804225A607B6A002B08D07B685A6AA2
:106D00007B6A1A437B685A62786800F070F800BFAB
:106D10002837BD4680BD80B483B000AF786000BF27
:106D20000C37BD4680BC704780B483B000AF78603C
:106D300000BF0C37BD4680BC704780B483B000AF45
:106D4000786000BF0C37BD4680BC704780B483B00C
:106D500000AF786000BF0C37BD4680BC704780B480
:106D600083B000AF786000BF0C37BD4680BC704771
:106D700080B483B000AF786000BF0C37BD4680BCE4
:106D8000704780B483B000AF786000BF0C37BD4659
:106D900080BC704780B483B000AF786000BF0C3710
:106DA000BD4680BC704780B483B000AF786000BF40
:106DB0000C37BD4680BC704780B483B000AF7860AC
:106DC00000BF0C37BD4680BC704780B483B000AFB5
:106DD000786000BF0C37BD4680BC704780B483B07C
:106DE00000AF786000BF0C37BD4680BC704780B4F0
:106DF00083B000AF786000BF0C37BD4680BC7047E1
:106E000080B485B000AF78607B6893F82030FB7366
:106E1000FB7B012B02D0FB7B022B12D17B681B6812
:106E20005B6803F00203002B02D00423FB7308E02D
:106E30007B681B681B6803F00203002B01D003234F
:106E4000FB73FB7B18461437BD4680BC704780B48B
:106E500083B000AF78607B685B6A18460C37BD462C
:106E600080BC704780B485B000AF78600023FB73AE
:106E70007B6893F82030BB73BB7B012B02D0BB7BBC
:106E8000022B03D17B6800225A6207E07B685B6AB1
:106E900043F480227B685A620123FB73FB7B184614
:106EA0001437BD4680BC704780B485B000AF7860B1
:106EB0007B6803F00703FB600C4BDB68BB60BA68C0
:106EC0004FF6FF031340BB60FB681A02BB68134315
:106ED00043F0BF6343F40033BB60044ABB68D36034
:106EE00000BF1437BD4680BC704700BF00ED00E016
:106EF00080B400AF044BDB681B0A03F0070318469D
:106F0000BD4680BC704700BF00ED00E080B483B098
:106F100000AF0346FB7197F90730002B0BDBFB79C1
:106F200003F01F02064997F907305B09012000FAB8
:106F300002F241F8232000BF0C37BD4680BC7047E9
:106F400000E100E080B483B000AF0346FB7197F925
:106F50000730002B12DBFB7903F01F020A4997F977
:106F600007305B09012000FA02F2203341F82320A8
:106F7000BFF34F8F00BFBFF36F8F00BF00BF0C3751
:106F8000BD4680BC704700BF00E100E080B483B024
:106F900000AF0346FB7197F90730002B0EDB0A4A5E
:106FA00097F907305B09403352F82320FB7903F04F
:106FB0001F0322FA03F303F0010300E00023184645
:106FC0000C37BD4680BC704700E100E080B483B060
:106FD00000AF0346FB7197F90730002B0CDBFB7900
:106FE00003F01F02074997F907305B09012000FAF7
:106FF00002F2403341F8232000BF0C37BD4680BC6D
:10700000704700BF00E100E080B483B000AF0346EA
:10701000FB7197F90730002B0CDBFB7903F01F02A3
:10702000074997F907305B09012000FA02F2603343
:1070300041F8232000BF0C37BD4680BC704700BF1D
:1070400000E100E080B483B000AF0346FB7197F924
:107050000730002B0EDB0A4A97F907305B098033B3
:1070600052F82320FB7903F01F0322FA03F303F005
:10707000010300E0002318460C37BD4680BC704772
:1070800000E100E080B483B000AF03463960FB71DB
:1070900097F90730002B0ADB3B68DAB20C4997F905
:1070A00007301201D2B20B4483F800230AE03B6898
:1070B000DAB20849FB7903F00F03043B1201D2B2A4
:1070C0000B441A7600BF0C37BD4680BC704700BF2A
:1070D00000E100E000ED00E080B483B000AF0346C3
:1070E000FB7197F90730002B09DB0C4A97F9073041
:1070F000134493F80033DBB21B09DBB209E0084A02
:10710000FB7903F00F03043B13441B7EDBB21B0926
:10711000DBB218460C37BD4680BC704700E100E08A
:1071200000ED00E080B489B000AFF860B9607A602B
:10713000FB6803F007037B617B69033B042B04D8E6
:107140007B69C3F10703FB6101E00423FB617B69F9
:107150000433062B03D97B69033BBB6101E00023A9
:10716000BB614FF0FF32FB6902FA03F3DA43BB68FD
:107170001A40BB699A404FF0FF31BB6901FA03F333
:10718000D9437B680B40134318462437BD4680BC67
:10719000704780B489B000AFF860B9607A603B6036
:1071A000BB6803F007037B617B69033B042B04D8B6
:1071B0007B69C3F10703FB6101E00423FB617B6989
:1071C0000433062B03D97B69033BBB6101E0002339
:1071D000BB61FA68BB69DA404FF0FF31FB6901FA25
:1071E00003F3DB431A407B681A604FF0FF32BB6940
:1071F00002FA03F3DA43FB681A403B681A6000BFE7
:107200002437BD4680BC704780B400AFBFF34F8FBA
:1072100000BF064BDB6803F4E0620449044B1343F0
:10722000CB60BFF34F8F00BF00BFFDE700ED00E074
:107230000400FA0580B582B000AF78607B68013B3E
:10724000B3F1807F01D301230FE00A4A7B68013B41
:1072500053600F214FF0FF30FFF714FF054B002262
:107260009A60044B07221A60002318460837BD466F
:1072700080BD00BF10E000E080B582B000AF786054
:107280007868FFF711FE00BF0837BD4680BD80B5A6
:1072900086B000AF0346B9607A60FB7300237B6160
:1072A000FFF726FE78617A68B9687869FFF73AFFD8
:1072B000024697F90F3011461846FFF7E3FE00BF6C
:1072C0001837BD4680BD80B582B000AF0346FB7164
:1072D00097F907301846FFF719FE00BF0837BD467B
:1072E00080BD80B582B000AF0346FB7197F90730CF
:1072F0001846FFF727FE00BF0837BD4680BD80B5A2
:1073000000AFFFF781FF80B582B000AF786078688A
:10731000FFF790FF034618460837BD4680BD80B48E
:1073200000AFBFF35F8F00BF064B5B6A054A23F4D3
:1073300080335362044B00225A6000BFBD4680BCBC
:10734000704700BF00ED00E090ED00E080B483B036
:1073500000AF78600A4A7B6843F001035360094B31
:107360005B6A084A43F480335362BFF34F8F00BF18
:10737000BFF36F8F00BF00BF0C37BD4680BC7047A6
:1073800090ED00E000ED00E080B483B000AF7860E5
:107390007B685A781D4B9A607B681B78002B29D03C
:1073A0001A4A7B685B68D3607B681B7B1A077B6823
:1073B000DB7A1B061A437B689B7ADB041A437B68E3
:1073C0005B7B9B041A437B689B7B5B041A437B6853
:1073D000DB7B1B041A437B685B7A1B021A437B68C6
:1073E0001B7A5B0013437A6812781146074A0B43F5
:1073F000136105E0054B0022DA60044B00221A619C
:1074000000BF0C37BD4680BC704700BF90ED00E068
:1074100080B400AF40BF20BF00BFBD4680BC7047F6
:1074200080B500AFFFF764FD0346184680BD80B508
:1074300084B000AFB9607A603B600346FB7397F994
:107440000F301846FFF748FE3B687A68B968FFF7C7
:10745000A0FE00BF1037BD4680BD80B582B000AF32
:107460000346FB7197F907301846FFF7AFFD00BFE1
:107470000837BD4680BD80B582B000AF0346FB71C2
:1074800097F907301846FFF781FD0346184608377D
:10749000BD4680BD80B582B000AF0346FB7197F951
:1074A00007301846FFF7B0FD00BF0837BD4680BD66
:1074B00080B582B000AF0346FB7197F907301846DC
:1074C000FFF7C0FD034618460837BD4680BD80B4AF
:1074D00083B000AF78607B68042B06D1084B1B6833
:1074E000074A43F00403136005E0054B1B68044A98
:1074F00023F00403136000BF0C37BD4680BC704707
:1075000010E000E080B500AF00F002F800BF80BDE1
:1075100080B400AF00BFBD4680BC704780B489B066
:1075200000AF7860396000237B6100233B6100235A
:10753000BB610023FB616BE10122FB6902FA03F3EB
:107540007B613B681B687A6913403B613A697B69E0
:107550009A4240F05A813B685B6803F00303012BB9
:1075600005D03B685B6803F00303022B30D17B68D6
:107570009B68BB61FB695B00032202FA03F3DB43F8
:10758000BA691340BB613B68DA68FB695B0002FAC9
:1075900003F3BA691343BB617B68BA699A607B687D
:1075A0005B68BB610122FB6902FA03F3DB43BA6942
:1075B0001340BB613B685B681B0903F00102FB6978
:1075C00002FA03F3BA691343BB617B68BA695A6074
:1075D0003B685B6803F00303032B17D07B68DB6811
:1075E000BB61FB695B00032202FA03F3DB43BA6968
:1075F0001340BB613B689A68FB695B0002FA03F3C6
:10760000BA691343BB617B68BA69DA603B685B683F
:1076100003F00303022B23D1FB69DA087B680832ED
:1076200053F82230BB61FB6903F007039B000F2274
:1076300002FA03F3DB43BA691340BB613B681A6982
:10764000FB6903F007039B0002FA03F3BA691343D3
:10765000BB61FB69DA087B680832B96943F822101C
:107660007B681B68BB61FB695B00032202FA03F3C2
:10767000DB43BA691340BB613B685B6803F00302FC
:10768000FB695B0002FA03F3BA691343BB617B68D1
:10769000BA691A603B685B6803F44033002B00F062
:1076A000B4800023FB605F4B5B6C5E4A43F4804315
:1076B00053645C4B5B6C03F48043FB60FB685A4A89
:1076C000FB699B08023352F82330BB61FB6903F06E
:1076D00003039B000F2202FA03F3DB43BA69134052
:1076E000BB617B68514A93422BD07B68504A9342DE
:1076F00025D07B684F4A93421FD07B684E4A934205
:1077000019D07B684D4A934213D07B684C4A934210
:107710000DD07B684B4A934207D07B684A4A93421C
:1077200001D107230EE008230CE006230AE005231D
:1077300008E0042306E0032304E0022302E001231F
:1077400000E00023FA6902F0030292009340BA6954
:107750001343BB613449FB699B080233BA6941F8A2
:1077600023203A4B9B68BB613B69DB43BA691340FA
:10777000BB613B685B6803F48013002B03D0BA69DC
:107780003B691343BB61314ABB6993602F4BDB6894
:10779000BB613B69DB43BA691340BB613B685B6813
:1077A00003F40013002B03D0BA693B691343BB6198
:1077B000264ABB69D360254B5B68BB613B69DB43F1
:1077C000BA691340BB613B685B6803F40033002B6C
:1077D00003D0BA693B691343BB611C4ABB69536060
:1077E0001A4B1B68BB613B69DB43BA691340BB6141
:1077F0003B685B6803F48033002B03D0BA693B69B4
:107800001343BB61114ABB691360FB690133FB6120
:10781000FB690F2B7FF690AE00BF00BF2437BD463B
:1078200080BC704700380240003801400000024030
:107830000004024000080240000C02400010024018
:107840000014024000180240001C0240003C0140AD
:1078500080B487B000AF7860396000233B610023BB
:10786000FB600023BB6000237B61CDE001227B69CC
:1078700002FA03F33B613A683B691340FB60FA6824
:107880003B699A4240F0BD80644A7B699B080233A1
:1078900052F82330BB607B6903F003039B000F2287
:1078A00002FA03F3BA681340BB607B685C4A9342F8
:1078B0002BD07B685B4A934225D07B685A4A93421F
:1078C0001FD07B68594A934219D07B68584A93422B
:1078D00013D07B68574A93420DD07B68564A934237
:1078E00007D07B68554A934201D107230EE0082355
:1078F0000CE006230AE0052308E0042306E0032346
:1079000004E0022302E0012300E000237A6902F090
:10791000030292009340BA689A4232D1484B1A68E7
:10792000FB68DB43464913400B60454B5A68FB68D4
:10793000DB43434913404B60414BDA68FB68DB4350
:107940003F491340CB603E4B9A68FB68DB433C49A0
:1079500013408B607B6903F003039B000F2202FA44
:1079600003F3BB602D4A7B699B08023352F8231056
:10797000BB68DA4329487B699B080A40023340F818
:1079800023207B681A687B695B00032101FA03F3FB
:10799000DB431A407B681A607B69DA087B6808322F
:1079A00053F822107B6903F007039B000F2202FAB1
:1079B00003F3DB437A69D20819407B68083243F845
:1079C00022107B68DA687B695B00032101FA03F30C
:1079D000DB431A407B68DA607B685A6801217B6967
:1079E00001FA03F3DB431A407B685A607B689A68AC
:1079F0007B695B00032101FA03F3DB431A407B68D8
:107A00009A607B6901337B617B690F2B7FF62EAF18
:107A100000BF00BF1C37BD4680BC70470038014026
:107A2000000002400004024000080240000C024036
:107A3000001002400014024000180240001C0240E6
:107A4000003C014080B485B000AF78600B467B807D
:107A50007B681A697B881340002B02D00123FB73DB
:107A600001E00023FB73FB7B18461437BD4680BC46
:107A7000704780B483B000AF78600B467B801346BC
:107A80007B707B78002B03D07A887B689A6103E057
:107A90007B881A047B689A6100BF0C37BD4680BCA6
:107AA000704780B485B000AF78600B467B807B6800
:107AB0005B69FB607A88FB6813401A04FB68D94352
:107AC0007B880B401A437B689A6100BF1437BD4620
:107AD00080BC704780B485B000AF78600B467B8077
:107AE0004FF48033FB607A88FB681343FB60FA68CD
:107AF0007B68DA617A887B68DA61FA687B68DA61C8
:107B00007B68DB69FB607B68DB6903F48033002BF7
:107B100001D0002300E0012318461437BD4680BC85
:107B2000704780B582B000AF0346FB80084B5A69AE
:107B3000FB881340002B06D0054AFB885361FB8865
:107B4000184600F007F800BF0837BD4680BD00BFEB
:107B5000003C014080B483B000AF0346FB8000BF0F
:107B60000C37BD4680BC704780B400AF0023184678
:107B7000BD4680BC704780B586B000AF78607B683A
:107B8000002B01D1012368E27B681B6803F001032D
:107B9000002B75D0884B9B6803F00C03042B0CD092
:107BA000854B9B6803F00C03082B12D1824B5B685A
:107BB00003F48003B3F5800F0BD17F4B1B6803F4F4
:107BC0000033002B5BD07B685B68002B57D101230F
:107BD00043E27B685B68B3F5803F06D1764B1B6858
:107BE000754A43F4803313601DE07B685B68B3F52E
:107BF000A02F0CD1704B1B686F4A43F48023136095
:107C00006D4B1B686C4A43F4803313600BE06A4B86
:107C10001B68694A23F480331360674B1B68664A0C
:107C200023F4802313607B685B68002B13D0FDF77F
:107C300039FF386108E0FDF735FF02463B69D31A8A
:107C4000642B01D9032308E25B4B1B6803F4003368
:107C5000002BF0D014E0FDF725FF386108E0FDF7B8
:107C600021FF02463B69D31A642B01D90323F4E1B7
:107C7000514B1B6803F40033002BF0D100E000BF30
:107C80007B681B6803F00203002B63D04A4B9B68A0
:107C900003F00C03002B0BD0474B9B6803F00C0345
:107CA000082B1CD1444B5B6803F48003002B16D1D6
:107CB000414B1B6803F00203002B05D07B68DB6897
:107CC000012B01D00123C8E13B4B1B6823F0F802D4
:107CD0007B681B69DB00384913430B603AE07B6823
:107CE000DB68002B20D0354B01221A60FDF7DAFE4D
:107CF000386108E0FDF7D6FE02463B69D31A022B35
:107D000001D90323A9E12C4B1B6803F00203002BCC
:107D1000F0D0294B1B6823F0F8027B681B69DB005D
:107D2000254913430B6015E0244B00221A60FDF730
:107D3000B9FE386108E0FDF7B5FE02463B69D31A8B
:107D4000022B01D9032388E11B4B1B6803F00203BC
:107D5000002BF0D17B681B6803F00803002B37D0A1
:107D60007B685B69002B16D0154B01221A60FDF76A
:107D700099FE386108E0FDF795FE02463B69D31A8B
:107D8000022B01D9032368E10B4B5B6F03F0020365
:107D9000002BF0D01CE00A4B00221A60FDF782FE97
:107DA00038610FE0FDF77EFE02463B69D31A022BD5
:107DB00008D9032351E100BF0038024000004742C8
:107DC000800E4742884B5B6F03F00203002BE9D122
:107DD0007B681B6803F00403002B00F097800023EE
:107DE000FB75814B1B6C03F08053002B0FD10023DC
:107DF000BB607D4B1B6C7C4A43F0805313647A4B11
:107E00001B6C03F08053BB60BB680123FB75774B91
:107E10001B6803F48073002B18D1744B1B68734AE2
:107E200043F480731360FDF73DFE386108E0FDF711
:107E300039FE02463B69D31A022B01D903230CE118
:107E40006A4B1B6803F48073002BF0D07B689B683F
:107E5000012B06D1644B1B6F634A43F00103136788
:107E60001CE07B689B68052B0CD15F4B1B6F5E4A47
:107E700043F0040313675C4B1B6F5B4A43F0010341
:107E800013670BE0584B1B6F574A23F0010313672E
:107E9000554B1B6F544A23F0040313677B689B68A0
:107EA000002B15D0FDF7FEFD38610AE0FDF7FAFD65
:107EB00002463B69D31A41F28832934201D9032327
:107EC000CBE0494B1B6F03F00203002BEED014E014
:107ED000FDF7E8FD38610AE0FDF7E4FD02463B6985
:107EE000D31A41F28832934201D90323B5E03E4BC5
:107EF0001B6F03F00203002BEED1FB7D012B05D19C
:107F0000394B1B6C384A23F0805313647B689B69A0
:107F1000002B00F0A180344B9B6803F00C03082B6E
:107F20005CD07B689B69022B41D1314B00221A60E7
:107F3000FDF7B8FD386108E0FDF7B4FD02463B6986
:107F4000D31A022B01D9032387E0274B1B6803F0C8
:107F50000073002BF0D17B68DA697B681B6A1A43D7
:107F60007B685B6A9B011A437B689B6A5B08013BE9
:107F70001B041A437B68DB6A1B061B4913434B60D7
:107F80001B4B01221A60FDF78DFD386108E0FDF7FB
:107F900089FD02463B69D31A022B01D903235CE019
:107FA000114B1B6803F00073002BF0D054E0104B12
:107FB00000221A60FDF776FD386108E0FDF772FDDA
:107FC00002463B69D31A022B01D9032345E0064B35
:107FD0001B6803F00073002BF0D13DE07B689B69C8
:107FE000012B07D1012338E0003802400070004027
:107FF000600047421B4B5B68FB607B689B69012B01
:1080000028D0FB6803F480027B68DB699A4221D1A7
:10801000FB6803F03F027B681B6A9A421AD1FA6838
:1080200047F6C07313407A68526A9201934211D1A5
:10803000FB6803F440327B689B6A5B08013B1B04CE
:108040009A4207D1FB6803F070627B68DB6A1B060B
:108050009A4201D0012300E0002318461837BD469C
:1080600080BD00BF0038024080B584B000AF7860AA
:1080700039607B68002B01D10123CCE0684B1B6881
:1080800003F007033A689A420CD9654B3A68D2B2BA
:108090001A70634B1B6803F007033A689A4201D0D9
:1080A0000123B8E07B681B6803F00203002B20D09B
:1080B0007B681B6803F00403002B05D0594B9B68B9
:1080C000584A43F4E05393607B681B6803F008034D
:1080D000002B05D0534B9B68524A43F46043936096
:1080E000504B9B6823F0F0027B689B684D4913431B
:1080F0008B607B681B6803F00103002B44D07B6816
:108100005B68012B07D1474B1B6803F40033002B3E
:1081100019D101237FE07B685B68022B03D07B6869
:108120005B68032B07D13F4B1B6803F00073002BE8
:1081300009D101236FE03B4B1B6803F00203002BC6
:1081400001D1012367E0374B9B6823F003027B6872
:108150005B68344913438B60FDF7A4FCF8600AE0C8
:10816000FDF7A0FC0246FB68D31A41F28832934225
:1081700001D903234FE02B4B9B6803F00C027B6873
:108180005B689B009A42EBD1254B1B6803F0070309
:108190003A689A420CD2224B3A68D2B21A70204BFB
:1081A0001B6803F007033A689A4201D0012332E0CA
:1081B0007B681B6803F00403002B08D0194B9B68F5
:1081C00023F4E0527B68DB68164913438B607B68BD
:1081D0001B6803F00803002B09D0124B9B6823F4A3
:1081E00060427B681B69DB000E4913438B6000F023
:1081F000A1F802460B4B9B681B0903F00F030A49C9
:10820000CB5C22FA03F3094A1360094B1B6818463A
:10821000FDF706FC002318461037BD4680BD00BFA1
:10822000003C024000380240C8CC01080400002095
:108230000800002080B58CB000AFF860B9607A60AB
:10824000FB68002B29D10023BB612B4B1B6B2A4AF7
:1082500043F001031363284B1B6B03F00103BB6165
:10826000BB694FF48073FB6102233B620323BB6253
:1082700000237B620023FB6207F11C0319461F48A1
:10828000FFF74CF91C4B9B6823F0EC62B9687B68E4
:108290000B43194913438B6029E000237B61164B84
:1082A0001B6B154A43F004031363134B1B6B03F062
:1082B00004037B617B694FF40073FB6102233B6223
:1082C0000323BB6200237B620023FB6207F11C03D4
:1082D00019460B48FFF722F9074B9B6823F07842B9
:1082E0007B68D900BB680B43034913438B6000BF15
:1082F0003037BD4680BD00BF00380240000002405C
:108300000008024080B400AF034B01221A6000BF96
:10831000BD4680BC704700BF4C00474280B400AFF0
:10832000034B00221A6000BFBD4680BC704700BFEF
:108330004C0047422DE9B04F94B000AF00237B645E
:108340000023FB6400233B640023BB64794B9B68E0
:1083500003F00C03082B0DD0082B00F2E180002B5A
:1083600002D0042B03D0DBE0734BBB64DBE0734B28
:10837000BB64D8E06F4B5B6803F03F037B646D4BDD
:108380005B6803F48003002B63D06A4B5B689B0936
:108390000022BB63FA63BB6BC3F308033B63002398
:1083A0007B63D7E90C4522462B464FF000004FF087
:1083B0000001590141EAD261500102460B462146B3
:1083C000511A3961294663EB01037B614FF00002CA
:1083D0004FF00003D7E904AB59468B01514643EAFD
:1083E000916351468A015146B2EB0108594663EB4D
:1083F00001094FF000024FF000034FEAC90343EABE
:1084000058734FEAC80290469946234618EB030377
:10841000BB602B4649EB0303FB604FF000024FF0BB
:108420000003D7E9024529464B02214643EAD153CE
:1084300021464A02104619467B6C0022BB62FA6252
:10844000D7E90A2312F094FF02460B461346FB6459
:1084500058E0384B5B689B09002218461146C0F370
:1084600008033B6200237B62D7E9088942464B46FA
:108470004FF000004FF00001590141EAD261500174
:1084800002460B464146B2EB010A494663EB010B3B
:108490004FF000024FF000034FEA8B1343EA9A6358
:1084A0004FEA8A12B2EB0A0463EB0B054FF00002AD
:1084B0004FF00003EB0043EA5473E20014461D46FC
:1084C0004346E3183B604B4645EB03037B604FF0AC
:1084D00000024FF00003D7E9004529468B022146F0
:1084E00043EA915321468A02104619467B6C0022CA
:1084F000BB61FA61D7E9062312F03AFF02460B4648
:108500001346FB640B4B5B681B0C03F00303013346
:108510005B003B64FA6C3B6CB2FBF3F3BB6402E0C0
:10852000054BBB6400BFBB6C18465037BD46BDE869
:10853000B08F00BF003802400024F40000127A001F
:1085400080B400AF024B1B681846BD4680BC704724
:108550000400002080B500AFFFF7F2FF0246054B94
:108560009B689B0A03F007030349CB5C22FA03F3E1
:10857000184680BD00380240D8CC010880B500AF55
:10858000FFF7DEFF0246054B9B685B0B03F007031A
:108590000349CB5C22FA03F3184680BD0038024041
:1085A000D8CC010880B483B000AF78607B680F221C
:1085B0001A60454B1B6803F48023B3F5802F04D168
:1085C0007B684FF4A0225A600EE03F4B1B6803F417
:1085D0008033B3F5803F04D17B684FF480325A601A
:1085E00002E07B6800225A60374B1B6803F00103EE
:1085F000012B03D17B680122DA6002E07B68002254
:10860000DA60314B1B68DB0803F01F027B681A61DC
:108610002D4B1B6F03F00403042B03D17B68052251
:108620009A600CE0284B1B6F03F00103012B03D170
:108630007B6801229A6002E07B6800229A60224BEC
:108640005B6F03F00103012B03D17B6801225A61A8
:1086500002E07B6800225A611B4B1B6803F08073A9
:10866000B3F1807F03D17B6802229A6102E07B68CC
:1086700001229A61144B5B6803F480027B68DA6123
:10868000114B5B6803F03F027B681A620E4B5B681C
:108690009B09C3F308027B685A620B4B5B6803F4C7
:1086A000403303F580335B001A0C7B689A62064BFB
:1086B0005B681B0E03F00F027B68DA6200BF0C37A9
:1086C000BD4680BC704700BF0038024080B483B014
:1086D00000AF786039607B680F221A60114B9B688D
:1086E00003F003027B685A600E4B9B6803F0F002B4
:1086F0007B689A600B4B9B6803F4E0527B68DA60FE
:10870000084B9B68DB0803F4E0527B681A61064B58
:108710001B6803F007023B681A6000BF0C37BD46B8
:1087200080BC704700380240003C024080B500AF7A
:10873000064BDB6803F08003802B04D100F00AF8BD
:10874000034B80221A7000BF80BD00BF003802407A
:108750000E38024080B400AF00BFBD4680BC7047F9
:1087600080B582B000AF78607B68002B01D1012317
:1087700041E07B6893F83D30DBB2002B06D17B688B
:10878000002283F83C20786813F048F97B680222C5
:1087900083F83D207B681A687B68043319461046CD
:1087A00005F036F97B68012283F846207B680122B8
:1087B00083F83E207B68012283F83F207B680122FA
:1087C00083F840207B68012283F841207B680122E6
:1087D00083F842207B68012283F843207B680122D2
:1087E00083F844207B68012283F845207B680122BE
:1087F00083F83D20002318460837BD4680BD80B56C
:1088000082B000AF78607B68022283F83D207B68ED
:108810001B681A6A41F211131340002B0FD17B68B9
:108820001B681A6A40F244431340002B07D17B684F
:108830001B681A687B681B6822F001021A6078685E
:1088400000F03AF87B68002283F846207B6800221B
:1088500083F83E207B68002283F83F207B6800225B
:1088600083F840207B68002283F841207B68002247
:1088700083F842207B68002283F843207B68002233
:1088800083F844207B68002283F845207B6800221F
:1088900083F83D207B68002283F83C2000231846A3
:1088A0000837BD4680BD80B483B000AF786000BF9C
:1088B0000C37BD4680BC704780B483B000AF786091
:1088C00000BF0C37BD4680BC704780B485B000AF98
:1088D00078607B6893F83D30DBB2012B01D0012337
:1088E00046E07B68022283F83D207B681B68234AB0
:1088F000934222D07B681B68B3F1804F1DD07B6808
:108900001B681F4A934218D07B681B681D4A93421C
:1089100013D07B681B681C4A93420ED07B681B688F
:108920001A4A934209D07B681B68194A934204D0C3
:108930007B681B68174A934211D17B681B689B6850
:1089400003F00703FB60FB68062B10D07B681B68F5
:108950001A687B681B6842F001021A6007E07B68B6
:108960001B681A687B681B6842F001021A600023CA
:1089700018461437BD4680BC704700BF0000014058
:108980000004004000080040000C004000040140CA
:10899000004001400018004080B483B000AF786010
:1089A0007B681B681A6A41F211131340002B0FD128
:1089B0007B681B681A6A40F244431340002B07D1BE
:1089C0007B681B681A687B681B6822F001021A60CA
:1089D0007B68012283F83D20002318460C37BD46F2
:1089E00080BC704780B485B000AF78607B6893F836
:1089F0003D30DBB2012B01D001234EE07B68022227
:108A000083F83D207B681B68DA687B681B6842F04E
:108A10000102DA607B681B68224A934222D07B689D
:108A20001B68B3F1804F1DD07B681B681E4A9342C0
:108A300018D07B681B681D4A934213D07B681B6863
:108A40001B4A93420ED07B681B681A4A934209D096
:108A50007B681B68184A934204D07B681B68174ADE
:108A6000934211D17B681B689B6803F00703FB608E
:108A7000FB68062B10D07B681B681A687B681B6834
:108A800042F001021A6007E07B681B681A687B6885
:108A90001B6842F001021A60002318461437BD46D5
:108AA00080BC704700000140000400400008004006
:108AB000000C00400004014000400140001800404C
:108AC00080B483B000AF78607B681B68DA687B682D
:108AD0001B6822F00102DA607B681B681A6A41F2A7
:108AE00011131340002B0FD17B681B681A6A40F2E8
:108AF00044431340002B07D17B681B681A687B68CE
:108B00001B6822F001021A607B68012283F83D2075
:108B1000002318460C37BD4680BC704780B586B030
:108B200000AFF860B9601346FB80FB6893F83D30F6
:108B3000DBB2022B01D102237AE0FB6893F83D30CF
:108B4000DBB2012B25D1BB68002B02D0FB88002BA8
:108B500001D101236CE0FB68022283F83D20FB6811
:108B60001B6A354ADA63FB681B6A344A1A64FB687D
:108B70001B6A334ADA64FB68186AB968FB681B68C9
:108B80002C331A46FB880AF0C8FD0346002B04D09C
:108B900001E001234CE001234AE0FB681B68DA682E
:108BA000FB681B6842F48072DA60FB681B68254A28
:108BB000934222D0FB681B68B3F1804F1DD0FB6845
:108BC0001B68214A934218D0FB681B681F4A9342D6
:108BD00013D0FB681B681E4A93420ED0FB681B68CB
:108BE0001C4A934209D0FB681B681B4A934204D07D
:108BF000FB681B68194A934211D1FB681B689B688C
:108C000003F007037B617B69062B10D0FB681B68B0
:108C10001A68FB681B6842F001021A6007E0FB68F3
:108C20001B681A68FB681B6842F001021A60002387
:108C300018461837BD4680BD7DD90008ABD900085D
:108C4000ABD60008000001400004004000080040CE
:108C5000000C0040000401400040014000180040AA
:108C600080B582B000AF78607B681B68DA687B688B
:108C70001B6822F48072DA607B681B6A18460AF06F
:108C800014FE7B681B681A6A41F211131340002B13
:108C90000FD17B681B681A6A40F244431340002BD3
:108CA00007D17B681B681A687B681B6822F0010289
:108CB0001A607B68012283F83D200023184608379C
:108CC000BD4680BD80B582B000AF78607B68002B68
:108CD00001D1012341E07B6893F83D30DBB2002BEA
:108CE00006D17B68002283F83C20786800F08DF87C
:108CF0007B68022283F83D207B681A687B68043316
:108D00001946104604F084FE7B68012283F8462051
:108D10007B68012283F83E207B68012283F83F2094
:108D20007B68012283F840207B68012283F8412080
:108D30007B68012283F842207B68012283F843206C
:108D40007B68012283F844207B68012283F8452058
:108D50007B68012283F83D20002318460837BD4672
:108D600080BD80B582B000AF78607B68022283F856
:108D70003D207B681B681A6A41F211131340002BD7
:108D80000FD17B681B681A6A40F244431340002BE2
:108D900007D17B681B681A687B681B6822F0010298
:108DA0001A60786800F03AF87B68002283F8462061
:108DB0007B68002283F83E207B68002283F83F20F6
:108DC0007B68002283F840207B68002283F84120E2
:108DD0007B68002283F842207B68002283F84320CE
:108DE0007B68002283F844207B68002283F84520BA
:108DF0007B68002283F83D207B68002283F83C20BA
:108E0000002318460837BD4680BD80B483B000AF4C
:108E1000786000BF0C37BD4680BC704780B483B01B
:108E200000AF786000BF0C37BD4680BC704780B58E
:108E300084B000AF786039603B68002B09D17B6853
:108E400093F83E30DBB2012B14BF01230023DBB2C9
:108E500022E03B68042B09D17B6893F83F30DBB2FA
:108E6000012B14BF01230023DBB215E03B68082B64
:108E700009D17B6893F84030DBB2012B14BF01238A
:108E80000023DBB208E07B6893F84130DBB2012BB2
:108E900014BF01230023DBB2002B01D001237CE0AF
:108EA0003B68002B04D17B68022283F83E2013E04C
:108EB0003B68042B04D17B68022283F83F200BE03F
:108EC0003B68082B04D17B68022283F8402003E032
:108ED0007B68022283F841207B681B680122396885
:108EE000184605F038FA7B681B682E4A934204D076
:108EF0007B681B682C4A934201D1012300E00023C8
:108F0000002B07D07B681B685A6C7B681B6842F497
:108F100000425A647B681B68224A934222D07B68D5
:108F20001B68B3F1804F1DD07B681B681F4A9342BA
:108F300018D07B681B681E4A934213D07B681B685D
:108F40001C4A93420ED07B681B68174A934209D093
:108F50007B681B68184A934204D07B681B68174AD9
:108F6000934211D17B681B689B6803F00703FB6089
:108F7000FB68062B10D07B681B681A687B681B682F
:108F800042F001021A6007E07B681B681A687B6880
:108F90001B6842F001021A60002318461037BD46D4
:108FA00080BD00BF000001400004014000040040FB
:108FB00000080040000C0040004001400018004044
:108FC00080B582B000AF786039607B681B68002292
:108FD0003968184605F0BFF97B681B682E4A934232
:108FE00004D07B681B682D4A934201D1012300E025
:108FF0000023002B17D07B681B681A6A41F21113FB
:109000001340002B0FD17B681B681A6A40F244435F
:109010001340002B07D17B681B685A6C7B681B6868
:1090200022F400425A647B681B681A6A41F21113E9
:109030001340002B0FD17B681B681A6A40F244432F
:109040001340002B07D17B681B681A687B681B687C
:1090500022F001021A603B68002B04D17B680122D8
:1090600083F83E2013E03B68042B04D17B68012287
:1090700083F83F200BE03B68082B04D17B6801227A
:1090800083F8402003E07B68012283F8412000231D
:1090900018460837BD4680BD00000140000401406D
:1090A00080B584B000AF786039600023FB733B6803
:1090B000002B09D17B6893F83E30DBB2012B14BF43
:1090C00001230023DBB222E03B68042B09D17B683B
:1090D00093F83F30DBB2012B14BF01230023DBB236
:1090E00015E03B68082B09D17B6893F84030DBB270
:1090F000012B14BF01230023DBB208E07B6893F847
:109100004130DBB2012B14BF01230023DBB2002B63
:1091100001D00123B9E03B68002B04D17B68022217
:1091200083F83E2013E03B68042B04D17B680222C5
:1091300083F83F200BE03B68082B04D17B680222B8
:1091400083F8402003E07B68022283F841203B68DB
:109150000C2B2AD03B680C2B30D83B68082B1BD03B
:109160003B68082B2AD83B68002B03D03B68042BB4
:1091700009D023E07B681B68DA687B681B6842F0D3
:109180000202DA601DE07B681B68DA687B681B6896
:1091900042F00402DA6014E07B681B68DA687B68DE
:1091A0001B6842F00802DA600BE07B681B68DA6833
:1091B0007B681B6842F01002DA6002E00123FB7357
:1091C00000BFFB7B002B5FD17B681B6801223968E5
:1091D000184605F0C0F87B681B682E4A934204D0FD
:1091E0007B681B682C4A934201D1012300E00023D5
:1091F000002B07D07B681B685A6C7B681B6842F4A5
:1092000000425A647B681B68224A934222D07B68E2
:109210001B68B3F1804F1DD07B681B681F4A9342C7
:1092200018D07B681B681E4A934213D07B681B686A
:109230001C4A93420ED07B681B68174A934209D0A0
:109240007B681B68184A934204D07B681B68174AE6
:10925000934211D17B681B689B6803F00703BB60D6
:10926000BB68062B10D07B681B681A687B681B687C
:1092700042F001021A6007E07B681B681A687B688D
:109280001B6842F001021A60FB7B18461037BD468E
:1092900080BD00BF00000140000401400004004008
:1092A00000080040000C0040004001400018004051
:1092B00080B584B000AF786039600023FB733B68F1
:1092C0000C2B2AD03B680C2B30D83B68082B1BD0CA
:1092D0003B68082B2AD83B68002B03D03B68042B43
:1092E00009D023E07B681B68DA687B681B6822F082
:1092F0000202DA601DE07B681B68DA687B681B6825
:1093000022F00402DA6014E07B681B68DA687B688C
:109310001B6822F00802DA600BE07B681B68DA68E1
:109320007B681B6822F01002DA6002E00123FB7305
:1093300000BFFB7B002B61D17B681B680022396872
:10934000184605F008F87B681B682F4A934204D042
:109350007B681B682D4A934201D1012300E0002362
:10936000002B17D07B681B681A6A41F21113134057
:10937000002B0FD17B681B681A6A40F244431340EC
:10938000002B07D17B681B685A6C7B681B6822F432
:1093900000425A647B681B681A6A41F21113134039
:1093A000002B0FD17B681B681A6A40F244431340BC
:1093B000002B07D17B681B681A687B681B6822F04A
:1093C00001021A603B68002B04D17B68012283F8FC
:1093D0003E2013E03B68042B04D17B68012283F814
:1093E0003F200BE03B68082B04D17B68012283F807
:1093F000402003E07B68012283F84120FB7B184674
:109400001037BD4680BD00BF000001400004014090
:1094100080B586B000AFF860B9607A607B800023C9
:10942000FB75BB68002B09D1FB6893F83E30DBB2BB
:10943000022B0CBF01230023DBB222E0BB68042B0C
:1094400009D1FB6893F83F30DBB2022B0CBF01233C
:109450000023DBB215E0BB68082B09D1FB6893F849
:109460004030DBB2022B0CBF01230023DBB208E04B
:10947000FB6893F84130DBB2022B0CBF01230023C1
:10948000DBB2002B01D0022364E1BB68002B09D1C1
:10949000FB6893F83E30DBB2012B0CBF01230023A5
:1094A000DBB222E0BB68042B09D1FB6893F83F30A4
:1094B000DBB2012B0CBF01230023DBB215E0BB683C
:1094C000082B09D1FB6893F84030DBB2012B0CBFAD
:1094D00001230023DBB208E0FB6893F84130DBB2E4
:1094E000012B0CBF01230023DBB2002B24D07B68AF
:1094F000002B02D07B88002B01D101232AE1BB681D
:10950000002B04D1FB68022283F83E2016E0BB68E2
:10951000042B04D1FB68022283F83F200EE0BB68D5
:10952000082B04D1FB68022283F8402006E0FB6888
:10953000022283F8412001E001230BE1BB680C2BE0
:109540007DD0BB680C2B00F29E80BB68082B52D0EC
:10955000BB68082B00F29780BB68002B03D0BB6868
:10956000042B24D08FE0FB685B6A7C4ADA63FB68DB
:109570005B6A7B4A1A64FB685B6A7A4ADA64FB6856
:10958000586A7968FB681B6834331A467B880AF08E
:10959000C4F80346002B01D00123DBE0FB681B6805
:1095A000DA68FB681B6842F40072DA606EE0FB6800
:1095B0009B6A6A4ADA63FB689B6A694A1A64FB68B9
:1095C0009B6A684ADA64FB68986A7968FB681B687A
:1095D00038331A467B880AF0A0F80346002B01D0E6
:1095E0000123B7E0FB681B68DA68FB681B6842F47C
:1095F0008062DA604AE0FB68DB6A584ADA63FB683B
:10960000DB6A574A1A64FB68DB6A564ADA64FB680D
:10961000D86A7968FB681B683C331A467B880AF075
:109620007CF80346002B01D0012393E0FB681B6804
:10963000DA68FB681B6842F40062DA6026E0FB68C7
:109640001B6B464ADA63FB681B6B454A1A64FB686E
:109650001B6B444ADA64FB68186B7968FB681B680B
:1096600040331A467B880AF058F80346002B01D095
:1096700001236FE0FB681B68DA68FB681B6842F433
:109680008052DA6002E00123FB7500BFFB7D002BF6
:109690005FD1FB681B680122B968184604F05BFEC5
:1096A000FB681B68304A934204D0FB681B682F4A52
:1096B000934201D1012300E00023002B07D0FB6877
:1096C0001B685A6CFB681B6842F400425A64FB68D2
:1096D0001B68254A934222D0FB681B68B3F1804F78
:1096E0001DD0FB681B68224A934218D0FB681B6898
:1096F000204A934213D0FB681B681F4A93420ED046
:10970000FB681B68194A934209D0FB681B681B4A17
:10971000934204D0FB681B68194A934211D1FB683D
:109720001B689B6803F007033B613B69062B10D065
:10973000FB681B681A68FB681B6842F001021A602C
:1097400007E0FB681B681A68FB681B6842F00102AF
:109750001A60FB7D18461837BD4680BD3DD700080E
:10976000E5D70008ABD60008000001400004014026
:109770000004004000080040000C00400040014090
:109780000018004080B584B000AF786039600023D5
:10979000FB733B680C2B39D03B680C2B44D83B68DF
:1097A000082B25D03B68082B3ED83B68002B03D004
:1097B0003B68042B0ED037E07B681B68DA687B6857
:1097C0001B6822F40072DA607B685B6A18460AF054
:1097D0006CF82CE07B681B68DA687B681B6822F4F5
:1097E0008062DA607B689B6A18460AF05EF81EE0C9
:1097F0007B681B68DA687B681B6822F40062DA60A9
:109800007B68DB6A18460AF050F810E07B681B683A
:10981000DA687B681B6822F48052DA607B681B6B15
:1098200018460AF042F802E00123FB7300BFFB7BFD
:10983000002B61D17B681B6800223968184604F050
:109840008AFD7B681B682F4A934204D07B681B68A3
:109850002D4A934201D1012300E00023002B17D0B1
:109860007B681B681A6A41F211131340002B0FD159
:109870007B681B681A6A40F244431340002B07D1EF
:109880007B681B685A6C7B681B6822F400425A6430
:109890007B681B681A6A41F211131340002B0FD129
:1098A0007B681B681A6A40F244431340002B07D1BF
:1098B0007B681B681A687B681B6822F001021A60CB
:1098C0003B68002B04D17B68012283F83E2013E023
:1098D0003B68042B04D17B68012283F83F200BE016
:1098E0003B68082B04D17B68012283F8402003E009
:1098F0007B68012283F84120FB7B18461037BD4668
:1099000080BD00BF000001400004014080B582B06E
:1099100000AF78607B68002B01D1012341E07B68B8
:1099200093F83D30DBB2002B06D17B68002283F830
:109930003C20786800F08DF87B68022283F83D2097
:109940007B681A687B6804331946104604F060F897
:109950007B68012283F846207B68012283F83E2041
:109960007B68012283F83F207B68012283F8402036
:109970007B68012283F841207B68012283F8422022
:109980007B68012283F843207B68012283F844200E
:109990007B68012283F845207B68012283F83D2003
:1099A000002318460837BD4680BD80B582B000AFA1
:1099B00078607B68022283F83D207B681B681A6A06
:1099C00041F211131340002B0FD17B681B681A6AF8
:1099D00040F244431340002B07D17B681B681A6890
:1099E0007B681B6822F001021A60786800F03AF880
:1099F0007B68002283F846207B68002283F83E20A3
:109A00007B68002283F83F207B68002283F8402097
:109A10007B68002283F841207B68002283F8422083
:109A20007B68002283F843207B68002283F844206F
:109A30007B68002283F845207B68002283F83D2064
:109A40007B68002283F83C20002318460837BD4677
:109A500080BD80B483B000AF786000BF0C37BD46D6
:109A600080BC704780B483B000AF786000BF0C3713
:109A7000BD4680BC704780B584B000AF7860396067
:109A80003B68002B09D17B6893F83E30DBB2012B99
:109A900014BF01230023DBB222E03B68042B09D171
:109AA0007B6893F83F30DBB2012B14BF0123002306
:109AB000DBB215E03B68082B09D17B6893F8403096
:109AC000DBB2012B14BF01230023DBB208E07B686B
:109AD00093F84130DBB2012B14BF01230023DBB22A
:109AE000002B01D001237CE03B68002B04D17B6874
:109AF000022283F83E2013E03B68042B04D17B68EC
:109B0000022283F83F200BE03B68082B04D17B68DE
:109B1000022283F8402003E07B68022283F8412080
:109B20007B681B6801223968184604F014FC7B68C6
:109B30001B682E4A934204D07B681B682C4A9342D0
:109B400001D1012300E00023002B07D07B681B68B4
:109B50005A6C7B681B6842F400425A647B681B683D
:109B6000224A934222D07B681B68B3F1804F1DD0FC
:109B70007B681B681F4A934218D07B681B681E4A8B
:109B8000934213D07B681B681C4A93420ED07B68BB
:109B90001B68174A934209D07B681B68184A934296
:109BA00004D07B681B68174A934211D17B681B68FD
:109BB0009B6803F00703FB60FB68062B10D07B68F3
:109BC0001B681A687B681B6842F001021A6007E094
:109BD0007B681B681A687B681B6842F001021A6088
:109BE000002318461037BD4680BD00BF000001406D
:109BF000000401400004004000080040000C004048
:109C0000004001400018004080B582B000AF78608D
:109C100039607B681B6800223968184604F09BFB9A
:109C20007B681B682E4A934204D07B681B682D4AD0
:109C3000934201D1012300E00023002B17D07B6861
:109C40001B681A6A41F211131340002B0FD17B6875
:109C50001B681A6A40F244431340002B07D17B680B
:109C60001B685A6C7B681B6822F400425A647B684C
:109C70001B681A6A41F211131340002B0FD17B6845
:109C80001B681A6A40F244431340002B07D17B68DB
:109C90001B681A687B681B6822F001021A603B6827
:109CA000002B04D17B68012283F83E2013E03B683F
:109CB000042B04D17B68012283F83F200BE03B6832
:109CC000082B04D17B68012283F8402003E07B68E5
:109CD000012283F84120002318460837BD4680BD85
:109CE000000001400004014080B584B000AF7860FE
:109CF00039600023FB733B68002B09D17B6893F824
:109D00003E30DBB2012B14BF01230023DBB222E083
:109D10003B68042B09D17B6893F83F30DBB2012B01
:109D200014BF01230023DBB215E03B68082B09D1E7
:109D30007B6893F84030DBB2012B14BF0123002372
:109D4000DBB208E07B6893F84130DBB2012B14BF33
:109D500001230023DBB2002B01D00123B9E03B68D3
:109D6000002B04D17B68022283F83E2013E03B687D
:109D7000042B04D17B68022283F83F200BE03B6870
:109D8000082B04D17B68022283F8402003E07B6823
:109D9000022283F841203B680C2B2AD03B680C2B15
:109DA00030D83B68082B1BD03B68082B2AD83B686F
:109DB000002B03D03B68042B09D023E07B681B6891
:109DC000DA687B681B6842F00202DA601DE07B689B
:109DD0001B68DA687B681B6842F00402DA6014E0F2
:109DE0007B681B68DA687B681B6842F00802DA60EF
:109DF0000BE07B681B68DA687B681B6842F0100226
:109E0000DA6002E00123FB7300BFFB7B002B5FD114
:109E10007B681B6801223968184604F09CFA7B684D
:109E20001B682E4A934204D07B681B682C4A9342DD
:109E300001D1012300E00023002B07D07B681B68C1
:109E40005A6C7B681B6842F400425A647B681B684A
:109E5000224A934222D07B681B68B3F1804F1DD009
:109E60007B681B681F4A934218D07B681B681E4A98
:109E7000934213D07B681B681C4A93420ED07B68C8
:109E80001B68174A934209D07B681B68184A9342A3
:109E900004D07B681B68174A934211D17B681B680A
:109EA0009B6803F00703BB60BB68062B10D07B6880
:109EB0001B681A687B681B6842F001021A6007E0A1
:109EC0007B681B681A687B681B6842F001021A6095
:109ED000FB7B18461037BD4680BD00BF0000014027
:109EE000000401400004004000080040000C004055
:109EF000004001400018004080B584B000AF786099
:109F000039600023FB733B680C2B2AD03B680C2B79
:109F100030D83B68082B1BD03B68082B2AD83B68FD
:109F2000002B03D03B68042B09D023E07B681B681F
:109F3000DA687B681B6822F00202DA601DE07B6849
:109F40001B68DA687B681B6822F00402DA6014E0A0
:109F50007B681B68DA687B681B6822F00802DA609D
:109F60000BE07B681B68DA687B681B6822F01002D4
:109F7000DA6002E00123FB7300BFFB7B002B61D1A1
:109F80007B681B6800223968184604F0E4F97B6896
:109F90001B682F4A934204D07B681B682D4A93426A
:109FA00001D1012300E00023002B17D07B681B6840
:109FB0001A6A41F211131340002B0FD17B681B6802
:109FC0001A6A40F244431340002B07D17B681B6898
:109FD0005A6C7B681B6822F400425A647B681B68D9
:109FE0001A6A41F211131340002B0FD17B681B68D2
:109FF0001A6A40F244431340002B07D17B681B6868
:10A000001A687B681B6822F001021A603B68002B0B
:10A0100004D17B68012283F83E2013E03B68042BC7
:10A0200004D17B68012283F83F200BE03B68082BBA
:10A0300004D17B68012283F8402003E07B68012281
:10A0400083F84120FB7B18461037BD4680BD00BF1A
:10A05000000001400004014080B586B000AFF86008
:10A06000B9607A607B800023FB75BB68002B09D147
:10A07000FB6893F83E30DBB2022B0CBF01230023B8
:10A08000DBB222E0BB68042B09D1FB6893F83F30B8
:10A09000DBB2022B0CBF01230023DBB215E0BB684F
:10A0A000082B09D1FB6893F84030DBB2022B0CBFC0
:10A0B00001230023DBB208E0FB6893F84130DBB2F8
:10A0C000022B0CBF01230023DBB2002B01D00223A3
:10A0D00064E1BB68002B09D1FB6893F83E30DBB22A
:10A0E000012B0CBF01230023DBB222E0BB68042B51
:10A0F00009D1FB6893F83F30DBB2012B0CBF012381
:10A100000023DBB215E0BB68082B09D1FB6893F88C
:10A110004030DBB2012B0CBF01230023DBB208E08F
:10A12000FB6893F84130DBB2012B0CBF0123002305
:10A13000DBB2002B24D07B68002B02D07B88002B65
:10A1400001D101232AE1BB68002B04D1FB68022264
:10A1500083F83E2016E0BB68042B04D1FB68022282
:10A1600083F83F200EE0BB68082B04D1FB68022275
:10A1700083F8402006E0FB68022283F8412001E0DA
:10A1800001230BE1BB680C2B7DD0BB680C2B00F2CC
:10A190009E80BB68082B52D0BB68082B00F29780CA
:10A1A000BB68002B03D0BB68042B24D08FE0FB6876
:10A1B0005B6A7C4ADA63FB685B6A7B4A1A64FB6809
:10A1C0005B6A7A4ADA64FB68586A7968FB681B68DC
:10A1D00034331A467B8809F0A0FA0346002B01D0DD
:10A1E0000123DBE0FB681B68DA68FB681B6842F44C
:10A1F0000072DA606EE0FB689B6A6A4ADA63FB68A9
:10A200009B6A694A1A64FB689B6A684ADA64FB685D
:10A21000986A7968FB681B6838331A467B8809F0AE
:10A220007CFA0346002B01D00123B7E0FB681B68D2
:10A23000DA68FB681B6842F48062DA604AE0FB6817
:10A24000DB6A584ADA63FB68DB6A574A1A64FB68C0
:10A25000DB6A564ADA64FB68D86A7968FB681B686F
:10A260003C331A467B8809F058FA0346002B01D08C
:10A27000012393E0FB681B68DA68FB681B6842F403
:10A280000062DA6026E0FB681B6B464ADA63FB6813
:10A290001B6B454A1A64FB681B6B444ADA64FB6813
:10A2A000186B7968FB681B6840331A467B8809F095
:10A2B00034FA0346002B01D001236FE0FB681B68D2
:10A2C000DA68FB681B6842F48052DA6002E001231E
:10A2D000FB7500BFFB7D002B5FD1FB681B68012273
:10A2E000B968184604F037F8FB681B68304A934297
:10A2F00004D0FB681B682F4A934201D1012300E080
:10A300000023002B07D0FB681B685A6CFB681B6896
:10A3100042F400425A64FB681B68254A934222D0EB
:10A32000FB681B68B3F1804F1DD0FB681B68224A95
:10A33000934218D0FB681B68204A934213D0FB68F5
:10A340001B681F4A93420ED0FB681B68194A934250
:10A3500009D0FB681B681B4A934204D0FB681B684A
:10A36000194A934211D1FB681B689B6803F00703ED
:10A370003B613B69062B10D0FB681B681A68FB68C1
:10A380001B6842F001021A6007E0FB681B681A684C
:10A39000FB681B6842F001021A60FB7D1846183703
:10A3A000BD4680BD3DD70008E5D70008ABD6000804
:10A3B000000001400004014000040040000800408B
:10A3C000000C0040004001400018004080B584B0FF
:10A3D00000AF786039600023FB733B680C2B39D0E9
:10A3E0003B680C2B44D83B68082B25D03B68082BD6
:10A3F0003ED83B68002B03D03B68042B0ED037E0DF
:10A400007B681B68DA687B681B6822F40072DA607C
:10A410007B685B6A184609F048FA2CE07B681B6889
:10A42000DA687B681B6822F48062DA607B689B6A6A
:10A43000184609F03AFA1EE07B681B68DA687B6808
:10A440001B6822F40062DA607B68DB6A184609F058
:10A450002CFA10E07B681B68DA687B681B6822F4C2
:10A460008052DA607B681B6B184609F01EFA02E026
:10A470000123FB7300BFFB7B002B61D17B681B6852
:10A4800000223968184603F066FF7B681B682F4A74
:10A49000934204D07B681B682D4A934201D101236B
:10A4A00000E00023002B17D07B681B681A6A41F27A
:10A4B00011131340002B0FD17B681B681A6A40F2FE
:10A4C00044431340002B07D17B681B685A6C7B68A0
:10A4D0001B6822F400425A647B681B681A6A41F2C6
:10A4E00011131340002B0FD17B681B681A6A40F2CE
:10A4F00044431340002B07D17B681B681A687B68B4
:10A500001B6822F001021A603B68002B04D17B68B3
:10A51000012283F83E2013E03B68042B04D17B68C2
:10A52000012283F83F200BE03B68082B04D17B68B5
:10A53000012283F8402003E07B68012283F8412058
:10A54000FB7B18461037BD4680BD00BF00000140B0
:10A550000004014080B582B000AF78607B68002BBA
:10A5600001D1012341E07B6893F83D30DBB2002B41
:10A5700006D17B68002283F83C20786800F08DF8D3
:10A580007B68022283F83D207B681A687B6804336D
:10A590001946104603F03CFA7B68012283F84620F6
:10A5A0007B68012283F83E207B68012283F83F20EC
:10A5B0007B68012283F840207B68012283F84120D8
:10A5C0007B68012283F842207B68012283F84320C4
:10A5D0007B68012283F844207B68012283F84520B0
:10A5E0007B68012283F83D20002318460837BD46CA
:10A5F00080BD80B582B000AF78607B68022283F8AE
:10A600003D207B681B681A6A41F211131340002B2E
:10A610000FD17B681B681A6A40F244431340002B39
:10A6200007D17B681B681A687B681B6822F00102EF
:10A630001A60786800F03AF87B68002283F84620B8
:10A640007B68002283F83E207B68002283F83F204D
:10A650007B68002283F840207B68002283F8412039
:10A660007B68002283F842207B68002283F8432025
:10A670007B68002283F844207B68002283F8452011
:10A680007B68002283F83D207B68002283F83C2011
:10A69000002318460837BD4680BD80B483B000AFA4
:10A6A000786000BF0C37BD4680BC704780B483B073
:10A6B00000AF786000BF0C37BD4680BC704780B5E6
:10A6C00084B000AF786039603B68002B04D17B68B0
:10A6D00093F83E30FB7313E03B68042B04D17B6896
:10A6E00093F83F30FB730BE03B68082B04D17B6889
:10A6F00093F84030FB7303E07B6893F84130FB73C1
:10A700003B68002B04D17B6893F84230BB7313E0A5
:10A710003B68042B04D17B6893F84330BB730BE098
:10A720003B68082B04D17B6893F84430BB7303E08B
:10A730007B6893F84530BB73FB7B012B02D1BB7B5D
:10A74000012B01D0012381E03B68002B04D17B6801
:10A75000022283F83E2013E03B68042B04D17B687F
:10A76000022283F83F200BE03B68082B04D17B6872
:10A77000022283F8402003E07B68022283F8412014
:10A780003B68002B04D17B68022283F8422013E04F
:10A790003B68042B04D17B68022283F843200BE042
:10A7A0003B68082B04D17B68022283F8442003E035
:10A7B0007B68022283F845207B681B680122396888
:10A7C000184603F0C8FD7B681B68224A934222D0DA
:10A7D0007B681B68B3F1804F1DD07B681B681E4AE5
:10A7E000934218D07B681B681C4A934213D07B6845
:10A7F0001B681B4A93420ED07B681B68194A934220
:10A8000009D07B681B68184A934204D07B681B6898
:10A81000164A934211D17B681B689B6803F00703BB
:10A82000BB60BB68062B10D07B681B681A687B680E
:10A830001B6842F001021A6007E07B681B681A6817
:10A840007B681B6842F001021A600023184610372B
:10A85000BD4680BD000001400004004000080040EB
:10A86000000C00400004014000400140001800407E
:10A8700080B582B000AF786039607B681B680022C9
:10A880003968184603F067FD7B681B681A6A41F255
:10A8900011131340002B0FD17B681B681A6A40F21A
:10A8A00044431340002B07D17B681B681A687B6800
:10A8B0001B6822F001021A603B68002B04D17B6800
:10A8C000012283F83E2013E03B68042B04D17B680F
:10A8D000012283F83F200BE03B68082B04D17B6802
:10A8E000012283F8402003E07B68012283F84120A5
:10A8F0003B68002B04D17B68012283F8422013E0DF
:10A900003B68042B04D17B68012283F843200BE0D1
:10A910003B68082B04D17B68012283F8442003E0C4
:10A920007B68012283F84520002318460837BD467E
:10A9300080BD80B584B000AF786039600023FB73C0
:10A940003B68002B04D17B6893F83E30BB7313E067
:10A950003B68042B04D17B6893F83F30BB730BE05A
:10A960003B68082B04D17B6893F84030BB7303E04D
:10A970007B6893F84130BB733B68002B04D17B6844
:10A9800093F842307B7313E03B68042B04D17B685F
:10A9900093F843307B730BE03B68082B04D17B6852
:10A9A00093F844307B7303E07B6893F845307B7306
:10A9B000BB7B012B02D17B7B012B01D00123BEE0AD
:10A9C0003B68002B04D17B68022283F83E2013E011
:10A9D0003B68042B04D17B68022283F83F200BE004
:10A9E0003B68082B04D17B68022283F8402003E0F7
:10A9F0007B68022283F841203B68002B04D17B68EE
:10AA0000022283F8422013E03B68042B04D17B68C8
:10AA1000022283F843200BE03B68082B04D17B68BB
:10AA2000022283F8442003E07B68022283F8452059
:10AA30003B680C2B2AD03B680C2B30D83B68082B8A
:10AA40001BD03B68082B2AD83B68002B03D03B68FF
:10AA5000042B09D023E07B681B68DA687B681B68DD
:10AA600042F00202DA601DE07B681B68DA687B68EE
:10AA70001B6842F00402DA6014E07B681B68DA6845
:10AA80007B681B6842F00802DA600BE07B681B6899
:10AA9000DA687B681B6842F01002DA6002E001238A
:10AAA000FB7300BFFB7B002B48D17B681B68012236
:10AAB0003968184603F04FFC7B681B68224A9342B2
:10AAC00022D07B681B68B3F1804F1DD07B681B6868
:10AAD0001E4A934218D07B681B681D4A934213D0CC
:10AAE0007B681B681B4A93420ED07B681B681A4A1E
:10AAF000934209D07B681B68184A934204D07B6854
:10AB00001B68174A934211D17B681B689B6803F04E
:10AB10000703BB60BB68062B10D07B681B681A68F4
:10AB20007B681B6842F001021A6007E07B681B68C3
:10AB30001A687B681B6842F001021A60FB7B1846AA
:10AB40001037BD4680BD00BF00000140000400403A
:10AB500000080040000C004000040140004001409B
:10AB60000018004080B584B000AF786039600023E1
:10AB7000FB733B680C2B2AD03B680C2B30D83B680E
:10AB8000082B1BD03B68082B2AD83B68002B03D02E
:10AB90003B68042B09D023E07B681B68DA687B687C
:10ABA0001B6822F00202DA601DE07B681B68DA682D
:10ABB0007B681B6822F00402DA6014E07B681B6883
:10ABC000DA687B681B6822F00802DA600BE07B68B9
:10ABD0001B68DA687B681B6822F01002DA6002E00A
:10ABE0000123FB7300BFFB7B002B56D17B681B68E6
:10ABF00000223968184603F0AEFB7B681B681A6AAE
:10AC000041F211131340002B0FD17B681B681A6AA5
:10AC100040F244431340002B07D17B681B681A683D
:10AC20007B681B6822F001021A603B68002B04D18C
:10AC30007B68012283F83E2013E03B68042B04D19B
:10AC40007B68012283F83F200BE03B68082B04D18E
:10AC50007B68012283F8402003E07B68012283F8AF
:10AC600041203B68002B04D17B68012283F84220FD
:10AC700013E03B68042B04D17B68012283F8432056
:10AC80000BE03B68082B04D17B68012283F8442049
:10AC900003E07B68012283F84520FB7B18461037D0
:10ACA000BD4680BD80B586B000AFF860B9607A60FF
:10ACB0007B800023FB75BB68002B04D1FB6893F8F5
:10ACC0003E30BB7513E0BB68042B04D1FB6893F8DE
:10ACD0003F30BB750BE0BB68082B04D1FB6893F8D1
:10ACE0004030BB7503E0FB6893F84130BB75BB682F
:10ACF000002B04D1FB6893F842307B7513E0BB68EE
:10AD0000042B04D1FB6893F843307B750BE0BB68E0
:10AD1000082B04D1FB6893F844307B7503E0FB6893
:10AD200093F845307B75BB7D022B02D07B7D022BD7
:10AD300001D102233AE1BB7D012B43D17B7D012B65
:10AD400040D17B68002B02D07B88002B01D10123EE
:10AD50002CE1BB68002B04D1FB68022283F83E2063
:10AD600013E0BB68042B04D1FB68022283F83F2068
:10AD70000BE0BB68082B04D1FB68022283F840205B
:10AD800003E0FB68022283F84120BB68002B04D15A
:10AD9000FB68022283F8422016E0BB68042B04D132
:10ADA000FB68022283F843200EE0BB68082B04D125
:10ADB000FB68022283F8442006E0FB68022283F845
:10ADC000452001E00123F1E0FB681B680122B9681E
:10ADD000184603F0C0FABB680C2B7DD0BB680C2B67
:10ADE00000F29E80BB68082B52D0BB68082B00F293
:10ADF0009780BB68002B03D0BB68042B24D08FE066
:10AE0000FB685B6A6B4ADA63FB685B6A6A4A1A64CE
:10AE1000FB685B6A694ADA64FB68586AFB681B680E
:10AE2000343319467A687B8808F077FC0346002B98
:10AE300001D00123BAE0FB681B68DA68FB681B6875
:10AE400042F40072DA606EE0FB689B6A594ADA638A
:10AE5000FB689B6A584A1A64FB689B6A574ADA6423
:10AE6000FB68986AFB681B68383319467A687B88E8
:10AE700008F053FC0346002B01D0012396E0FB6849
:10AE80001B68DA68FB681B6842F48062DA604AE09B
:10AE9000FB68DB6A474ADA63FB68DB6A464A1A6486
:10AEA000FB68DB6A454ADA64FB68D86AFB681B68A2
:10AEB0003C3319467A687B8808F02FFC0346002B48
:10AEC00001D0012372E0FB681B68DA68FB681B682D
:10AED00042F40062DA6026E0FB681B6B354ADA63F5
:10AEE000FB681B6B344A1A64FB681B6B334ADA64D9
:10AEF000FB68186BFB681B68403319467A687B88CF
:10AF000008F00BFC0346002B01D001234EE0FB6848
:10AF10001B68DA68FB681B6842F48052DA6002E062
:10AF20000123FB7500BFFB681B68254A934222D0B2
:10AF3000FB681B68B3F1804F1DD0FB681B68214A7A
:10AF4000934218D0FB681B681F4A934213D0FB68DA
:10AF50001B681E4A93420ED0FB681B681C4A934232
:10AF600009D0FB681B681B4A934204D0FB681B682E
:10AF7000194A934211D1FB681B689B6803F00703D1
:10AF80003B613B69062B10D0FB681B681A68FB68A5
:10AF90001B6842F001021A6007E0FB681B681A6830
:10AFA000FB681B6842F001021A60FB7D18461837E7
:10AFB000BD4680BD4DD8000815D90008ABD60008A5
:10AFC000000001400004004000080040000C004068
:10AFD00000040140004001400018004080B584B0EA
:10AFE00000AF786039600023FB737B681B68002228
:10AFF0003968184603F0AFF93B680C2B39D03B6831
:10B000000C2B44D83B68082B25D03B68082B3ED836
:10B010003B68002B03D03B68042B0ED037E07B68E5
:10B020001B68DA687B681B6822F40072DA607B6850
:10B030005B6A184608F039FC2CE07B681B68DA680C
:10B040007B681B6822F48062DA607B689B6A184622
:10B0500008F02BFC1EE07B681B68DA687B681B68C5
:10B0600022F40062DA607B68DB6A184608F01DFC97
:10B0700010E07B681B68DA687B681B6822F48052EA
:10B08000DA607B681B6B184608F00FFC02E00123B6
:10B09000FB7300BFFB7B002B4FD17B681B681A6AD8
:10B0A00041F211131340002B0FD17B681B681A6A01
:10B0B00040F244431340002B07D17B681B681A6899
:10B0C0007B681B6822F001021A603B68002B04D1E8
:10B0D0007B68012283F83E2013E03B68042B04D1F7
:10B0E0007B68012283F83F200BE03B68082B04D1EA
:10B0F0007B68012283F8402003E07B68012283F80B
:10B1000041203B68002B04D17B68012283F8422058
:10B1100013E03B68042B04D17B68012283F84320B1
:10B120000BE03B68082B04D17B68012283F84420A4
:10B1300003E07B68012283F84520FB7B184610372B
:10B14000BD4680BD80B582B000AF786039607B6855
:10B15000002B01D1012341E07B6893F83D30DBB245
:10B16000002B06D17B68002283F83C20786800F031
:10B170007DF87B68022283F83D207B681A687B6833
:10B1800004331946104602F043FC7B681B681A68BA
:10B190007B681B6822F008021A607B681B681968CC
:10B1A0007B681B683A680A431A607B68012283F84F
:10B1B00046207B68012283F83E207B68012283F8C9
:10B1C0003F207B68012283F842207B68012283F8BC
:10B1D00043207B68012283F83D200023184608376E
:10B1E000BD4680BD80B582B000AF78607B6802222A
:10B1F00083F83D207B681B681A6A41F211131340E3
:10B20000002B0FD17B681B681A6A40F2444313403D
:10B21000002B07D17B681B681A687B681B6822F0CB
:10B2200001021A60786800F02AF87B68002283F82F
:10B2300046207B68002283F83E207B68002283F84A
:10B240003F207B68002283F842207B68002283F83D
:10B2500043207B68002283F83D207B68002283F82E
:10B260003C20002318460837BD4680BD80B483B01B
:10B2700000AF786000BF0C37BD4680BC704780B41B
:10B2800083B000AF786000BF0C37BD4680BC70470C
:10B2900080B584B000AF786039607B6893F83E3049
:10B2A000FB737B6893F83F30BB737B6893F8423045
:10B2B0007B737B6893F843303B73FB7B012B08D196
:10B2C000BB7B012B05D17B7B012B02D13B7B012B6F
:10B2D00001D0012335E07B68022283F83E207B68A1
:10B2E000022283F83F207B68022283F842207B6899
:10B2F000022283F843207B681B6801220021184644
:10B3000003F029F87B681B6801220421184603F02A
:10B3100022F87B681B680D4A934204D07B681B6847
:10B320000B4A934201D1012300E00023002B07D0F8
:10B330007B681B685A6C7B681B6842F400425A6445
:10B34000002318461037BD4680BD00BF00000140F5
:10B350000004014080B582B000AF786039607B683E
:10B360001B6800220021184602F0F5FF7B681B686D
:10B3700000220421184602F0EEFF7B681B68294A70
:10B38000934204D07B681B68274A934201D1012372
:10B3900000E00023002B17D07B681B681A6A41F27B
:10B3A00011131340002B0FD17B681B681A6A40F2FF
:10B3B00044431340002B07D17B681B685A6C7B68A1
:10B3C0001B6822F400425A647B681B681A6A41F2C7
:10B3D00011131340002B0FD17B681B681A6A40F2CF
:10B3E00044431340002B07D17B681B681A687B68B5
:10B3F0001B6822F001021A607B68012283F83E205C
:10B400007B68012283F83F207B68012283F8422079
:10B410007B68012283F84320002318460837BD4685
:10B4200080BD00BF000001400004014080B584B031
:10B4300000AF786039607B6893F83E30FB737B68BF
:10B4400093F83F30BB737B6893F842307B737B6823
:10B4500093F843303B73FB7B012B08D1BB7B012B63
:10B4600005D17B7B012B02D13B7B012B01D001233A
:10B4700045E07B68022283F83E207B68022283F845
:10B480003F207B68022283F842207B68022283F8F7
:10B4900043207B681B68DA687B681B6842F0020205
:10B4A000DA607B681B68DA687B681B6842F004021C
:10B4B000DA607B681B6801220021184602F04BFF0E
:10B4C0007B681B6801220421184602F044FF7B6858
:10B4D0001B680D4A934204D07B681B680B4A934259
:10B4E00001D1012300E00023002B07D07B681B68FB
:10B4F0005A6C7B681B6842F400425A640023184669
:10B500001037BD4680BD00BF00000140000401406F
:10B5100080B582B000AF786039607B681B68DA68FC
:10B520007B681B6822F00202DA607B681B68DA68BD
:10B530007B681B6822F00402DA607B681B680022CB
:10B540000021184602F007FF7B681B6800220421D7
:10B55000184602F000FF7B681B68294A934204D01A
:10B560007B681B68274A934201D1012300E0002336
:10B57000002B17D07B681B681A6A41F21113134025
:10B58000002B0FD17B681B681A6A40F244431340BA
:10B59000002B07D17B681B685A6C7B681B6822F400
:10B5A00000425A647B681B681A6A41F21113134007
:10B5B000002B0FD17B681B681A6A40F2444313408A
:10B5C000002B07D17B681B681A687B681B6822F018
:10B5D00001021A607B68012283F83E207B68012209
:10B5E00083F83F207B68012283F842207B68012298
:10B5F00083F84320002318460837BD4680BD00BFAE
:10B60000000001400004014080B586B000AF7860C2
:10B6100039607B68002B01D1012397E07B6893F8A8
:10B620003D30DBB2002B06D17B68002283F83C2042
:10B63000786800F0D3F87B68022283F83D207B68AD
:10B640001B689B687A68126823F4804323F0070321
:10B6500093607B681A687B6804331946104602F0D1
:10B66000D7F97B681B689B687B617B681B689B695B
:10B670003B617B681B681B6AFB603B681B687A69DF
:10B6800013437B613B6923F4407323F003033B6165
:10B690003B689A683B689B691B0213433A691343F2
:10B6A0003B613B6923F4406323F00C033B613B693E
:10B6B00023F4704323F0F0033B613B68DA683B6896
:10B6C000DB691B0213433A6913433B613B681B6907
:10B6D0001A013B681B6A1B0313433A6913433B611E
:10B6E000FB6823F02203FB60FB6823F08803FB6008
:10B6F0003B685A683B685B691B011343FA68134354
:10B70000FB607B681B687A699A607B681B683A6992
:10B710009A617B681B68FA681A627B68012283F869
:10B7200046207B68012283F83E207B68012283F853
:10B730003F207B68012283F842207B68012283F846
:10B7400043207B68012283F83D20002318461837E8
:10B75000BD4680BD80B582B000AF78607B680222B4
:10B7600083F83D207B681B681A6A41F2111313406D
:10B77000002B0FD17B681B681A6A40F244431340C8
:10B78000002B07D17B681B681A687B681B6822F056
:10B7900001021A60786800F02AF87B68002283F8BA
:10B7A00046207B68002283F83E207B68002283F8D5
:10B7B0003F207B68002283F842207B68002283F8C8
:10B7C00043207B68002283F83D207B68002283F8B9
:10B7D0003C20002318460837BD4680BD80B483B0A6
:10B7E00000AF786000BF0C37BD4680BC704780B4A6
:10B7F00083B000AF786000BF0C37BD4680BC704797
:10B8000080B584B000AF786039607B6893F83E30D3
:10B81000FB737B6893F83F30BB737B6893F84230CF
:10B820007B737B6893F843303B733B68002B10D1EC
:10B83000FB7B012B02D17B7B012B01D0012369E033
:10B840007B68022283F83E207B68022283F8422034
:10B8500031E03B68042B10D1BB7B012B02D13B7B39
:10B86000012B01D0012355E07B68022283F83F20A1
:10B870007B68022283F843201DE0FB7B012B08D16B
:10B88000BB7B012B05D17B7B012B02D13B7B012BA9
:10B8900001D001233EE07B68022283F83E207B68D2
:10B8A000022283F83F207B68022283F842207B68D3
:10B8B000022283F843203B68002B03D03B68042B13
:10B8C00008D00FE07B681B6801220021184602F0B7
:10B8D00042FD16E07B681B6801220421184602F035
:10B8E0003AFD0EE07B681B6801220021184602F039
:10B8F00032FD7B681B6801220421184602F02BFDF3
:10B9000000BF7B681B681A687B681B6842F00102F5
:10B910001A60002318461037BD4680BD80B582B03E
:10B9200000AF786039603B68002B03D03B68042B84
:10B9300008D00FE07B681B6800220021184602F047
:10B940000AFD16E07B681B6800220421184602F0FD
:10B9500002FD0EE07B681B6800220021184602F001
:10B96000FAFC7B681B6800220421184602F0F3FCF5
:10B9700000BF7B681B681A6A41F211131340002B49
:10B980000FD17B681B681A6A40F244431340002BB6
:10B9900007D17B681B681A687B681B6822F001026C
:10B9A0001A603B68002B02D03B68042B38D13B68FF
:10B9B000002B04D17B68012283F83E2013E03B6812
:10B9C000042B04D17B68012283F83F200BE03B6805
:10B9D000082B04D17B68012283F8402003E07B68B8
:10B9E000012283F841203B68002B04D17B680122AF
:10B9F00083F8422024E03B68042B04D17B680122B9
:10BA000083F843201CE03B68082B04D17B680122AB
:10BA100083F8442014E07B68012283F845200FE07E
:10BA20007B68012283F83E207B68012283F83F2057
:10BA30007B68012283F842207B68012283F843203F
:10BA4000002318460837BD4680BD80B584B000AFDE
:10BA5000786039607B6893F83E30FB737B6893F8BD
:10BA60003F30BB737B6893F842307B737B6893F8FD
:10BA700043303B733B68002B10D1FB7B012B02D181
:10BA80007B7B012B01D0012389E07B68022283F8B4
:10BA90003E207B68022283F8422031E03B68042B81
:10BAA00010D1BB7B012B02D13B7B012B01D00123A9
:10BAB00075E07B68022283F83F207B68022283F8CE
:10BAC00043201DE0FB7B012B08D1BB7B012B05D163
:10BAD0007B7B012B02D13B7B012B01D001235EE05C
:10BAE0007B68022283F83E207B68022283F83F2095
:10BAF0007B68022283F842207B68022283F843207D
:10BB00003B68002B03D03B68042B10D01FE07B6800
:10BB10001B6801220021184602F01DFC7B681B688F
:10BB2000DA687B681B6842F00202DA602EE07B680C
:10BB30001B6801220421184602F00DFC7B681B687B
:10BB4000DA687B681B6842F00402DA601EE07B68FA
:10BB50001B6801220021184602F0FDFB7B681B6870
:10BB600001220421184602F0F6FB7B681B68DA68A4
:10BB70007B681B6842F00202DA607B681B68DA6847
:10BB80007B681B6842F00402DA6000BF7B681B68B8
:10BB90001A687B681B6842F001021A60002318468D
:10BBA0001037BD4680BD80B582B000AF7860396087
:10BBB0003B68002B0FD17B681B68002200211846D0
:10BBC00002F0C9FB7B681B68DA687B681B6822F09F
:10BBD0000202DA6030E03B68042B0FD17B681B68FF
:10BBE00000220421184602F0B6FB7B681B68DA6865
:10BBF0007B681B6822F00402DA601DE07B681B682A
:10BC000000220021184602F0A6FB7B681B68002278
:10BC10000421184602F09FFB7B681B68DA687B688A
:10BC20001B6822F00202DA607B681B68DA687B68B6
:10BC30001B6822F00402DA607B681B681A6A41F212
:10BC400011131340002B0FD17B681B681A6A40F256
:10BC500044431340002B07D17B681B681A687B683C
:10BC60001B6822F001021A603B68002B02D03B687F
:10BC7000042B38D13B68002B04D17B68012283F868
:10BC80003E2013E03B68042B04D17B68012283F83B
:10BC90003F200BE03B68082B04D17B68012283F82E
:10BCA000402003E07B68012283F841203B68002BA1
:10BCB00004D17B68012283F8422024E03B68042BF6
:10BCC00004D17B68012283F843201CE03B68082BE9
:10BCD00004D17B68012283F8442014E07B680122B0
:10BCE00083F845200FE07B68012283F83E207B68C3
:10BCF000012283F83F207B68012283F842207B6881
:10BD0000012283F84320002318460837BD4680BD32
:10BD100080B586B000AFF860B9607A603B60FB68C0
:10BD200093F83E30FB75FB6893F83F30BB75FB68BA
:10BD300093F842307B75FB6893F843303B75BB68E2
:10BD4000002B20D1FB7D022B02D07B7D022B01D169
:10BD500002233FE1FB7D012B13D17B7D012B10D111
:10BD60007B68002B02D03B8C002B01D1012331E1F9
:10BD7000FB68022283F83E20FB68022283F84220FF
:10BD80005DE0012326E1BB68042B20D1BB7D022BA3
:10BD900002D03B7D022B01D102231BE1BB7D012B95
:10BDA00013D13B7D012B10D13B68002B02D03B8C83
:10BDB000002B01D101230DE1FB68022283F83F2013
:10BDC000FB68022283F8432039E0012302E1FB7D76
:10BDD000022B08D0BB7D022B05D07B7D022B02D02D
:10BDE0003B7D022B01D10223F4E0FB7D012B24D10A
:10BDF000BB7D012B21D17B7D012B1ED13B7D012BF6
:10BE00001BD17B68002B05D03B68002B02D03B8CFC
:10BE1000002B01D10123DDE0FB68022283F83E20E4
:10BE2000FB68022283F83F20FB68022283F842204D
:10BE3000FB68022283F8432001E00123CAE0BB68CB
:10BE4000002B03D0BB68042B33D065E0FB685B6A32
:10BE5000624ADA63FB685B6A614A1A64FB685B6A80
:10BE6000604ADA64FB68586AFB681B683433194619
:10BE70007A683B8C07F051FC0346002B01D001236C
:10BE8000A8E0FB681B68DA68FB681B6842F4007274
:10BE9000DA60FB681B6801220021184602F05BFA99
:10BEA000FB681B681A68FB681B6842F001021A6095
:10BEB0008FE0FB689B6A494ADA63FB689B6A484AE1
:10BEC0001A64FB689B6A474ADA64FB68986AFB68F5
:10BED0001B68383319463A683B8C07F01EFC034652
:10BEE000002B01D0012375E0FB681B68DA68FB6852
:10BEF0001B6842F48062DA60FB681B68012204213F
:10BF0000184602F028FAFB681B681A68FB681B6871
:10BF100042F001021A605CE0FB685B6A2F4ADA6358
:10BF2000FB685B6A2E4A1A64FB685B6A2D4ADA6416
:10BF3000FB68586AFB681B68343319467A683B8C87
:10BF400007F0EBFB0346002B01D0012342E0FB6826
:10BF50009B6A224ADA63FB689B6A214A1A64FB687F
:10BF60009B6A204ADA64FB68986AFB681B6838336E
:10BF700019463A683B8C07F0D0FB0346002B01D0F2
:10BF8000012327E0FB681B68DA68FB681B6842F442
:10BF90000072DA60FB681B68DA68FB681B6842F4B1
:10BFA0008062DA60FB681B6801220021184602F0FB
:10BFB000D2F9FB681B6801220421184602F0CBF974
:10BFC000FB681B681A68FB681B6842F001021A6074
:10BFD00000BF002318461837BD4680BD4DD8000865
:10BFE00015D90008ABD6000880B582B000AF7860E4
:10BFF00039603B68002B14D17B681B68002200214C
:10C00000184602F0A8F97B681B68DA687B681B6831
:10C0100022F40072DA607B685B6A184607F045FC20
:10C020003FE03B68042B14D17B681B68002204218D
:10C03000184602F090F97B681B68DA687B681B6819
:10C0400022F48062DA607B689B6A184607F02DFC58
:10C0500027E07B681B6800220021184602F07BF96C
:10C060007B681B6800220421184602F074F97B6883
:10C070001B68DA687B681B6822F40072DA607B68F0
:10C080001B68DA687B681B6822F48062DA607B6870
:10C090005B6A184607F009FC7B689B6A184607F044
:10C0A00004FC7B681B681A6A41F211131340002BD1
:10C0B0000FD17B681B681A6A40F244431340002B7F
:10C0C00007D17B681B681A687B681B6822F0010235
:10C0D0001A603B68002B02D03B68042B38D13B68C8
:10C0E000002B04D17B68012283F83E2013E03B68DB
:10C0F000042B04D17B68012283F83F200BE03B68CE
:10C10000082B04D17B68012283F8402003E07B6880
:10C11000012283F841203B68002B04D17B68012277
:10C1200083F8422024E03B68042B04D17B68012281
:10C1300083F843201CE03B68082B04D17B68012274
:10C1400083F8442014E07B68012283F845200FE047
:10C150007B68012283F83E207B68012283F83F2020
:10C160007B68012283F842207B68012283F8432008
:10C17000002318460837BD4680BD80B584B000AFA7
:10C1800078607B681B68DB68FB607B681B681B69E9
:10C19000BB60BB6803F00203002B20D0FB6803F0F8
:10C1A0000203002B1BD07B681B686FF002021A6130
:10C1B0007B6801221A777B681B689B6903F0030385
:10C1C000002B03D0786801F0A4F905E0786801F04D
:10C1D00097F9786801F0AFF97B6800221A77BB689D
:10C1E00003F00403002B20D0FB6803F00403002BB2
:10C1F0001BD07B681B686FF004021A617B68022207
:10C200001A777B681B689B6903F44073002B03D08B
:10C21000786801F07EF905E0786801F071F97868D6
:10C2200001F089F97B6800221A77BB6803F00803E4
:10C23000002B20D0FB6803F00803002B1BD07B6889
:10C240001B686FF008021A617B6804221A777B680A
:10C250001B68DB6903F00303002B03D0786801F04F
:10C2600058F905E0786801F04BF9786801F063F956
:10C270007B6800221A77BB6803F01003002B20D0E4
:10C28000FB6803F01003002B1BD07B681B686FF06A
:10C2900010021A617B6808221A777B681B68DB69C9
:10C2A00003F44073002B03D0786801F032F905E005
:10C2B000786801F025F9786801F03DF97B68002283
:10C2C0001A77BB6803F00103002B0CD0FB6803F066
:10C2D0000103002B07D07B681B686FF001021A6115
:10C2E00078680FF09FFABB6803F08003002B0CD036
:10C2F000FB6803F08003002B07D07B681B686FF09E
:10C3000080021A61786804F014F9BB6803F04003F6
:10C31000002B0CD0FB6803F04003002B07D07B6898
:10C320001B686FF040021A61786801F016F9BB686B
:10C3300003F02003002B0CD0FB6803F02003002B3C
:10C3400007D07B681B686FF020021A61786804F0E0
:10C35000DEF800BF1037BD4680BD80B586B000AFA7
:10C36000F860B9607A600023FB75FB6893F83C3095
:10C37000012B01D102233AE0FB68012283F83C2023
:10C380007B680C2B24D07B680C2B28D87B68082B6F
:10C3900017D07B68082B22D87B68002B03D07B68E2
:10C3A000042B07D01BE0FB681B68B968184601F036
:10C3B000D9FB17E0FB681B68B968184601F042FC1E
:10C3C00010E0FB681B68B968184601F0AFFC09E093
:10C3D000FB681B68B968184601F01CFD02E00123E8
:10C3E000FB7500BFFB68002283F83C20FB7D1846EC
:10C3F0001837BD4680BD80B586B000AFF860B96023
:10C400007A600023FB75FB6893F83C30012B01D167
:10C41000022388E0FB68012283F83C207B68002B24
:10C420001BD1FB681868BB681968BB685A68BB6891
:10C43000DB6801F0D4FDFB681B689A69FB681B6828
:10C4400022F00C029A61FB681B689969BB689A68C4
:10C45000FB681B680A439A6160E07B68042B1CD16F
:10C46000FB681868BB681968BB685A68BB68DB68FA
:10C4700001F056FEFB681B689A69FB681B6822F492
:10C4800040629A61FB681B689969BB689B681A02E5
:10C49000FB681B680A439A6140E07B68082B1BD14C
:10C4A000FB681868BB681968BB685A68BB68DB68BA
:10C4B00001F0A1FEFB681B68DA69FB681B6822F0CB
:10C4C0000C02DA61FB681B68D969BB689A68FB6873
:10C4D0001B680A43DA6121E07B680C2B1CD1FB68E6
:10C4E0001868BB681968BB685A68BB68DB6801F0EC
:10C4F000BDFEFB681B68DA69FB681B6822F44062BA
:10C50000DA61FB681B68D969BB689B681A02FB6823
:10C510001B680A43DA6101E00123FB75FB68002216
:10C5200083F83C20FB7D18461837BD4680BD80B59A
:10C5300086B000AFF860B9607A600023FB75FB68D5
:10C5400093F83C30012B01D10223A2E0FB680122C9
:10C5500083F83C207B680C2B72D07B680C2B00F29C
:10C5600090807B68082B4BD07B68082B00F2898079
:10C570007B68002B03D07B68042B20D081E0FB6814
:10C580001B68B968184601F0EDFAFB681B689A69E8
:10C59000FB681B6842F008029A61FB681B689A6995
:10C5A000FB681B6822F004029A61FB681B689969AA
:10C5B000BB681A69FB681B680A439A6164E0FB6800
:10C5C0001B68B968184601F03DFBFB681B689A6957
:10C5D000FB681B6842F400629A61FB681B689A69F9
:10C5E000FB681B6822F480629A61FB681B6899698A
:10C5F000BB681B691A02FB681B680A439A6143E027
:10C60000FB681B68B968184601F090FBFB681B6863
:10C61000DA69FB681B6842F00802DA61FB681B6894
:10C62000DA69FB681B6822F00402DA61FB681B68A8
:10C63000D969BB681A69FB681B680A43DA6123E0A1
:10C64000FB681B68B968184601F0E4FBFB681B68CF
:10C65000DA69FB681B6842F40062DA61FB681B68F8
:10C66000DA69FB681B6822F48062DA61FB681B6888
:10C67000D969BB681B691A02FB681B680A43DA6147
:10C6800002E00123FB7500BFFB68002283F83C2019
:10C69000FB7D18461837BD4680BD80B58CB000AF15
:10C6A000F860B9607A603B60002387F82F307A68C1
:10C6B0003B689A4200F0BE80FB6893F83C30012B47
:10C6C00001D10223B7E0FB68012283F83C20FB681C
:10C6D000022283F83D20BB681B683B61BB685B6836
:10C6E0007B61BB689B68BB61BB68DB68FB61BB6847
:10C6F0001B697B62BB685B69BB627B68002B03D0F4
:10C700007B68042B09D011E0FB681B6807F110025D
:10C710001146184601F026FA0CE0FB681B6807F189
:10C7200010021146184601F08DFA03E0012387F844
:10C730002F3000BF97F82F30002B70D13B68002BB3
:10C7400003D03B68042B33D065E0FB681868BB68F6
:10C750009969BB68DA69BB681B6A01F040FCFB6839
:10C760001B689A69FB681B6822F00C029A61FB68DF
:10C770001B689A68FB681B6822F070029A60FB686D
:10C780001B689A68FB681B6842F050029A60FB685D
:10C790001B689A68FB681B6822F007029A60FB68B6
:10C7A0001B689A68FB681B6842F006029A6036E0D4
:10C7B000FB681868BB689969BB68DA69BB681B6A63
:10C7C00001F0AEFCFB681B689A69FB681B6822F4E9
:10C7D00040629A61FB681B689A68FB681B6822F0DC
:10C7E00070029A60FB681B689A68FB681B6842F0DD
:10C7F00060029A60FB681B689A68FB681B6822F0FD
:10C8000007029A60FB681B689A68FB681B6842F025
:10C8100006029A6003E0012387F82F3000BFFB680F
:10C82000012283F83D20FB68002283F83C2097F822
:10C830002F3000E0012318463037BD4680BD80B55B
:10C8400088B002AFF860B9607A603B603B6A1B0A4F
:10C85000013301933B6A00933B687A68B968F868D2
:10C8600000F007F80346FB75FB7D18461837BD46F8
:10C8700080BD80B586B000AFF860B9607A603B607B
:10C880000023FB75FB6893F84630DBB2022B01D125
:10C8900002232BE1FB6893F84630DBB2012B0BD16E
:10C8A0003B68002B04D13B6A002B01D001231DE122
:10C8B000FB68022283F846207B68B3F5804F00F0C6
:10C8C000D8807B68B3F5804F00F2EE807B68B3F5CB
:10C8D000005F00F0B3807B68B3F5005F00F2E48096
:10C8E0007B68B3F5805F00F08E807B68B3F5805F76
:10C8F00000F2DA807B68B3F5006F69D07B68B3F52E
:10C90000006F00F2D1807B68B3F5806F45D07B6803
:10C91000B3F5806F00F2C8807B68B3F5807F04D0E8
:10C920007B68B3F5007F1CD0BEE0FB681B6A714AD0
:10C93000DA63FB681B6A704A1A64FB681B6A6F4AF9
:10C94000DA64FB68186A3968FB681B684C331A465E
:10C950007B6A06F0E2FE0346002B00F0A88001236C
:10C96000C4E0FB685B6A664ADA63FB685B6A654A37
:10C970001A64FB685B6A614ADA64FB68586A396862
:10C98000FB681B684C331A467B6A06F0C6FE0346FA
:10C99000002B00F08E800123A8E0FB689B6A584AB8
:10C9A000DA63FB689B6A574A1A64FB689B6A534ABE
:10C9B000DA64FB68986A3968FB681B684C331A466E
:10C9C0007B6A06F0AAFE0346002B74D001238DE09B
:10C9D000FB68DB6A4A4ADA63FB68DB6A494A1A6425
:10C9E000FB68DB6A454ADA64FB68D86A3968FB6829
:10C9F0001B684C331A467B6A06F08FFE0346002BF9
:10CA00005BD0012372E0FB681B6B3D4ADA63FB6875
:10CA10001B6B3C4A1A64FB681B6B384ADA64FB6880
:10CA2000186B3968FB681B684C331A467B6A06F042
:10CA300074FE0346002B42D0012357E0FB685B6B7A
:10CA4000314ADA63FB685B6B304A1A64FB685B6BE4
:10CA50002A4ADA64FB68586B3968FB681B684C33F8
:10CA60001A467B6A06F059FE0346002B29D00123A3
:10CA70003CE0FB689B6B264ADA63FB689B6B254AAC
:10CA80001A64FB689B6B1D4ADA64FB68986B396813
:10CA9000FB681B684C331A467B6A06F03EFE034671
:10CAA000002B10D0012321E00123FB750CE000BF17
:10CAB0000AE000BF08E000BF06E000BF04E000BFDE
:10CAC00002E000BF00E000BFFB7D002B0DD1FB6842
:10CAD0001B68B9683A6A0A439A64FB681B68D9689C
:10CAE000FB681B687A680A43DA60FB7D18461837D2
:10CAF000BD4680BD7DD90008ABD90008ABD6000883
:10CB00003DD70008E5D70008AD050108D1050108AB
:10CB1000C7D90008F5D9000880B584B000AF7860A7
:10CB200039600023FB733B68B3F5804F50D03B68FE
:10CB3000B3F5804F52D83B68B3F5005F42D03B68F5
:10CB4000B3F5005F4AD83B68B3F5805F34D03B68EB
:10CB5000B3F5805F42D83B68B3F5006F26D03B68E1
:10CB6000B3F5006F3AD83B68B3F5806F18D03B68D7
:10CB7000B3F5806F32D83B68B3F5807F04D03B6853
:10CB8000B3F5007F06D029E07B681B6A184606F0E3
:10CB90008CFE26E07B685B6A184606F086FE20E085
:10CBA0007B689B6A184606F080FE1AE07B68DB6AA9
:10CBB000184606F07AFE14E07B681B6B184606F0F8
:10CBC00074FE0EE07B685B6B184606F06EFE08E0B4
:10CBD0007B689B6B184606F068FE02E00123FB733E
:10CBE00000BFFB7B002B0CD17B681B68D9683B68BE
:10CBF000DA437B681B680A40DA607B68012283F8AD
:10CC00004620FB7B18461037BD4680BD80B588B0F6
:10CC100002AFF860B9607A603B603B6A1B0A01337F
:10CC200001933B6A00933B687A68B968F86800F042
:10CC300007F80346FB75FB7D18461837BD4680BDD7
:10CC400080B586B000AFF860B9607A603B600023C1
:10CC5000FB75FB6893F84630DBB2022B01D102234F
:10CC60002BE1FB6893F84630DBB2012B0BD13B681C
:10CC7000002B04D13B6A002B01D001231DE1FB688E
:10CC8000022283F846207B68B3F5804F00F0D880FD
:10CC90007B68B3F5804F00F2EE807B68B3F5005FF0
:10CCA00000F0B3807B68B3F5005F00F2E4807B683E
:10CCB000B3F5805F00F08E807B68B3F5805F00F293
:10CCC000DA807B68B3F5006F69D07B68B3F5006FDD
:10CCD00000F2D1807B68B3F5806F45D07B68B3F5F7
:10CCE000806F00F2C8807B68B3F5807F04D07B68DA
:10CCF000B3F5007F1CD0BEE0FB681B6A714ADA63A3
:10CD0000FB681B6A704A1A64FB681B6A6F4ADA6424
:10CD1000FB68186AFB681B684C3319463A687B6AE3
:10CD200006F0FBFC0346002B00F0A8800123C4E0C2
:10CD3000FB685B6A664ADA63FB685B6A654A1A6489
:10CD4000FB685B6A614ADA64FB68586AFB681B68C7
:10CD50004C3319463A687B6A06F0DFFC0346002B29
:10CD600000F08E800123A8E0FB689B6A584ADA63D2
:10CD7000FB689B6A574A1A64FB689B6A534ADA64E9
:10CD8000FB68986AFB681B684C3319463A687B6AF3
:10CD900006F0C3FC0346002B74D001238DE0FB6832
:10CDA000DB6A4B4ADA63FB68DB6A4A4A1A64FB684F
:10CDB000DB6A464ADA64FB68D86AFB681B684C3356
:10CDC00019463A687B6A06F0A8FC0346002B5BD044
:10CDD000012372E0FB681B6B3D4ADA63FB681B6B47
:10CDE0003C4A1A64FB681B6B384ADA64FB68186BB0
:10CDF000FB681B684C3319463A687B6A06F08DFC69
:10CE00000346002B42D0012357E0FB685B6B324A9C
:10CE1000DA63FB685B6B314A1A64FB685B6B2B4A15
:10CE2000DA64FB68586BFB681B684C3319463A6838
:10CE30007B6A06F072FC0346002B29D001233CE0FC
:10CE4000FB689B6B264ADA63FB689B6B254A1A6476
:10CE5000FB689B6B1D4ADA64FB68986BFB681B6878
:10CE60004C3319463A687B6A06F057FC0346002BA0
:10CE700010D0012321E00123FB750CE000BF0AE084
:10CE800000BF08E000BF06E000BF04E000BF02E012
:10CE900000BF00E000BFFB7D002B0DD1FB681B68CD
:10CEA000B9683A6A0A439A64FB681B68D968FB68E8
:10CEB0001B687A680A43DA60FB7D18461837BD465E
:10CEC00080BD00BF7DD90008ABD90008ABD60008F3
:10CED0004DD8000815D90008AD050108D105010895
:10CEE000C7D90008F5D9000880B584B000AF7860D4
:10CEF00039600023FB733B68B3F5804F50D03B682B
:10CF0000B3F5804F52D83B68B3F5005F42D03B6821
:10CF1000B3F5005F4AD83B68B3F5805F34D03B6817
:10CF2000B3F5805F42D83B68B3F5006F26D03B680D
:10CF3000B3F5006F3AD83B68B3F5806F18D03B6803
:10CF4000B3F5806F32D83B68B3F5807F04D03B687F
:10CF5000B3F5007F06D029E07B681B6A184606F00F
:10CF6000A4FC26E07B685B6A184606F09EFC20E085
:10CF70007B689B6A184606F098FC1AE07B68DB6ABF
:10CF8000184606F092FC14E07B681B6B184606F00E
:10CF90008CFC0EE07B685B6B184606F086FC08E0B4
:10CFA0007B689B6B184606F080FC02E00123FB7354
:10CFB00000BFFB7B002B0CD17B681B68D9683B68EA
:10CFC000DA437B681B680A40DA607B68012283F8D9
:10CFD0004620FB7B18461037BD4680BD80B483B029
:10CFE00000AF786039607B6893F83C30012B01D149
:10CFF000022314E07B68012283F83C207B68022234
:10D0000083F83D207B681B683A685A617B6801227F
:10D0100083F83D207B68002283F83C2000231846DB
:10D020000C37BD4680BC704780B586B000AFF86055
:10D03000B9607A600023FB75FB6893F83C30012BE4
:10D0400001D10223ABE0FB68012283F83C20FB689E
:10D05000022283F83D20BB685B68002B02D0012BC5
:10D0600009D021E0FB681B689A68FB681B6822F402
:10D070007F429A601BE0BB68DB68002B09D0FB682D
:10D08000012283F83D20FB68002283F83C20012325
:10D0900085E0FB681868BB68D968BB689A68BB689C
:10D0A0001B6901F039F902E00123FB7500BFFB7D2C
:10D0B000002B6BD17B680C2B51D07B680C2B64D878
:10D0C0007B68082B35D07B68082B5ED87B68002BEB
:10D0D00003D07B68042B16D057E0BB681B68002B7D
:10D0E00008D0FB681B689A69FB681B6842F08002E5
:10D0F0009A614BE0FB681B689A69FB681B6822F029
:10D1000080029A6142E0BB681B68002B08D0FB6874
:10D110001B689A69FB681B6842F400429A6135E01B
:10D12000FB681B689A69FB681B6822F400429A61DD
:10D130002CE0BB681B68002B08D0FB681B68DA6911
:10D14000FB681B6842F08002DA611FE0FB681B6825
:10D15000DA69FB681B6822F08002DA6116E0BB68BE
:10D160001B68002B08D0FB681B68DA69FB681B682A
:10D1700042F40042DA6109E0FB681B68DA69FB6887
:10D180001B6822F40042DA6100E000BFFB68012264
:10D1900083F83D20FB68002283F83C20FB7D184685
:10D1A0001837BD4680BD80B584B000AF7860396067
:10D1B0000023FB737B6893F83C30012B01D10223E1
:10D1C000B4E07B68012283F83C207B68022283F86C
:10D1D0003D207B681B689B68BB60BB6823F07703BE
:10D1E000BB60BB6823F47F43BB607B681B68BA6885
:10D1F0009A603B681B68B3F5005F3ED0B3F5005FF3
:10D2000000F28780B3F5805F00F08680B3F5805F21
:10D210007FD8702B1AD0702B7BD8602B50D0602B0E
:10D2200077D8502B3CD0502B73D8402B58D0402B64
:10D230006FD8302B64D0302B6BD8202B60D0202BB4
:10D2400067D8002B5CD0102B5AD062E07B6818683E
:10D250003B6899683B685A683B68DB6801F05CF89A
:10D260007B681B689B68BB60BB6843F07703BB604F
:10D270007B681B68BA689A604FE07B6818683B68F7
:10D2800099683B685A683B68DB6801F045F87B6841
:10D290001B689A687B681B6842F480429A603CE095
:10D2A0007B6818683B6859683B68DB681A4600F081
:10D2B00009FF7B681B685021184601F013F82CE029
:10D2C0007B6818683B6859683B68DB681A4600F061
:10D2D00063FF7B681B686021184601F003F81CE0BF
:10D2E0007B6818683B6859683B68DB681A4600F041
:10D2F000E9FE7B681B684021184600F0F3FF0CE054
:10D300007B681A683B681B681946104600F0EAFF04
:10D3100003E00123FB7300E000BF7B68012283F878
:10D320003D207B68002283F83C20FB7B18461037A9
:10D33000BD4680BD80B485B000AF786039607B6841
:10D340001B685B68FB60FB6823F08003FB60FA6886
:10D350003B681343FB607B681B68FA685A600023D4
:10D3600018461437BD4680BC704780B582B000AF08
:10D37000786039607B6893F83C30012B01D102233F
:10D3800031E07B68012283F83C207B68022283F82D
:10D390003D203968786800F091FD0346002B09D0E4
:10D3A0007B68012283F83D207B68002283F83C20C3
:10D3B000012318E07B681B68DA687B681B6822F031
:10D3C0004002DA607B681B68DA687B681B6822F4BD
:10D3D0008042DA607B68012283F83D207B6800226E
:10D3E00083F83C20002318460837BD4680BD80B531
:10D3F00082B000AF786039607B6893F83C30012BD5
:10D4000001D1022331E07B68012283F83C207B6854
:10D41000022283F83D203968786800F04FFD03460A
:10D42000002B09D07B68012283F83D207B68002215
:10D4300083F83C20012318E07B681B68DA687B686E
:10D440001B6842F04002DA607B681B68DA687B6820
:10D450001B6822F48042DA607B68012283F83D2059
:10D460007B68002283F83C20002318460837BD461D
:10D4700080BD80B485B000AF786039600023FB6068
:10D480003B680C2B1ED03B680C2B20D83B68082B2C
:10D4900013D03B68082B1AD83B68002B03D03B689D
:10D4A000042B05D013E07B681B685B6BFB600FE00F
:10D4B0007B681B689B6BFB600AE07B681B68DB6B0F
:10D4C000FB6005E07B681B681B6CFB6000E000BF35
:10D4D000FB6818461437BD4680BC704780B483B0E3
:10D4E00000AF786000BF0C37BD4680BC704780B489
:10D4F00083B000AF786000BF0C37BD4680BC70477A
:10D5000080B483B000AF786000BF0C37BD4680BCEC
:10D51000704780B483B000AF786000BF0C37BD4661
:10D5200080BC704780B483B000AF786000BF0C3718
:10D53000BD4680BC704780B483B000AF786000BF48
:10D540000C37BD4680BC704780B483B000AF7860B4
:10D5500000BF0C37BD4680BC704780B483B000AFBD
:10D56000786000BF0C37BD4680BC704780B483B084
:10D5700000AF786000BF0C37BD4680BC704780B4F8
:10D5800083B000AF786000BF0C37BD4680BC7047E9
:10D5900080B483B000AF78607B6893F83D30DBB235
:10D5A00018460C37BD4680BC704780B483B000AFCE
:10D5B00078607B6893F83D30DBB218460C37BD4687
:10D5C00080BC704780B483B000AF78607B6893F80C
:10D5D0003D30DBB218460C37BD4680BC704780B486
:10D5E00083B000AF78607B6893F83D30DBB21846BB
:10D5F0000C37BD4680BC704780B483B000AF786004
:10D600007B6893F83D30DBB218460C37BD4680BCD2
:10D61000704780B483B000AF78607B6893F83D308A
:10D62000DBB218460C37BD4680BC704780B483B06F
:10D6300000AF78607B681B7F18460C37BD4680BC06
:10D64000704780B485B000AF786039603B68002BCC
:10D6500004D17B6893F83E30FB7313E03B68042BE6
:10D6600004D17B6893F83F30FB730BE03B68082BD9
:10D6700004D17B6893F84030FB7303E07B6893F838
:10D680004130FB73FB7B18461437BD4680BC7047A6
:10D6900080B483B000AF78607B6893F84630DBB22B
:10D6A00018460C37BD4680BC704780B584B000AFCB
:10D6B00078607B689B6BFB60FB685B6A7A689A4268
:10D6C00007D1FB6801221A77FB68012283F83E200C
:10D6D0002AE0FB689B6A7A689A4207D1FB680222BB
:10D6E0001A77FB68012283F83F201DE0FB68DB6AA4
:10D6F0007A689A4207D1FB6804221A77FB680122F4
:10D7000083F8402010E0FB681B6B7A689A4207D1CF
:10D71000FB6808221A77FB68012283F8412003E0A6
:10D72000FB68012283F83D20F868FFF728FFFB68BB
:10D7300000221A7700BF1037BD4680BD80B584B087
:10D7400000AF78607B689B6BFB60FB685B6A7A6804
:10D750009A420BD1FB6801221A777B68DB69002BA8
:10D7600036D1FB68012283F83E2031E0FB689B6ADA
:10D770007A689A420BD1FB6802221A777B68DB69D0
:10D78000002B25D1FB68012283F83F2020E0FB68B5
:10D79000DB6A7A689A420BD1FB6804221A777B68AD
:10D7A000DB69002B14D1FB68012283F840200FE0D5
:10D7B000FB681B6B7A689A420AD1FB6808221A77C9
:10D7C0007B68DB69002B03D1FB68012283F84120D1
:10D7D000F868FFF7B0FEFB6800221A7700BF103729
:10D7E000BD4680BD80B584B000AF78607B689B6B20
:10D7F000FB60FB685B6A7A689A4203D1FB6801228E
:10D800001A7719E0FB689B6A7A689A4203D1FB6831
:10D8100002221A7710E0FB68DB6A7A689A4203D129
:10D82000FB6804221A7707E0FB681B6B7A689A4250
:10D8300002D1FB6808221A77F868FFF785FEFB68BB
:10D8400000221A7700BF1037BD4680BD80B584B076
:10D8500000AF78607B689B6BFB60FB685B6A7A68F3
:10D860009A420FD1FB6801221A777B68DB69002B93
:10D8700046D1FB68012283F83E20FB68012283F831
:10D8800042203DE0FB689B6A7A689A420FD1FB68B0
:10D8900002221A777B68DB69002B31D1FB680122F9
:10D8A00083F83F20FB68012283F8432028E0FB68CF
:10D8B000DB6A7A689A420FD1FB6804221A777B6888
:10D8C000DB69002B1CD1FB68012283F84020FB6838
:10D8D000012283F8442013E0FB681B6B7A689A42AC
:10D8E0000ED1FB6808221A777B68DB69002B07D111
:10D8F000FB68012283F84120FB68012283F8452060
:10D90000F868FFF706FEFB6800221A7700BF1037A1
:10D91000BD4680BD80B584B000AF78607B689B6BEE
:10D92000FB60FB685B6A7A689A4203D1FB6801225C
:10D930001A7719E0FB689B6A7A689A4203D1FB6800
:10D9400002221A7710E0FB68DB6A7A689A4203D1F8
:10D95000FB6804221A7707E0FB681B6B7A689A421F
:10D9600002D1FB6808221A77F868FFF7DBFDFB6835
:10D9700000221A7700BF1037BD4680BD80B584B045
:10D9800000AF78607B689B6BFB60FB681B6ADB69A0
:10D99000002B03D1FB68012283F83D20F8680DF0CD
:10D9A00041FF00BF1037BD4680BD80B584B000AFD9
:10D9B00078607B689B6BFB60F868FFF798FD00BFA1
:10D9C0001037BD4680BD80B584B000AF78607B68FD
:10D9D0009B6BFB60FB689B6BDB69002B03D1FB68D7
:10D9E000012283F83D20F868FFF7B7FD00BF10372C
:10D9F000BD4680BD80B584B000AF78607B689B6B0E
:10DA0000FB60F868FFF7B2FD00BF1037BD4680BD70
:10DA100080B485B000AF786039607B681B68FB60BC
:10DA20007B68454A934213D07B68B3F1804F0FD097
:10DA30007B68424A93420BD07B68414A934207D0AD
:10DA40007B68404A934203D07B683F4A934208D1A7
:10DA5000FB6823F07003FB603B685B68FA68134364
:10DA6000FB607B68344A93422BD07B68B3F1804FD4
:10DA700027D07B68314A934223D07B68304A934257
:10DA80001FD07B682F4A93421BD07B682E4A93425B
:10DA900017D07B682D4A934213D07B682C4A93425F
:10DAA0000FD07B682B4A93420BD07B682A4A934263
:10DAB00007D07B68294A934203D07B68284A934267
:10DAC00008D1FB6823F44073FB603B68DB68FA68AD
:10DAD0001343FB60FB6823F080023B685B691343E0
:10DAE000FB607B68FA681A603B689A687B68DA6258
:10DAF0003B681A687B689A627B680F4A934203D03E
:10DB00007B68114A934203D13B681A697B681A63A8
:10DB10007B6801225A617B681B6903F00103012BBA
:10DB200005D17B681B6923F001027B681A6100BF85
:10DB30001437BD4680BC704700000140000400401F
:10DB400000080040000C004000040140004001407B
:10DB5000004401400048014000180040001C004003
:10DB60000020004080B487B000AF786039607B68E7
:10DB70001B6A7B617B681B6A23F001027B681A6267
:10DB80007B685B683B617B689B69FB60FB6823F09B
:10DB90007003FB60FB6823F00303FB603B681B68BA
:10DBA000FA681343FB607B6923F002037B613B68E7
:10DBB0009B687A6913437B617B68204A934203D058
:10DBC0007B681F4A93420CD17B6923F008037B6179
:10DBD0003B68DB687A6913437B617B6923F004034C
:10DBE0007B617B68154A934203D07B68144A934259
:10DBF00011D13B6923F480733B613B6923F40073CB
:10DC00003B613B685B693A6913433B613B689B69D5
:10DC10003A6913433B617B683A695A607B68FA68EA
:10DC20009A613B685A687B685A637B687A691A62B2
:10DC300000BF1C37BD4680BC704700BF00000140DC
:10DC40000004014080B487B000AF786039607B6821
:10DC50001B6A7B617B681B6A23F010027B681A6277
:10DC60007B685B683B617B689B69FB60FB6823F4B6
:10DC7000E043FB60FB6823F44073FB603B681B6878
:10DC80001B02FA681343FB607B6923F020037B616E
:10DC90003B689B681B017A6913437B617B68214A5F
:10DCA000934203D07B68204A93420DD17B6923F0D5
:10DCB00080037B613B68DB681B017A6913437B61EE
:10DCC0007B6923F040037B617B68164A934203D053
:10DCD0007B68154A934213D13B6923F480633B610F
:10DCE0003B6923F400633B613B685B699B003A69D5
:10DCF00013433B613B689B699B003A6913433B615B
:10DD00007B683A695A607B68FA689A613B685A682E
:10DD10007B689A637B687A691A6200BF1C37BD46CC
:10DD200080BC7047000001400004014080B487B00F
:10DD300000AF786039607B681B6A7B617B681B6A17
:10DD400023F480727B681A627B685B683B617B6846
:10DD5000DB69FB60FB6823F07003FB60FB6823F06A
:10DD60000303FB603B681B68FA681343FB607B6935
:10DD700023F400737B613B689B681B027A69134341
:10DD80007B617B68214A934203D07B68204A93429F
:10DD90000DD17B6923F400637B613B68DB681B0268
:10DDA0007A6913437B617B6923F480637B617B68C1
:10DDB000164A934203D07B68154A934213D13B69BC
:10DDC00023F480533B613B6923F400533B613B6880
:10DDD0005B691B013A6913433B613B689B691B010B
:10DDE0003A6913433B617B683A695A607B68FA6819
:10DDF000DA613B685A687B68DA637B687A691A6221
:10DE000000BF1C37BD4680BC704700BF000001400A
:10DE10000004014080B487B000AF786039607B684F
:10DE20001B6A3B617B681B6A23F480527B681A6221
:10DE30007B685B687B617B68DB69FB60FB6823F464
:10DE4000E043FB60FB6823F44073FB603B681B68A6
:10DE50001B02FA681343FB603B6923F400533B61E8
:10DE60003B689B681B033A6913433B617B68114A1B
:10DE7000934203D07B68104A934209D17B6923F413
:10DE800080437B613B685B699B017A6913437B61DB
:10DE90007B687A695A607B68FA68DA613B685A681D
:10DEA0007B681A647B683A691A6200BF1C37BD46FA
:10DEB00080BC7047000001400004014080B586B07E
:10DEC00000AF786039600023FB757B681B689B6836
:10DED0003B613B6923F070033B613B685B683A69D7
:10DEE00013433B613B6923F007033B613B681B68BD
:10DEF0003A6913433B617B681B683A699A603B68E7
:10DF00005B68702B1AD0702B60D8602B54D0602BBC
:10DF10005CD8502B46D0502B58D8402B19D0402BD2
:10DF200054D8302B55D0302B50D8202B51D0202B0B
:10DF30004CD8002B4DD0102B4BD047E07B68186895
:10DF40003B68D9683B689A683B681B6900F0E4F954
:10DF500040E03B681B68052B01D101233BE07B6857
:10DF60001B681B6AFB607B681B681A6A7B681B68FE
:10DF700022F001021A627B681B689B69BB60BB6868
:10DF800023F0F003BB603B681B691B01BA681343B5
:10DF9000BB607B681B68BA689A617B681B68FA681B
:10DFA0001A6217E07B6818683B6899683B681B69D0
:10DFB0001A4600F087F80DE07B6818683B6899689E
:10DFC0003B681B691A4600F0E7F803E00123FB7584
:10DFD00000E000BFFB7D18461837BD4680BD80B409
:10DFE00087B000AFF860B9607A603B60FB681B6A7D
:10DFF0003B61FB681B6A23F00102FB681A62FB6845
:10E000009B697B61FB68284A93421BD0FB68B3F194
:10E01000804F17D0FB68254A934213D0FB68244AEF
:10E0200093420FD0FB68234A93420BD0FB68224AED
:10E03000934207D0FB68214A934203D0FB68204AF1
:10E04000934201D1012300E00023002B08D07B691B
:10E0500023F003037B617A697B6813437B6103E0F0
:10E060007B6943F001037B617B6923F0F0037B61F3
:10E070003B681B01DBB27A6913437B613B6923F088
:10E080000A033B61BB6803F00A033A6913433B612F
:10E09000FB687A699A61FB683A691A6200BF1C37AB
:10E0A000BD4680BC704700BF000001400004004036
:10E0B00000080040000C0040000401400040014006
:10E0C0000018004080B487B000AFF860B9607A6093
:10E0D000FB681B6A7B61FB681B6A23F00102FB681B
:10E0E0001A62FB689B693B613B6923F0F0033B616B
:10E0F0007B681B013A6913433B617B6923F00A0388
:10E100007B617A69BB6813437B61FB683A699A61FA
:10E11000FB687A691A6200BF1C37BD4680BC704735
:10E1200080B487B000AFF860B9607A603B60FB688C
:10E130001B6A7B61FB681B6A23F01002FB681A6292
:10E14000FB689B693B613B6923F440733B617B68DF
:10E150001B023A6913433B613B6923F470433B6103
:10E160003B681B039BB23A6913433B617B6923F015
:10E17000A0037B61BB681B0103F0A0037A69134312
:10E180007B61FB683A699A61FB687A691A6200BF31
:10E190001C37BD4680BC704780B487B000AFF860C4
:10E1A000B9607A60FB681B6A7B61FB681B6A23F0BD
:10E1B0001002FB681A62FB689B693B613B6923F4B0
:10E1C00070433B617B681B033A6913433B617B6986
:10E1D00023F0A0037B61BB681B017A6913437B6159
:10E1E000FB683A699A61FB687A691A6200BF1C375A
:10E1F000BD4680BC704780B487B000AFF860B9609E
:10E200007A603B60FB681B6A7B61FB681B6A23F4D6
:10E210008072FB681A62FB68DB693B613B6923F033
:10E2200003033B613A697B6813433B613B6923F01D
:10E23000F0033B613B681B01DBB23A6913433B616E
:10E240007B6923F420637B61BB681B0203F42063BA
:10E250007A6913437B61FB683A69DA61FB687A6922
:10E260001A6200BF1C37BD4680BC704780B487B0BF
:10E2700000AFF860B9607A603B60FB681B6A7B6145
:10E28000FB681B6A23F48052FB681A62FB68DB6937
:10E290003B613B6923F440733B617B681B023A6935
:10E2A00013433B613B6923F470433B613B681B03B1
:10E2B0009BB23A6913433B617B6923F420437B6142
:10E2C000BB681B0303F420437A6913437B61FB683B
:10E2D0003A69DA61FB687A691A6200BF1C37BD4689
:10E2E00080BC704780B485B000AF786039607B68CF
:10E2F0009B68FB60FB6823F07003FB603A68FB6877
:10E30000134343F00703FB607B68FA689A6000BF21
:10E310001437BD4680BC704780B487B000AFF8604A
:10E32000B9607A603B60FB689B687B617B6923F422
:10E330007F437B613B681A027B681A43BB681343C7
:10E340007A6913437B61FB687A699A6000BF1C3766
:10E35000BD4680BC704780B487B000AFF860B9603C
:10E360007A60BB6803F01F03012202FA03F37B61AA
:10E37000FB681A6A7B69DB431A40FB681A62FB6818
:10E380001A6ABB6803F01F03796801FA03F31A43A2
:10E39000FB681A6200BF1C37BD4680BC704700BFD7
:10E3A00080B58AB000AF786039607B68002B01D1FE
:10E3B00001239AE07B6893F83D30DBB2002B06D155
:10E3C0007B68002283F83C20786800F0D6F87B68F0
:10E3D000022283F83D207B681A687B680433194663
:10E3E0001046FFF715FB7B6818683B6819683B68A7
:10E3F0009B680322FFF7F3FD7B681B689A697B68C3
:10E400001B6822F00C029A617B681B6899693B6863
:10E410005A687B681B680A439A617B681B685A6864
:10E420007B681B6842F080025A607B681B689A68B0
:10E430007B681B6822F070029A607B681B689A6890
:10E440007B681B6842F040029A607B681B689A6890
:10E450007B681B6822F007029A607B681B689A68D9
:10E460007B681B6842F004029A600023FB61002372
:10E470003B627023FB6000237B620023BB610023AF
:10E480007B613B68DB683B617B681B6807F10C02C2
:10E4900011461846FFF7D6FB7B681B685A687B68F5
:10E4A0001B6822F070025A607B681B685A687B68A0
:10E4B0001B6842F050025A607B68012283F84620B4
:10E4C0007B68012283F83E207B68012283F83F208D
:10E4D0007B68012283F842207B68012283F8432075
:10E4E0007B68012283F83D20002318462837BD466B
:10E4F00080BD80B582B000AF78607B68022283F86F
:10E500003D207B681B681A6A41F211131340002BEF
:10E510000FD17B681B681A6A40F244431340002BFA
:10E5200007D17B681B681A687B681B6822F00102B0
:10E530001A60786800F02AF87B68002283F8462089
:10E540007B68002283F83E207B68002283F83F200E
:10E550007B68002283F842207B68002283F84320F6
:10E560007B68002283F83D207B68002283F83C20F2
:10E57000002318460837BD4680BD80B483B000AF85
:10E58000786000BF0C37BD4680BC704780B483B054
:10E5900000AF786000BF0C37BD4680BC704780B5C7
:10E5A00084B000AF78607B6893F83E30FB737B6883
:10E5B00093F83F30BB737B6893F842307B737B6882
:10E5C00093F843303B73FB7B012B08D1BB7B012BC2
:10E5D00005D17B7B012B02D13B7B012B01D0012399
:10E5E00059E07B68022283F83E207B68022283F890
:10E5F0003F207B68022283F842207B68022283F856
:10E6000043207B681B68012200211846FFF7A3FE08
:10E610007B681B68224A934222D07B681B68B3F157
:10E62000804F1DD07B681B681E4A934218D07B68C0
:10E630001B681D4A934213D07B681B681B4A934298
:10E640000ED07B681B681A4A934209D07B681B680E
:10E65000184A934204D07B681B68174A934211D131
:10E660007B681B689B6803F00703BB60BB68062BD5
:10E6700010D07B681B681A687B681B6842F0010237
:10E680001A6007E07B681B681A687B681B6842F0A9
:10E6900001021A60002318461037BD4680BD00BF36
:10E6A000000001400004004000080040000C004051
:10E6B00000040140004001400018004080B582B0D5
:10E6C00000AF78607B681B68002200211846FFF7C6
:10E6D00042FE7B681B681A6A41F211131340002B3B
:10E6E0000FD17B681B681A6A40F244431340002B29
:10E6F00007D17B681B681A687B681B6822F00102DF
:10E700001A607B68012283F83E207B68012283F82F
:10E710003F207B68012283F842207B68012283F836
:10E720004320002318460837BD4680BD80B584B01D
:10E7300000AF78607B6893F83E30FB737B6893F89A
:10E740003F30BB737B6893F842307B737B6893F8F0
:10E7500043303B73FB7B012B08D1BB7B012B05D1E5
:10E760007B7B012B02D13B7B012B01D0012361E09C
:10E770007B68022283F83E207B68022283F83F20D8
:10E780007B68022283F842207B68022283F84320C0
:10E790007B681B68DA687B681B6842F00202DA60FB
:10E7A0007B681B68012200211846FFF7D4FD7B68B7
:10E7B0001B68224A934222D07B681B68B3F1804FCA
:10E7C0001DD07B681B681E4A934218D07B681B686B
:10E7D0001C4A934213D07B681B681B4A93420ED09D
:10E7E0007B681B68194A934209D07B681B68184AEA
:10E7F000934204D07B681B68164A934211D17B6810
:10E800001B689B6803F00703BB60BB68062B10D036
:10E810007B681B681A687B681B6842F001021A60FB
:10E8200007E07B681B681A687B681B6842F001027E
:10E830001A60002318461037BD4680BD0000014015
:10E840000004004000080040000C004000040140AB
:10E85000004001400018004080B582B000AF7860F1
:10E860007B681B68002200211846FFF774FD7B6857
:10E870001B68DA687B681B6822F00202DA607B683A
:10E880001B681A6A41F211131340002B0FD17B68E9
:10E890001B681A6A40F244431340002B07D17B687F
:10E8A0001B681A687B681B6822F001021A607B688B
:10E8B000012283F83E207B68012283F83F207B6899
:10E8C000012283F842207B68012283F84320002341
:10E8D00018460837BD4680BD80B586B000AFF860E9
:10E8E000B9601346FB80FB6893F83E30FB75FB680C
:10E8F00093F84230BB75FB7D022B02D0BB7D022B0F
:10E9000001D1022386E0FB7D012B34D1BB7D012B9D
:10E9100031D1BB68002B02D0FB88002B01D1012331
:10E9200078E0FB68022283F83E20FB68022283F82D
:10E93000422000BFFB681B68012200211846FFF738
:10E940000AFDFB685B6A354ADA63FB685B6A344A36
:10E950001A64FB685B6A334ADA64FB68586AFB68CE
:10E960001B6834331946BA68FB8804F0D6FE0346A8
:10E97000002B04D001E001234CE001234AE0FB68B6
:10E980001B68DA68FB681B6842F40072DA60FB6897
:10E990001B68254A934222D0FB681B68B3F1804F65
:10E9A0001DD0FB681B68214A934218D0FB681B6886
:10E9B0001F4A934213D0FB681B681E4A93420ED035
:10E9C000FB681B681C4A934209D0FB681B681B4A02
:10E9D000934204D0FB681B68194A934211D1FB682B
:10E9E0001B689B6803F007033B613B69062B10D053
:10E9F000FB681B681A68FB681B6842F001021A601A
:10EA000007E0FB681B681A68FB681B6842F001029C
:10EA10001A60002318461837BD4680BD4DD800083F
:10EA200015D90008ABD600080000014000040040E2
:10EA300000080040000C004000040140004001407C
:10EA40000018004080B582B000AF78607B681B681A
:10EA5000002200211846FFF77EFC7B681B68DA68FD
:10EA60007B681B6822F40072DA607B685B6A184678
:10EA700004F01BFF7B681B681A6A41F211131340F4
:10EA8000002B0FD17B681B681A6A40F24443134085
:10EA9000002B07D17B681B681A687B681B6822F013
:10EAA00001021A607B68012283F83E207B68012204
:10EAB00083F84220002318460837BD4680BD80B544
:10EAC00084B000AF786039603B68002B09D17B6867
:10EAD00093F84230DBB2012B14BF01230023DBB2D9
:10EAE00022E03B68042B09D17B6893F84330DBB20A
:10EAF000012B14BF01230023DBB215E03B68082B78
:10EB000009D17B6893F84430DBB2012B14BF012399
:10EB10000023DBB208E07B6893F84530DBB2012BC1
:10EB200014BF01230023DBB2002B01D001236DE0D1
:10EB30003B68002B04D17B68022283F8422013E05B
:10EB40003B68042B04D17B68022283F843200BE04E
:10EB50003B68082B04D17B68022283F8442003E041
:10EB60007B68022283F845207B681B680422396891
:10EB7000184601F0B9FD7B681B685A6C7B681B68FE
:10EB800042F400425A647B681B68224A934222D0B6
:10EB90007B681B68B3F1804F1DD07B681B681E4AE1
:10EBA000934218D07B681B681C4A934213D07B6841
:10EBB0001B681B4A93420ED07B681B68194A93421C
:10EBC00009D07B681B68184A934204D07B681B6895
:10EBD000164A934211D17B681B689B6803F00703B8
:10EBE000FB60FB68062B10D07B681B681A687B688B
:10EBF0001B6842F001021A6007E07B681B681A6814
:10EC00007B681B6842F001021A6000231846103727
:10EC1000BD4680BD000001400004004000080040E7
:10EC2000000C00400004014000400140001800407A
:10EC300080B582B000AF786039607B681B680022C5
:10EC40003968184601F050FD7B681B681A6A41F26A
:10EC500011131340002B0FD17B681B681A6A40F216
:10EC600044431340002B07D17B681B685A6C7B68B8
:10EC70001B6822F400425A647B681B681A6A41F2DE
:10EC800011131340002B0FD17B681B681A6A40F2E6
:10EC900044431340002B07D17B681B681A687B68CC
:10ECA0001B6822F001021A603B68002B04D17B68CC
:10ECB000012283F8422013E03B68042B04D17B68D7
:10ECC000012283F843200BE03B68082B04D17B68CA
:10ECD000012283F8442003E07B68012283F8452069
:10ECE000002318460837BD4680BD80B584B000AF0C
:10ECF000786039600023FB733B68002B09D17B6887
:10ED000093F84230DBB2012B14BF01230023DBB2A6
:10ED100022E03B68042B09D17B6893F84330DBB2D7
:10ED2000012B14BF01230023DBB215E03B68082B45
:10ED300009D17B6893F84430DBB2012B14BF012367
:10ED40000023DBB208E07B6893F84530DBB2012B8F
:10ED500014BF01230023DBB2002B01D00123A3E069
:10ED60003B68002B04D17B68022283F8422013E029
:10ED70003B68042B04D17B68022283F843200BE01C
:10ED80003B68082B04D17B68022283F8442003E00F
:10ED90007B68022283F845203B68082B1BD03B6828
:10EDA000082B21D83B68002B03D03B68042B09D0EB
:10EDB0001AE07B681B68DA687B681B6842F0020215
:10EDC000DA6014E07B681B68DA687B681B6842F0D5
:10EDD0000402DA600BE07B681B68DA687B681B68FA
:10EDE00042F00802DA6002E00123FB7300BFFB7B04
:10EDF000002B58D17B681B68DA687B681B6842F07F
:10EE00008002DA607B681B6804223968184601F0CA
:10EE10006BFC7B681B685A6C7B681B6842F4004281
:10EE20005A647B681B68224A934222D07B681B6825
:10EE3000B3F1804F1DD07B681B681E4A934218D0E7
:10EE40007B681B681C4A934213D07B681B681B4A73
:10EE500093420ED07B681B68194A934209D07B68A5
:10EE60001B68184A934204D07B681B68164A934279
:10EE700011D17B681B689B6803F00703BB60BB680C
:10EE8000062B10D07B681B681A687B681B6842F0F1
:10EE900001021A6007E07B681B681A687B681B68C0
:10EEA00042F001021A60FB7B18461037BD4680BD58
:10EEB000000001400004004000080040000C004039
:10EEC00000040140004001400018004080B584B0BB
:10EED00000AF786039600023FB733B68082B1BD0C0
:10EEE0003B68082B21D83B68002B03D03B68042BE0
:10EEF00009D01AE07B681B68DA687B681B6822F01F
:10EF00000202DA6014E07B681B68DA687B681B68C1
:10EF100022F00402DA600BE07B681B68DA687B6829
:10EF20001B6822F00802DA6002E00123FB7300BFD5
:10EF3000FB7B002B64D17B681B6800223968184674
:10EF400001F0D2FB7B681B681B6ABB60BA6840F2A9
:10EF500044431340002B07D17B681B68DA687B6849
:10EF60001B6822F08002DA607B681B681A6A41F233
:10EF700011131340002B0FD17B681B681A6A40F2F3
:10EF800044431340002B07D17B681B685A6C7B6895
:10EF90001B6822F400425A647B681B681A6A41F2BB
:10EFA00011131340002B0FD17B681B681A6A40F2C3
:10EFB00044431340002B07D17B681B681A687B68A9
:10EFC0001B6822F001021A603B68002B04D17B68A9
:10EFD000012283F8422013E03B68042B04D17B68B4
:10EFE000012283F843200BE03B68082B04D17B68A7
:10EFF000012283F8442003E07B68012283F8452046
:10F00000FB7B18461037BD4680BD80B586B000AF8B
:10F01000F860B9607A607B800023FB75BB68002BC9
:10F0200009D1FB6893F84230DBB2022B0CBF0123FD
:10F030000023DBB222E0BB68042B09D1FB6893F804
:10F040004330DBB2022B0CBF01230023DBB215E0FF
:10F05000BB68082B09D1FB6893F84430DBB2022B64
:10F060000CBF01230023DBB208E0FB6893F84530B6
:10F07000DBB2022B0CBF01230023DBB2002B01D03B
:10F08000022329E1BB68002B09D1FB6893F84230C9
:10F09000DBB2012B0CBF01230023DBB222E0BB68F3
:10F0A000042B09D1FB6893F84330DBB2012B0CBF72
:10F0B00001230023DBB215E0BB68082B09D1FB68F4
:10F0C00093F84430DBB2012B0CBF01230023DBB2E9
:10F0D00008E0FB6893F84530DBB2012B0CBF01233D
:10F0E0000023DBB2002B24D07B68002B02D07B886E
:10F0F000002B01D10123EFE0BB68002B04D1FB689A
:10F10000022283F8422016E0BB68042B04D1FB687E
:10F11000022283F843200EE0BB68082B04D1FB6871
:10F12000022283F8442006E0FB68022283F845208F
:10F1300001E00123D0E0BB68082B51D0BB68082B4D
:10F1400072D8BB68002B03D0BB68042B24D06BE0C3
:10F15000FB685B6A624ADA63FB685B6A614A1A644D
:10F16000FB685B6A604ADA64FB68586A7968FB6826
:10F170001B6834331A467B8804F0CFFA0346002B11
:10F1800001D00123A8E0FB681B68DA68FB681B68F4
:10F1900042F40072DA604AE0FB689B6A504ADA6324
:10F1A000FB689B6A4F4A1A64FB689B6A4E4ADA64A2
:10F1B000FB68986A7968FB681B6838331A467B8855
:10F1C00004F0ABFA0346002B01D0012384E0FB6876
:10F1D0001B68DA68FB681B6842F48062DA6026E02C
:10F1E000FB68DB6A3E4ADA63FB68DB6A3D4A1A6405
:10F1F000FB68DB6A3C4ADA64FB68D86A7968FB68BA
:10F200001B683C331A467B8804F087FA0346002BC0
:10F2100001D0012360E0FB681B68DA68FB681B68AB
:10F2200042F40062DA6002E00123FB7500BFFB7D5F
:10F23000002B50D1FB681B680422B968184601F006
:10F2400053FAFB681B685A6CFB681B6842F4004267
:10F250005A64FB681B68254A934222D0FB681B68EE
:10F26000B3F1804F1DD0FB681B68214A934218D030
:10F27000FB681B681F4A934213D0FB681B681E4A39
:10F2800093420ED0FB681B681C4A934209D0FB686E
:10F290001B681B4A934204D0FB681B68194A9342BF
:10F2A00011D1FB681B689B6803F007033B613B6956
:10F2B000062B10D0FB681B681A68FB681B6842F0BD
:10F2C00001021A6007E0FB681B681A68FB681B688C
:10F2D00042F001021A60FB7D18461837BD4680BD1A
:10F2E000F5050108E5D700087B060108000001408C
:10F2F0000004004000080040000C004000040140F1
:10F30000004001400018004080B584B000AF786034
:10F3100039600023FB733B68082B25D03B68082B22
:10F3200030D83B68002B03D03B68042B0ED029E07B
:10F330007B681B68DA687B681B6822F40072DA60FD
:10F340007B685B6A184604F0B0FA1EE07B681B68B5
:10F35000DA687B681B6822F48062DA607B689B6AEB
:10F36000184604F0A2FA10E07B681B68DA687B6834
:10F370001B6822F40062DA607B68DB6A184604F0DE
:10F3800094FA02E00123FB7300BFFB7B002B52D1F8
:10F390007B681B6800223968184601F0A5F97B6874
:10F3A0001B681A6A41F211131340002B0FD17B68BE
:10F3B0001B681A6A40F244431340002B07D17B6854
:10F3C0001B685A6C7B681B6822F400425A647B6895
:10F3D0001B681A6A41F211131340002B0FD17B688E
:10F3E0001B681A6A40F244431340002B07D17B6824
:10F3F0001B681A687B681B6822F001021A603B6870
:10F40000002B04D17B68012283F8422013E03B6883
:10F41000042B04D17B68012283F843200BE03B6876
:10F42000082B04D17B68012283F8442003E07B6829
:10F43000012283F84520FB7B18461037BD4680BD6E
:10F4400080B584B000AF786039603B68002B09D18B
:10F450007B6893F84230DBB2012B14BF01230023F9
:10F46000DBB222E03B68042B09D17B6893F8433080
:10F47000DBB2012B14BF01230023DBB215E03B6894
:10F48000082B09D17B6893F84430DBB2012B14BF01
:10F4900001230023DBB208E07B6893F84530DBB240
:10F4A000012B14BF01230023DBB2002B01D0012369
:10F4B0006DE03B68002B04D17B68022283F8422078
:10F4C00013E03B68042B04D17B68022283F84320BD
:10F4D0000BE03B68082B04D17B68022283F84420B0
:10F4E00003E07B68022283F845207B681B680422C6
:10F4F0003968184601F0F8F87B681B685A6C7B681D
:10F500001B6842F400425A647B681B68224A93429B
:10F5100022D07B681B68B3F1804F1DD07B681B68CD
:10F520001E4A934218D07B681B681D4A934213D031
:10F530007B681B681B4A93420ED07B681B681A4A83
:10F54000934209D07B681B68184A934204D07B68B9
:10F550001B68174A934211D17B681B689B6803F0B4
:10F560000703FB60FB68062B10D07B681B681A68DA
:10F570007B681B6842F001021A6007E07B681B6829
:10F580001A687B681B6842F001021A600023184663
:10F590001037BD4680BD00BF0000014000040040A0
:10F5A00000080040000C0040000401400040014001
:10F5B0000018004080B582B000AF786039607B6889
:10F5C0001B6800223968184601F08EF87B681B68BA
:10F5D0001A6A41F211131340002B0FD17B681B688C
:10F5E0001A6A40F244431340002B07D17B681B6822
:10F5F0005A6C7B681B6822F400425A647B681B6863
:10F600001A6A41F211131340002B0FD17B681B685B
:10F610001A6A40F244431340002B07D17B681B68F1
:10F620001A687B681B6822F001021A603B68002B95
:10F6300004D17B68012283F8422013E03B68042B4D
:10F6400004D17B68012283F843200BE03B68082B40
:10F6500004D17B68012283F8442003E07B68012207
:10F6600083F84520002318460837BD4680BD80B585
:10F6700084B000AF786039600023FB733B68002BD7
:10F6800009D17B6893F84230DBB2012B14BF012310
:10F690000023DBB222E03B68042B09D17B6893F89E
:10F6A0004330DBB2012B14BF01230023DBB215E092
:10F6B0003B68082B09D17B6893F84430DBB2012BFF
:10F6C00014BF01230023DBB208E07B6893F84530C8
:10F6D000DBB2012B14BF01230023DBB2002B01D0CE
:10F6E0000123A3E03B68002B04D17B68022283F84E
:10F6F000422013E03B68042B04D17B68022283F88C
:10F7000043200BE03B68082B04D17B68022283F87E
:10F71000442003E07B68022283F845203B68082BE5
:10F720001BD03B68082B21D83B68002B03D03B68DB
:10F73000042B09D01AE07B681B68DA687B681B68B9
:10F7400042F00202DA6014E07B681B68DA687B68CA
:10F750001B6842F00402DA600BE07B681B68DA6821
:10F760007B681B6842F00802DA6002E00123FB7349
:10F7700000BFFB7B002B58D17B681B68DA687B6875
:10F780001B6842F08002DA607B681B6804223968DB
:10F79000184600F0A9FF7B681B685A6C7B681B68E1
:10F7A00042F400425A647B681B68224A934222D08A
:10F7B0007B681B68B3F1804F1DD07B681B681E4AB5
:10F7C000934218D07B681B681C4A934213D07B6815
:10F7D0001B681B4A93420ED07B681B68194A9342F0
:10F7E00009D07B681B68184A934204D07B681B6869
:10F7F000164A934211D17B681B689B6803F007038C
:10F80000BB60BB68062B10D07B681B681A687B68DE
:10F810001B6842F001021A6007E07B681B681A68E7
:10F820007B681B6842F001021A60FB7B18461037A8
:10F83000BD4680BD000001400004004000080040BB
:10F84000000C00400004014000400140001800404E
:10F8500080B584B000AF786039600023FB733B68EB
:10F86000082B1BD03B68082B21D83B68002B03D00A
:10F870003B68042B09D01AE07B681B68DA687B6858
:10F880001B6822F00202DA6014E07B681B68DA6809
:10F890007B681B6822F00402DA600BE07B681B685F
:10F8A000DA687B681B6822F00802DA6002E0012354
:10F8B000FB7300BFFB7B002B64D17B681B680022BD
:10F8C0003968184600F010FF7B681B681B6ABB6034
:10F8D000BA6840F244431340002B07D17B681B6891
:10F8E000DA687B681B6822F08002DA607B681B683C
:10F8F0001A6A41F211131340002B0FD17B681B6869
:10F900001A6A40F244431340002B07D17B681B68FE
:10F910005A6C7B681B6822F400425A647B681B683F
:10F920001A6A41F211131340002B0FD17B681B6838
:10F930001A6A40F244431340002B07D17B681B68CE
:10F940001A687B681B6822F001021A603B68002B72
:10F9500004D17B68012283F8422013E03B68042B2A
:10F9600004D17B68012283F843200BE03B68082B1D
:10F9700004D17B68012283F8442003E07B680122E4
:10F9800083F84520FB7B18461037BD4680BD80B507
:10F9900086B000AFF860B9607A607B800023FB75A9
:10F9A000BB68002B09D1FB6893F84230DBB2022B15
:10F9B0000CBF01230023DBB222E0BB68042B09D17A
:10F9C000FB6893F84330DBB2022B0CBF012300230A
:10F9D000DBB215E0BB68082B09D1FB6893F8443013
:10F9E000DBB2022B0CBF01230023DBB208E0FB6873
:10F9F00093F84530DBB2022B0CBF01230023DBB2AE
:10FA0000002B01D0022329E1BB68002B09D1FB6840
:10FA100093F84230DBB2012B0CBF01230023DBB291
:10FA200022E0BB68042B09D1FB6893F84330DBB2BA
:10FA3000012B0CBF01230023DBB215E0BB68082BB0
:10FA400009D1FB6893F84430DBB2012B0CBF0123D2
:10FA50000023DBB208E0FB6893F84530DBB2012BF2
:10FA60000CBF01230023DBB2002B24D07B68002BCA
:10FA700002D07B88002B01D10123EFE0BB68002B73
:10FA800004D1FB68022283F8422016E0BB68042BF5
:10FA900004D1FB68022283F843200EE0BB68082BE8
:10FAA00004D1FB68022283F8442006E0FB680222AE
:10FAB00083F8452001E00123D0E0BB68082B51D03A
:10FAC000BB68082B72D8BB68002B03D0BB68042B23
:10FAD00024D06BE0FB685B6A624ADA63FB685B6AAE
:10FAE000614A1A64FB685B6A604ADA64FB68586AB8
:10FAF0007968FB681B6834331A467B8803F00DFE77
:10FB00000346002B01D00123A8E0FB681B68DA68DC
:10FB1000FB681B6842F40072DA604AE0FB689B6A8B
:10FB2000504ADA63FB689B6A4F4A1A64FB689B6A17
:10FB30004E4ADA64FB68986A7968FB681B68383358
:10FB40001A467B8803F0E9FD0346002B01D0012310
:10FB500084E0FB681B68DA68FB681B6842F480621B
:10FB6000DA6026E0FB68DB6A3E4ADA63FB68DB6A40
:10FB70003D4A1A64FB68DB6A3C4ADA64FB68D86A6F
:10FB80007968FB681B683C331A467B8803F0C5FD27
:10FB90000346002B01D0012360E0FB681B68DA6894
:10FBA000FB681B6842F40062DA6002E00123FB7527
:10FBB00000BFFB7D002B50D1FB681B680422B96895
:10FBC000184600F091FDFB681B685A6CFB681B68C7
:10FBD00042F400425A64FB681B68254A934222D0D3
:10FBE000FB681B68B3F1804F1DD0FB681B68214A7E
:10FBF000934218D0FB681B681F4A934213D0FB68DE
:10FC00001B681E4A93420ED0FB681B681C4A934235
:10FC100009D0FB681B681B4A934204D0FB681B6831
:10FC2000194A934211D1FB681B689B6803F00703D4
:10FC30003B613B69062B10D0FB681B681A68FB68A8
:10FC40001B6842F001021A6007E0FB681B681A6833
:10FC5000FB681B6842F001021A60FB7D18461837EA
:10FC6000BD4680BDF5050108E5D700087B06010803
:10FC7000000001400004004000080040000C00406B
:10FC800000040140004001400018004080B584B0ED
:10FC900000AF786039600023FB733B68082B25D0E8
:10FCA0003B68082B30D83B68002B03D03B68042B03
:10FCB0000ED029E07B681B68DA687B681B6822F439
:10FCC0000072DA607B685B6A184603F0EEFD1EE0A6
:10FCD0007B681B68DA687B681B6822F48062DA60E4
:10FCE0007B689B6A184603F0E0FD10E07B681B68A8
:10FCF000DA687B681B6822F40062DA607B68DB6A82
:10FD0000184603F0D2FD02E00123FB7300BFFB7B2A
:10FD1000002B52D17B681B6800223968184600F01E
:10FD2000E3FC7B681B681A6A41F211131340002B35
:10FD30000FD17B681B681A6A40F244431340002BC2
:10FD400007D17B681B685A6C7B681B6822F40042F1
:10FD50005A647B681B681A6A41F211131340002B26
:10FD60000FD17B681B681A6A40F244431340002B92
:10FD700007D17B681B681A687B681B6822F0010248
:10FD80001A603B68002B04D17B68012283F8422073
:10FD900013E03B68042B04D17B68012283F84320E5
:10FDA0000BE03B68082B04D17B68012283F84420D8
:10FDB00003E07B68012283F84520FB7B184610375F
:10FDC000BD4680BD80B584B000AF786039603B68C7
:10FDD000002B02D10423FB6001E00023FB607B6861
:10FDE00093F83E30FB727B6893F83F30BB727B68C0
:10FDF00093F842307B727B6893F843303B72FB7A16
:10FE0000012B08D1BB7A012B05D17B7A012B02D1C2
:10FE10003B7A012B01D0012326E07B68022283F884
:10FE20003E207B68022283F83F207B68022283F811
:10FE300042207B68022283F843207B681B680422EF
:10FE40003968184600F050FC7B681B680122F9688D
:10FE50001846FEF780FA7B681B685A6C7B681B6843
:10FE600042F400425A64002318461037BD4680BD54
:10FE700080B584B000AF786039603B68002B02D158
:10FE80000423FB6001E00023FB607B681B68002209
:10FE90003968184600F028FC7B681B680022F96866
:10FEA0001846FEF758FA7B681B681A6A41F211136C
:10FEB0001340002B0FD17B681B681A6A40F2444341
:10FEC0001340002B07D17B681B685A6C7B681B684A
:10FED00022F400425A647B681B681A6A41F21113CB
:10FEE0001340002B0FD17B681B681A6A40F2444311
:10FEF0001340002B07D17B681B681A687B681B685E
:10FF000022F001021A607B68012283F83E207B68A0
:10FF1000012283F83F207B68012283F842207B681E
:10FF2000012283F84320002318461037BD4680BDC8
:10FF300080B584B000AF786039603B68002B02D197
:10FF40000423FB6001E00023FB607B6893F83E30F4
:10FF5000FB727B6893F83F30BB727B6893F842304A
:10FF60007B727B6893F843303B72FB7A012B08D19C
:10FF7000BB7A012B05D17B7A012B02D13B7A012B75
:10FF800001D0012336E07B68022283F83E207B68A3
:10FF9000022283F83F207B68022283F842207B689C
:10FFA000022283F843207B681B68DA687B681B6841
:10FFB00042F00202DA607B681B68DA687B681B68C3
:10FFC00042F00402DA607B681B6804223968184634
:10FFD00000F08AFB7B681B680122F9681846FEF76F
:10FFE000BAF97B681B685A6C7B681B6842F4004254
:10FFF0005A64002318461037BD4680BD80B584B0D2
:020000040801F1
:1000000000AF786039603B68002B02D10423FB60AD
:1000100001E00023FB607B681B68DA687B681B6873
:1000200022F00202DA607B681B68DA687B681B6872
:1000300022F00402DA607B681B68002239681846E7
:1000400000F052FB7B681B680022F9681846FEF737
:1000500082F97B681B681A6A41F211131340002B66
:100060000FD17B681B681A6A40F244431340002B8F
:1000700007D17B681B685A6C7B681B6822F40042BE
:100080005A647B681B681A6A41F211131340002BF3
:100090000FD17B681B681A6A40F244431340002B5F
:1000A00007D17B681B681A687B681B6822F0010215
:1000B0001A607B68012283F83E207B68012283F866
:1000C0003F207B68012283F842207B68012283F86D
:1000D0004320002318461037BD4680BD80B485B04C
:1000E00000AFF860B9607A60FB6893F83C30012B90
:1000F00001D102234CE0FB68012283F83C20BB685D
:10010000002B08D0BB68102B05D0BB68202B02D079
:10011000BB68302B0FD1FB681B689A68FB681B68B3
:1001200022F070029A60FB681B689968FB681B6884
:10013000BA680A439A60FB681B685A68FB681B68C8
:1001400042F001025A60FB681B685A68FB681B6832
:1001500022F004025A60FB681B685968FB681B6840
:100160007A680A435A60FB681B68DA68FB681B6898
:1001700022F02002DA60FB681B68DA68FB681B6803
:1001800022F40052DA60FB68002283F83C2000234E
:1001900018461437BD4680BC704780B485B000AFA8
:1001A000F860B9607A60FB6893F83C30012B01D1AC
:1001B00002234CE0FB68012283F83C20BB68002B43
:1001C00008D0BB68102B05D0BB68202B02D0BB68C1
:1001D000302B0FD1FB681B689A68FB681B6822F004
:1001E00070029A60FB681B689968FB681B68BA68B4
:1001F0000A439A60FB681B685A68FB681B6842F0F8
:1002000001025A60FB681B685A68FB681B6822F091
:1002100004025A60FB681B685968FB681B687A68AF
:100220000A435A60FB681B68DA68FB681B6822F4A3
:100230000052DA60FB681B68DA68FB681B6842F0F2
:100240002002DA60FB68002283F83C200023184675
:100250001437BD4680BC704780B485B000AFF860ED
:10026000B9607A60FB6893F83C30012B01D102231E
:1002700058E0FB68012283F83C20BB68002B08D0C3
:10028000BB68102B05D0BB68202B02D0BB68302B7D
:100290000FD1FB681B689A68FB681B6822F070022C
:1002A0009A60FB681B689968FB681B68BA680A4318
:1002B0009A60FB681B685A68FB681B6842F0010281
:1002C0005A60FB681B685A68FB681B6822F00402CE
:1002D0005A60FB681B685968FB681B687A680A43A8
:1002E0005A60FB685B6B124ADA63FB685B6B114A0E
:1002F0001A64FB685B6B104ADA64FB681B68DA6897
:10030000FB681B6822F02002DA60FB681B68DA6871
:10031000FB681B6842F40052DA60FB68002283F835
:100320003C20002318461437BD4680BC704700BFF0
:10033000AD050108D1050108ABD6000880B485B031
:1003400000AF786039607B6893F83C30012B01D1B5
:1003500002235AE07B68012283F83C207B6802225A
:1003600083F83D207B681B685B68FB607B681B68CB
:100370009B68BB60FB6823F07003FB603B681B68F5
:10038000FA681343FB607B681B68FA685A607B68F5
:100390001B68204A934222D07B681B68B3F1804FD0
:1003A0001DD07B681B681C4A934218D07B681B6871
:1003B0001A4A934213D07B681B68194A93420ED0A5
:1003C0007B681B68174A934209D07B681B68164AF2
:1003D000934204D07B681B68144A93420CD1BB68DB
:1003E00023F08003BB603B685B68BA681343BB6063
:1003F0007B681B68BA689A607B68012283F83D209D
:100400007B68002283F83C20002318461437BD4641
:1004100080BC70470000014000040040000800401C
:10042000000C004000040140004001400018004062
:1004300080B485B000AF786039600023FB607B68D2
:1004400093F83C30012B01D102233DE07B6801226F
:1004500083F83C20FB6823F0FF023B68DB68134312
:10046000FB60FB6823F440723B689B681343FB60AE
:10047000FB6823F480623B685B681343FB60FB68A6
:1004800023F400623B681B681343FB60FB6823F4A2
:1004900080523B681B691343FB60FB6823F40052E6
:1004A0003B685B691343FB60FB6823F480423B6855
:1004B000DB691343FB607B681B68FA685A647B68DE
:1004C000002283F83C20002318461437BD4680BC28
:1004D000704780B483B000AF786039607B6893F870
:1004E0003C30012B01D102230CE07B68012283F810
:1004F0003C207B681B683A681A657B68002283F899
:100500003C20002318460C37BD4680BC704780B4A1
:1005100083B000AF786000BF0C37BD4680BC704729
:1005200080B483B000AF786000BF0C37BD4680BC9C
:10053000704780B483B000AF786000BF0C37BD4611
:1005400080BC704780B483B000AF78607B6893F85C
:100550003D30DBB218460C37BD4680BC704780B4D6
:1005600085B000AF786039603B68002B04D17B68B0
:1005700093F84230FB7313E03B68042B04D17B6893
:1005800093F84330FB730BE03B68082B04D17B6886
:1005900093F84430FB7303E07B6893F84530FB73BA
:1005A000FB7B18461437BD4680BC704780B584B0CD
:1005B00000AF78607B689B6BFB60FB68012283F86F
:1005C0003D20F868FFF7A3FF00BF1037BD4680BD90
:1005D00080B584B000AF78607B689B6BFB60FB6884
:1005E000012283F83D20F868FFF79AFF00BF10371B
:1005F000BD4680BD80B584B000AF78607B689B6BE2
:10060000FB60FB685B6A7A689A420BD1FB68012247
:100610001A777B68DB69002B25D1FB68012283F800
:10062000422020E0FB689B6A7A689A420BD1FB6803
:1006300002221A777B68DB69002B14D1FB68012248
:1006400083F843200FE0FB68DB6A7A689A420AD19C
:10065000FB6804221A777B68DB69002B03D1FB68F7
:10066000012283F84420F868FCF765FFFB6800224C
:100670001A7700BF1037BD4680BD80B584B000AF8B
:1006800078607B689B6BFB60FB685B6A7A689A4268
:1006900007D1FB6801221A77FB68012283F8422008
:1006A00018E0FB689B6A7A689A4207D1FB680222CD
:1006B0001A77FB68012283F843200BE0FB68DB6AB2
:1006C0007A689A4206D1FB6804221A77FB680122F5
:1006D00083F84420F868FCF752FFFB6800221A7781
:1006E00000BF1037BD4680BD80B487B000AFF86052
:1006F000B9607A60BB6803F00F03042202FA03F3C7
:100700007B61FB681A6A7B69DB431A40FB681A62EB
:10071000FB681A6ABB6803F00F03796801FA03F3F8
:100720001A43FB681A6200BF1C37BD4680BC704785
:1007300080B582B000AF78607B68002B01D10123C7
:1007400042E07B6893F84130DBB2002B06D17B6836
:10075000002283F8402078680BF080F97B6824221F
:1007600083F841207B681B68DA687B681B6822F489
:100770000052DA60786802F016FC7B681B681A6920
:100780007B681B6822F490421A617B681B685A6977
:100790007B681B6822F02A025A617B681B68DA6852
:1007A0007B681B6842F40052DA607B6800225A645E
:1007B0007B68202283F841207B68202283F8422036
:1007C0007B6800225A63002318460837BD4680BD67
:1007D00080B582B000AF78607B68002B01D1012327
:1007E0004AE07B6893F84130DBB2002B06D17B688E
:1007F000002283F8402078680BF030F97B682422CF
:1008000083F841207B681B68DA687B681B6822F4E8
:100810000052DA60786802F0C6FB7B681B681A69D0
:100820007B681B6822F490421A617B681B685A69D6
:100830007B681B6822F022025A617B681B685A6938
:100840007B681B6842F008025A617B681B68DA68A3
:100850007B681B6842F40052DA607B6800225A64AD
:100860007B68202283F841207B68202283F8422085
:100870007B6800225A63002318460837BD4680BDB6
:1008800080B582B000AF786039607B68002B01D101
:1008900001235AE07B6893F84130DBB2002B06D18C
:1008A0007B68002283F8402078680BF0D7F87B68DB
:1008B000242283F841207B681B68DA687B681B6808
:1008C00022F40052DA60786802F06DFB7B681B68E6
:1008D0001A697B681B6822F400621A617B681B68D6
:1008E0005A697B681B6822F02A025A617B681B6880
:1008F0001A697B681B6842F480421A617B681B6836
:100900001A697B681B6822F020021A617B681B68E9
:1009100019697B681B683A680A431A617B681B681F
:10092000DA687B681B6842F40052DA607B68002258
:100930005A647B68202283F841207B68202283F858
:1009400042207B6800225A63002318460837BD46C0
:1009500080BD80B584B000AFF8600B467A60FB7252
:10096000FB68002B01D1012362E0FB6893F8413062
:10097000DBB2002B06D1FB68002283F84020F86828
:100980000BF06CF8FB68242283F84120FB681B689D
:10099000DA68FB681B6822F40052DA60F86802F03B
:1009A00002FBFB681B681A69FB681B6822F4904213
:1009B0001A61FB681B685A69FB681B6822F02A02EF
:1009C0005A61FB681B681A69FB681B6822F00F02FA
:1009D0001A61FB681B681969FA7AFB681B680A438D
:1009E0001A61FB681B68DA68FB681B6822F4006206
:1009F000DA60FB681B68D968FB681B687A680A4381
:100A0000DA60FB681B68DA68FB681B6842F4005216
:100A1000DA60FB6800225A64FB68202283F84120D8
:100A2000FB68202283F84220FB6800225A630023DF
:100A300018461037BD4680BD80B582B000AF7860E3
:100A40007B68002B01D1012324E07B68242283F8FA
:100A500041207B681B68DA687B681B6822F40052BF
:100A6000DA60786800F023F87B6800225A647B68BB
:100A7000002283F841207B68002283F842207B68B3
:100A800000221A637B6800225A637B68002283F885
:100A90004020002318460837BD4680BD80B483B08F
:100AA00000AF786000BF0C37BD4680BC704780B493
:100AB00083B000AF786000BF0C37BD4680BC704784
:100AC00080B58AB002AFF860B9603B601346FB8026
:100AD00000237B61FB6893F84130DBB2202B75D19A
:100AE000BB68002B02D0FB88002B01D101236EE0F4
:100AF000FB6800225A64FB68212283F84120F4F746
:100B0000D1FF7861FB68FA889A84FB68FA88DA84F6
:100B1000FB689B68B3F5805F08D1FB681B69002BFD
:100B200004D10023FB61BB68BB6103E0BB68FB61D0
:100B30000023BB612EE03B6800937B69002280218B
:100B4000F86801F0B4FE0346002B05D0FB682022B4
:100B500083F8412003233AE0FB69002B0BD1BB69EA
:100B60001B881A46FB681B68C2F308025A60BB69FF
:100B70000233BB6107E0FB691A78FB681B685A60A7
:100B8000FB690133FB61FB68DB8C9BB2013B9AB2D2
:100B9000FB68DA84FB68DB8C9BB2002BCBD13B6813
:100BA00000937B6900224021F86801F080FE034633
:100BB000002B05D0FB68202283F84120032306E0A8
:100BC000FB68202283F84120002300E0022318461E
:100BD0002037BD4680BD80B58AB002AFF860B960ED
:100BE0003B601346FB8000237B61FB6893F8423037
:100BF000DBB2202B40F08180BB68002B02D0FB8849
:100C0000002B01D1012379E0FB6800225A64FB68C4
:100C1000222283F84220FB6800221A63F4F742FF85
:100C20007861FB68FA889A85FB68FA88DA85FB6840
:100C30009B68B3F5805F08D1FB681B69002B04D16A
:100C40000023FB61BB68BB6103E0BB68FB61002361
:100C5000BB6147E03B6800937B6900222021F86874
:100C600001F025FE0346002B05D0FB68202283F807
:100C70004220032342E0FB69002B0CD1FB681B6878
:100C80005B689BB2C3F308039AB2BB691A80BB6965
:100C90000233BB611FE0FB689B68B3F5805F07D040
:100CA000FB689B68002B0AD1FB681B69002B06D1EF
:100CB000FB681B685B68DAB2FB691A7008E0FB68C6
:100CC0001B685B68DBB203F07F03DAB2FB691A7062
:100CD000FB690133FB61FB68DB8D9BB2013B9AB280
:100CE000FB68DA85FB68DB8D9BB2002BB2D1FB6819
:100CF000202283F84220002300E0022318462037F8
:100D0000BD4680BD80B485B000AFF860B9601346C1
:100D1000FB80FB6893F84130DBB2202B21D1BB680C
:100D2000002B02D0FB88002B01D101231AE0FB68C5
:100D3000BA681A62FB68FA889A84FB68FA88DA84CF
:100D4000FB6800225A64FB68212283F84120FB687B
:100D50001B68DA68FB681B6842F08002DA600023D7
:100D600000E0022318461437BD4680BC704780B5AA
:100D700084B000AFF860B9601346FB80FB6893F85D
:100D80004230DBB2202B12D1BB68002B02D0FB8893
:100D9000002B01D101230BE0FB6800221A63FB88C2
:100DA0001A46B968F86801F0DBFD034600E002234B
:100DB00018461037BD4680BD80B58CB000AFF860D6
:100DC000B9601346FB80FB6893F84130DBB2202BFF
:100DD00056D1BB68002B02D0FB88002B01D1012328
:100DE0004FE0BA68FB681A62FB68FA889A84FB686D
:100DF000FA88DA84FB6800225A64FB68212283F8AF
:100E00004120FB689B6B214ADA63FB689B6B204A9D
:100E10001A64FB689B6B1F4ADA64FB689B6B0022B9
:100E20001A6507F10803FB62FB68986BFB6A196897
:100E3000FB681B6804331A46FB8802F06EFCFB68F3
:100E40001B686FF040021A60FB681B681433BB61BB
:100E5000BB6953E8003F7B617B6943F08003BB6261
:100E6000FB681B681433BA6A7A623B62396A7A6A31
:100E700041E80023FB61FB69002BE5D1002300E082
:100E8000022318463037BD4680BD00BF0526010845
:100E90009F2601082328010880B584B000AFF860C0
:100EA000B9601346FB80FB6893F84230DBB2202B1D
:100EB00012D1BB68002B02D0FB88002B01D101238B
:100EC0000BE0FB6800221A63FB881A46B968F868D1
:100ED00001F07FFD034600E0022318461037BD46AF
:100EE00080BD80B49DB000AF78600023FB667B6856
:100EF0001B685B6903F08003C3F3C013DBB2FB66BE
:100F00007B6893F84130DBB2212B1CD1FB6E002BA8
:100F100019D07B681B681433FB64FB6C53E8003FFB
:100F2000BB64BB6C23F08003BB667B681B68143317
:100F3000BA6EBA657B65796DBA6D41E800233B6591
:100F40003B6D002BE5D17B681B685B6903F04003B8
:100F5000C3F38013DBB2FB667B6893F84230DBB2ED
:100F6000222B50D1FB6E002B4DD07B681B680C33BD
:100F7000BB63BB6B53E8003F7B637B6B23F48073E5
:100F80007B667B681B680C337A6E7A643B64396CD1
:100F90007A6C41E80023FB63FB6B002BE5D17B6897
:100FA0001B6814337B627B6A53E8003F3B623B6AF9
:100FB00023F001033B667B681B6814333A6E3A6387
:100FC000FB62F96A3A6B41E80023BB62BB6A002B03
:100FD000E5D17B681B6814333B613B6953E8003FF4
:100FE000FB60FB6823F04003FB657B681B681433E0
:100FF000FA6DFA61BB61B969FA6941E800237B6166
:101000007B69002BE5D1002318467437BD4680BCB0
:10101000704780B49DB000AF78607B6893F8413032
:10102000DBB2212B19D17B681B6814333B653B6D08
:1010300053E8003FFB64FB6C43F08003FB667B6876
:101040001B681433FA6EFA65BB65B96DFA6D41E839
:1010500000237B657B6D002BE5D17B6893F84230E4
:10106000DBB2222B5CD10023FB607B681B681B6812
:10107000FB607B681B685B68FB60FB687B681B69C7
:10108000002B19D07B681B680C33FB63FB6B53E8A8
:10109000003FBB63BB6B43F48073BB667B681B681C
:1010A0000C33BA6EBA647B64796CBA6C41E8002385
:1010B0003B643B6C002BE5D17B681B681433BB623F
:1010C000BB6A53E8003F7B627B6A43F001037B66A7
:1010D0007B681B6814337A6E7A633B63396B7A6B77
:1010E00041E80023FB62FB6A002BE5D17B681B68AB
:1010F00014337B617B6953E8003F3B613B6943F0FC
:1011000040033B667B681B6814333A6E3A62FB61AE
:10111000F9693A6A41E80023BB61BB69002BE5D15C
:10112000002318467437BD4680BC704780B590B028
:1011300000AF78600023FB637B681B685B6903F08A
:101140008003C3F3C013DBB2FB637B6893F84130C9
:10115000DBB2212B28D1FB6B002B25D07B681B68D1
:1011600014337B627B6A53E8003F3B623B6A23F0A7
:101170008003BB637B681B681433BA6B3A63FB6202
:10118000F96A3A6B41E80023BB62BB6A002BE5D1E8
:101190007B689B6B002B04D07B689B6B184602F02E
:1011A00014FB786801F0B0FC7B681B685B6903F096
:1011B0004003C3F38013DBB2FB637B6893F84230D8
:1011C000DBB2222B28D1FB6B002B25D07B681B6860
:1011D00014333B613B6953E8003FFB60FB6823F03D
:1011E00040037B637B681B6814337A6BFA61BB61D5
:1011F000B969FA6941E800237B617B69002BE5D17D
:101200007B68DB6B002B04D07B68DB6B184602F03D
:10121000DCFA786801F09FFC002318464037BD4691
:1012200080BD80B588B000AFF860B9603B60134600
:10123000FB80FB6893F84230DBB2202B40F0C0808B
:10124000BB68002B02D0FB88002B01D10123B8E042
:10125000FB6800225A64FB68222283F84220FB6864
:1012600001221A63FB6800225A63F4F71BFC7861C1
:10127000FB68FA889A85FB68FA88DA85FB689B68C0
:10128000B3F5805F08D1FB681B69002B04D10023F4
:10129000FB61BB68BB6103E0BB68FB610023BB6112
:1012A0003B6800221A8077E0FB681B681B6803F02C
:1012B0001003102B17D100233B61FB681B681B68D0
:1012C0003B61FB681B685B683B613B693B681B8853
:1012D000002B08D0FB6802225A63FB68202283F8A7
:1012E000422000236DE0FB681B681B6803F02003AD
:1012F000202B3CD1FB69002B0CD1FB681B685B6881
:101300009BB2C3F308039AB2BB691A80BB6902336C
:10131000BB611FE0FB689B68B3F5805F07D0FB688B
:101320009B68002B0AD1FB681B69002B06D1FB6868
:101330001B685B68DAB2FB691A7008E0FB681B681F
:101340005B68DBB203F07F03DAB2FB691A70FB69FA
:101350000133FB613B681B8801339AB23B681A80FA
:10136000FB68DB8D9BB2013B9AB2FB68DA85BB6AF6
:10137000B3F1FF3F10D0F4F795FB02467B69D31A17
:10138000BA6A9A4202D3BB6A002B05D1FB682022BD
:1013900083F84220032314E0FB68DB8D9BB2002B13
:1013A00082D1FB689A8DFB68DB8D9BB2D31A9AB20F
:1013B0003B681A80FB68202283F84220002300E06B
:1013C000022318462037BD4680BD80B58CB000AFE3
:1013D000F860B9601346FB80FB6893F84230DBB2DB
:1013E000202B4AD1BB68002B02D0FB88002B01D1F7
:1013F000012343E0FB6801221A63FB6800225A6361
:10140000FB881A46B968F86801F0AAFA034687F81B
:101410002F3097F82F30002B2CD1FB681B6B012B42
:1014200025D100233B61FB681B681B683B61FB689F
:101430001B685B683B613B69FB681B680C33BB61E5
:10144000BB6953E8003F7B617B6943F01003BB62DB
:10145000FB681B680C33BA6A7A623B62396A7A6A43
:1014600041E80023FB61FB69002BE5D102E0012389
:1014700087F82F3097F82F3000E0022318463037D6
:10148000BD4680BD80B58CB000AFF860B960134632
:10149000FB80FB6893F84230DBB2202B4AD1BB685B
:1014A000002B02D0FB88002B01D1012343E0FB6815
:1014B00001221A63FB6800225A63FB881A46B96846
:1014C000F86801F086FA034687F82F3097F82F3036
:1014D000002B2CD1FB681B6B012B25D100233B611A
:1014E000FB681B681B683B61FB681B685B683B61B2
:1014F0003B69FB681B680C33BB61BB6953E8003F69
:101500007B617B6943F01003BB62FB681B680C3393
:10151000BA6A7A623B62396A7A6A41E80023FB61FF
:10152000FB69002BE5D102E0012387F82F3097F803
:101530002F3000E0022318463037BD4680BD80B40E
:1015400083B000AF78607B685B6B18460C37BD4694
:1015500080BC704780B5A0B000AF78607B681B6826
:101560000C33FB65FB6D53E8003FBB65BB6D23F49B
:10157000F073FB677B681B680C33FA6FBA667B6697
:10158000796EBA6E41E800233B663B6E002BE5D1D5
:101590007B681B681433BB64BB6C53E8003F7B64FF
:1015A0007B6C23F00103BB677B681B681433BA6F45
:1015B0007A653B65396D7A6D41E80023FB64FB6C0D
:1015C000002BE5D17B681B6B012B19D17B681B6855
:1015D0000C337B637B6B53E8003F3B633B6B23F037
:1015E00010037B677B681B680C337A6F3A64FB637C
:1015F000F96B3A6C41E80023BB63BB6B002BE5D170
:101600007B681B685B6903F08003802B36D17B68A5
:101610001B6814333B623B6A53E8003FFB61FB6984
:1016200023F080033B677B681B6814333A6FFA62D0
:10163000BB62B96AFA6A41E800237B627B6A002BCD
:10164000E5D17B689B6B002B18D07B689B6B0022DD
:101650001A657B689B6B184602F0B7F80346002BAF
:101660000CD07B689B6B184602F079FC0346202B5C
:1016700004D17B6810225A64032352E07B681B6804
:101680005B6903F04003402B36D17B681B68143341
:10169000FB60FB6853E8003FBB60BB6823F040037E
:1016A000FB667B681B681433FA6EBA617B617969EB
:1016B000BA6941E800233B613B69002BE5D17B68B7
:1016C000DB6B002B18D07B68DB6B00221A657B6814
:1016D000DB6B184602F079F80346002B0CD07B68D0
:1016E000DB6B184602F03BFC0346202B04D17B68E1
:1016F00010225A64032314E07B680022DA847B689A
:101700000022DA857B6800225A647B68202283F8F5
:1017100042207B68202283F841207B6800221A63E4
:10172000002318468037BD4680BD80B58EB000AF1F
:1017300078607B681B680C333B623B6A53E8003F70
:10174000FB61FB6923F0C0037B637B681B680C3380
:101750007A6BFA62BB62B96AFA6A41E800237B627B
:101760007B6A002BE5D17B681B685B6903F0800313
:10177000802B36D17B681B681433FB60FB6853E811
:10178000003FBB60BB6823F080033B637B681B6842
:1017900014333A6BBA617B617969BA6941E8002315
:1017A0003B613B69002BE5D17B689B6B002B18D01C
:1017B0007B689B6B00221A657B689B6B184602F066
:1017C00004F80346002B0CD07B689B6B184602F094
:1017D000C6FB0346202B04D17B6810225A640323E6
:1017E00007E07B680022DA847B68202283F84120AE
:1017F000002318463837BD4680BD80B59AB000AF8B
:1018000078607B681B680C33BB64BB6C53E8003F9B
:101810007B647B6C23F490737B667B681B680C3362
:101820007A6E7A653B65396D7A6D41E80023FB6419
:10183000FB6C002BE5D17B681B6814337B637B6BEF
:1018400053E8003F3B633B6B23F001033B667B683F
:101850001B6814333A6E3A64FB63F96B3A6C41E8E7
:101860000023BB63BB6B002BE5D17B681B6B012B9B
:1018700019D17B681B680C333B623B6A53E8003F1D
:10188000FB61FB6923F01003FB657B681B680C336D
:10189000FA6DFA62BB62B96AFA6A41E800237B62B8
:1018A0007B6A002BE5D17B681B685B6903F0400312
:1018B000402B36D17B681B681433FB60FB6853E810
:1018C000003FBB60BB6823F04003BB657B681B68BF
:1018D0001433BA6DBA617B617969BA6941E8002352
:1018E0003B613B69002BE5D17B68DB6B002B18D09B
:1018F0007B68DB6B00221A657B68DB6B184601F0A6
:1019000064FF0346002B0CD07B68DB6B184602F0AB
:1019100026FB0346202B04D17B6810225A64032344
:101920000AE07B680022DA857B68202283F8422067
:101930007B6800221A63002318466837BD4680BDC5
:1019400080B5A2B000AF78600123C7F884307B680F
:101950001B680C333B663B6E53E8003FFB65FB6D39
:1019600023F4F073C7F880307B681B680C33D7F81A
:101970008020FA66BB66B96EFA6E41E800237B668A
:101980007B6E002BE3D17B681B681433FB64FB6C1C
:1019900053E8003FBB64BB6C23F00103FB677B682B
:1019A0001B681433FA6FBA657B65796DBA6D41E8CF
:1019B00000233B653B6D002BE5D17B681B6B012B46
:1019C00019D17B681B680C33BB63BB6B53E8003FCA
:1019D0007B637B6B23F01003BB677B681B680C3356
:1019E000BA6F7A643B64396C7A6C41E80023FB631C
:1019F000FB6B002BE5D17B689B6B002B0FD07B68CA
:101A00001B685B6903F08003802B04D17B689B6BB0
:101A1000534A1A6503E07B689B6B00221A657B685A
:101A2000DB6B002B0FD07B681B685B6903F0400306
:101A3000402B04D17B68DB6B4A4A1A6503E07B6864
:101A4000DB6B00221A657B681B685B6903F080030F
:101A5000802B2DD17B681B6814337B627B6A53E833
:101A6000003F3B623B6A23F080037B677B681B6817
:101A700014337A6F3A63FB62F96A3A6B41E80023E8
:101A8000BB62BB6A002BE5D17B689B6B002B0FD040
:101A90007B689B6B184601F008FF0346002B04D0BF
:101AA0007B689B6B00221A6502E00023C7F8843034
:101AB0007B681B685B6903F04003402B30D17B6877
:101AC0001B6814333B613B6953E8003FFB60FB68D4
:101AD00023F040033B677B681B6814333A6FFA615D
:101AE000BB61B969FA6941E800237B617B69002B1E
:101AF000E5D17B68DB6B002B12D07B68DB6B184673
:101B000001F0D3FE0346002B07D07B68DB6B00227D
:101B10001A650123C7F8843002E00023C7F8843037
:101B2000D7F88430012B16D17B680022DA847B68D9
:101B30000022DA857B6800225A647B68202283F8C1
:101B400041207B68202283F842207B6800221A63B0
:101B5000786800F0ECFB002318468837BD4680BD4E
:101B6000432C0108A32C010880B58EB000AF78602B
:101B70007B681B680C333B623B6A53E8003FFB61A8
:101B8000FB6923F0C0037B637B681B680C337A6BB3
:101B9000FA62BB62B96AFA6A41E800237B627B6A37
:101BA000002BE5D17B681B685B6903F08003802B09
:101BB0003CD17B681B681433FB60FB6853E8003F33
:101BC000BB60BB6823F080033B637B681B681433F6
:101BD0003A6BBA617B617969BA6941E800233B617C
:101BE0003B69002BE5D17B689B6B002B13D07B6896
:101BF0009B6B164A1A657B689B6B184601F055FE75
:101C00000346002B1CD07B689B6B1B6D7A68926B24
:101C10001046984714E07B680022DA847B68202213
:101C200083F84120786800F08BFB09E07B68002294
:101C3000DA847B68202283F84120786800F080FBFA
:101C4000002318463837BD4680BD00BF032D01086C
:101C500080B59AB000AF78607B681B680C33BB64BA
:101C6000BB6C53E8003F7B647B6C23F490737B6612
:101C70007B681B680C337A6E7A653B65396D7A6DCB
:101C800041E80023FB64FB6C002BE5D17B681B68FB
:101C900014337B637B6B53E8003F3B633B6B23F068
:101CA00001033B667B681B6814333A6E3A64FB633E
:101CB000F96B3A6C41E80023BB63BB6B002BE5D1A9
:101CC0007B681B6B012B19D17B681B680C333B6253
:101CD0003B6A53E8003FFB61FB6923F01003FB659F
:101CE0007B681B680C33FA6DFA62BB62B96AFA6AE8
:101CF00041E800237B627B6A002BE5D17B681B688F
:101D00005B6903F04003402B3FD17B681B681433B1
:101D1000FB60FB6853E8003FBB60BB6823F04003F7
:101D2000BB657B681B681433BA6DBA617B617969E6
:101D3000BA6941E800233B613B69002BE5D17B6830
:101D4000DB6B002B13D07B68DB6B194A1A657B6851
:101D5000DB6B184601F0A9FD0346002B22D07B68FF
:101D6000DB6B1B6D7A68D26B104698471AE07B6874
:101D70000022DA857B68202283F842207B680022DB
:101D80001A63786800F0E5FA0CE07B680022DA85D7
:101D90007B68202283F842207B6800221A637868DF
:101DA00000F0D7FA002318466837BD4680BD00BF53
:101DB0002D2D010880B5BAB000AF78607B681B6834
:101DC0001B68C7F8E4307B681B68DB68C7F8E03045
:101DD0007B681B685B69C7F8DC300023C7F8D83024
:101DE0000023C7F8D430D7F8E43003F00F03C7F866
:101DF000D830D7F8D830002B0FD1D7F8E43003F023
:101E00002003002B09D0D7F8E03003F02003002B8B
:101E100003D0786801F009F859E2D7F8D830002BE0
:101E200000F0DC80D7F8DC3003F00103002B06D192
:101E3000D7F8E03003F49073002B00F0CF80D7F890
:101E4000E43003F00103002B0BD0D7F8E03003F4AB
:101E50008073002B05D07B685B6C43F001027B68CC
:101E60005A64D7F8E43003F00403002B0BD0D7F802
:101E7000DC3003F00103002B05D07B685B6C43F082
:101E800002027B685A64D7F8E43003F00203002BA7
:101E90000BD0D7F8DC3003F00103002B05D07B68B2
:101EA0005B6C43F004027B685A64D7F8E43003F0BB
:101EB0000803002B11D0D7F8E03003F02003002BEB
:101EC00005D1D7F8DC3003F00103002B05D07B6887
:101ED0005B6C43F008027B685A647B685B6C002B88
:101EE00000F0F081D7F8E43003F02003002B08D095
:101EF000D7F8E03003F02003002B02D0786800F020
:101F000094FF7B681B685B6903F04003C3F3801395
:101F1000DBB2C7F8D4307B685B6C03F00803002B9E
:101F200003D1D7F8D430002B4FD0786800F013FEDF
:101F30007B681B685B6903F04003402B41D17B68E1
:101F40001B681433C7F89C30D7F89C3053E8003F27
:101F5000C7F89830D7F8983023F04003C7F8D0304E
:101F60007B681B681433D7F8D020C7F8A820C7F8BF
:101F7000A430D7F8A410D7F8A82041E80023C7F868
:101F8000A030D7F8A030002BD9D17B68DB6B002BB9
:101F900013D07B68DB6B7E4A1A657B68DB6B184667
:101FA00001F083FC0346002B16D07B68DB6B1B6DB6
:101FB0007A68D26B104698470EE0786800F0AEF968
:101FC0000AE0786800F0AAF906E0786800F0A6F95F
:101FD0007B6800225A6475E100BF73E17B681B6B6C
:101FE000012B40F04F81D7F8E43003F01003002BB1
:101FF00000F04881D7F8E03003F01003002B00F028
:1020000041810023BB607B681B681B68BB607B68E9
:102010001B685B68BB60BB687B681B685B6903F01F
:102020004003402B40F0B6807B68DB6B1B685B682D
:10203000A7F8BE30B7F8BE30002B00F045817B68B2
:102040009B8DB7F8BE209A4280F03E817B68B7F83E
:10205000BE20DA857B68DB6BDB69B3F5807F00F03F
:1020600088807B681B680C33C7F88830D7F88830C5
:1020700053E8003FC7F88430D7F8843023F48073E6
:10208000C7F8B8307B681B680C33D7F8B820C7F89E
:102090009420C7F89030D7F89010D7F8942041E8F2
:1020A0000023C7F88C30D7F88C30002BD9D17B684F
:1020B0001B6814337B677B6F53E8003F3B673B6FC4
:1020C00023F00103C7F8B4307B681B681433D7F8DA
:1020D000B420C7F88020FB67F96FD7F8802041E86B
:1020E0000023BB67BB6F002BE1D17B681B681433F7
:1020F0003B663B6E53E8003FFB65FB6D23F04003FE
:10210000C7F8B0307B681B681433D7F8B020FA6684
:10211000BB66B96EFA6E41E800237B667B6E002BCE
:10212000E3D17B68202283F842207B6800221A6377
:102130007B681B680C33FB64FB6C53E8003FBB649B
:10214000BB6C23F01003C7F8AC307B681B680C3302
:10215000D7F8AC20BA657B65796DBA6D41E800238C
:102160003B653B6D002BE3D17B68DB6B184601F0D0
:102170002CFB7B6802225A637B689A8D7B68DB8D1F
:102180009BB2D31A9BB21946786800F0EBF89BE03B
:102190001B2C01087B689A8D7B68DB8D9BB2D31A60
:1021A000A7F8CE307B68DB8D9BB2002B00F08E80D1
:1021B000B7F8CE30002B00F089807B681B680C33A9
:1021C000BB63BB6B53E8003F7B637B6B23F4907373
:1021D000C7F8C8307B681B680C33D7F8C8207A640E
:1021E0003B64396C7A6C41E80023FB63FB6B002B8A
:1021F000E3D17B681B6814337B627B6A53E8003F42
:102200003B623B6A23F00103C7F8C4307B681B685C
:102210001433D7F8C4203A63FB62F96A3A6B41E899
:102220000023BB62BB6A002BE3D17B68202283F8CA
:1022300042207B6800221A637B681B680C333B6179
:102240003B6953E8003FFB60FB6823F01003C7F8CD
:10225000C0307B681B680C33D7F8C020FA61BB61C3
:10226000B969FA6941E800237B617B69002BE3D1FE
:102270007B6802225A63B7F8CE301946786800F0BE
:1022800071F823E0D7F8E43003F08003002B09D085
:10229000D7F8E03003F08003002B03D0786800F01B
:1022A0005DFD14E0D7F8E43003F04003002B0ED0BE
:1022B000D7F8E03003F04003002B08D0786800F036
:1022C0009CFD04E000BF02E000BF00E000BFE83773
:1022D000BD4680BD80B483B000AF786000BF0C37CE
:1022E000BD4680BC704780B483B000AF786000BF4B
:1022F0000C37BD4680BC704780B483B000AF7860B7
:1023000000BF0C37BD4680BC704780B483B000AFBF
:10231000786000BF0C37BD4680BC704780B483B086
:1023200000AF786000BF0C37BD4680BC704780B4FA
:1023300083B000AF786000BF0C37BD4680BC7047EB
:1023400080B483B000AF786000BF0C37BD4680BC5E
:10235000704780B483B000AF786000BF0C37BD46D3
:1023600080BC704780B483B000AF78600B467B8040
:1023700000BF0C37BD4680BC704780B489B000AF49
:1023800078607B6893F84030012B01D102232AE06A
:102390007B68012283F840207B68242283F8412057
:1023A0007B681B680C33FB60FB6853E8003FBB6035
:1023B000BB6843F00103FB617B681B680C33FA695F
:1023C000BA617B617969BA6941E800233B613B6985
:1023D000002BE5D17B68202283F841207B68002216
:1023E00083F84020002318462437BD4680BC704740
:1023F00080B489B000AF78607B6893F84030012BDF
:1024000001D102232DE07B68012283F840207B6804
:10241000242283F841207B681B680C33FB60FB6837
:1024200053E8003FBB60BB6843F00203FB617B687D
:102430001B680C33FA69BA617B617969BA6941E852
:1024400000233B613B69002BE5D17B68202283F8A8
:1024500041207B6800225A637B68002283F8402079
:10246000002318462437BD4680BC704780B489B02D
:1024700000AF78607B6893F84030012B01D10223D4
:102480002DE07B68012283F840207B68242283F8BA
:1024900041207B681B680C33FB60FB6853E8003FFE
:1024A000BB60BB6823F00203FB617B681B680C33D5
:1024B000FA69BA617B617969BA6941E800233B61D5
:1024C0003B69002BE5D17B68202283F841207B68A3
:1024D00000225A637B68002283F8402000231846BC
:1024E0002437BD4680BC704780B485B000AF7860AB
:1024F0000023FB607B6893F84030012B01D102235D
:1025000020E07B68012283F840207B68242283F846
:1025100041207B681B68DB68FB60FB6823F00C03D1
:10252000FB60FB6843F00803FB607B681B68FA688C
:10253000DA607B68202283F841207B68002283F8E0
:102540004020002318461437BD4680BC704780B435
:1025500085B000AF78600023FB607B6893F8403063
:10256000012B01D1022320E07B68012283F8402067
:102570007B68242283F841207B681B68DB68FB6052
:10258000FB6823F00C03FB60FB6843F00403FB6073
:102590007B681B68FA68DA607B68202283F8412038
:1025A0007B68002283F84020002318461437BD467C
:1025B00080BC704780B485B000AF78600023FB60BA
:1025C0000023BB607B6893F84130DBB2FB607B6823
:1025D00093F84230DBB2BB60FB68DAB2BB68DBB2B7
:1025E0001343DBB218461437BD4680BC704780B435
:1025F00083B000AF78607B685B6C18460C37BD46D3
:1026000080BC704780B590B000AF78607B689B6BF2
:10261000FB637B681B681B6803F48073002B37D156
:10262000FB6B0022DA84FB6B1B6814337B627B6AD2
:1026300053E8003F3B623B6A23F08003BB63FB6BC4
:102640001B681433BA6B3A63FB62F96A3A6B41E870
:102650000023BB62BB6A002BE5D1FB6B1B680C330C
:102660003B613B6953E8003FFB60FB6843F040037C
:102670007B63FB6B1B680C337A6BFA61BB61B969D6
:10268000FA6941E800237B617B69002BE5D102E018
:10269000F86BFFF71FFE00BF4037BD4680BD80B519
:1026A00084B000AF78607B689B6BFB60F868FFF7D5
:1026B0001AFE00BF1037BD4680BD80B59CB000AF8C
:1026C00078607B689B6BFB667B681B681B6803F408
:1026D0008073002B72D1FB6E0022DA85FB6E1B68C3
:1026E0000C33FB64FB6C53E8003FBB64BB6C23F40E
:1026F0008073BB66FB6E1B680C33BA6EBA657B6574
:10270000796DBA6D41E800233B653B6D002BE5D147
:10271000FB6E1B681433BB63BB6B53E8003F7B63EA
:102720007B6B23F001037B66FB6E1B6814337A6EB0
:102730007A643B64396C7A6C41E80023FB63FB6B81
:10274000002BE5D1FB6E1B6814337B627B6A53E878
:10275000003F3B623B6A23F040033B66FB6E1B6815
:1027600014333A6E3A63FB62F96A3A6B41E800232C
:10277000BB62BB6A002BE5D1FB6E202283F84220AE
:10278000FB6E1B6B012B19D1FB6E1B680C333B617D
:102790003B6953E8003FFB60FB6823F01003FB65D7
:1027A000FB6E1B680C33FA6DFA61BB61B969FA699B
:1027B00041E800237B617B69002BE5D1FB6E0022A1
:1027C0005A63FB6E1B6B012B06D1FB6E9B8D19466A
:1027D000F86EFFF7C7FD02E0F86EFFF78DFD00BF52
:1027E0007037BD4680BD80B584B000AF78607B682F
:1027F0009B6BFB60FB6801225A63FB681B6B012B20
:1028000008D1FB689B8D5B089BB21946F868FFF7FF
:10281000A9FD02E0F868FFF778FD00BF1037BD465C
:1028200080BD80B584B000AF78600023FB607B681A
:102830009B6BBB60BB681B685B6903F08003C3F3E1
:10284000C013DBB2FB60BB6893F84130DBB2212BD5
:1028500008D1FB68002B05D0BB680022DA84B86879
:1028600000F052F9BB681B685B6903F04003C3F3D7
:102870008013DBB2FB60BB6893F84230DBB2222BE3
:1028800008D1FB68002B05D0BB680022DA85B86848
:1028900000F061F9BB685B6C43F01002BB685A64DE
:1028A000B868FFF73BFD00BF1037BD4680BD80B55F
:1028B00086B000AFF860B9603B601346FB713BE047
:1028C0003B6AB3F1FF3F37D0F3F7ECF802463B68C1
:1028D000D31A3A6A9A4202D33B6A002B01D10323EE
:1028E0003AE0FB681B68DB6803F00403002B23D08D
:1028F000BB68802B20D0BB68402B1DD0FB681B68B9
:102900001B6803F00803082B16D100237B61FB68CA
:102910001B681B687B61FB681B685B687B617B696C
:10292000F86800F018F9FB6808225A64FB68002276
:1029300083F8402001230FE0FB681B681A68BB681E
:102940001340BA689A420CBF01230023DBB21A4637
:10295000FB799A42B4D0002318461837BD4680BD93
:1029600080B485B000AFF860B9601346FB80FB68A7
:10297000BA689A62FB68FA889A85FB68FA88DA85F1
:10298000FB6800225A64FB68222283F84220FB681D
:102990001B69002B07D0FB681B68DA68FB681B68A3
:1029A00042F48072DA60FB681B685A69FB681B6836
:1029B00042F001025A61FB681B68DA68FB681B6819
:1029C00042F02002DA60002318461437BD4680BC6E
:1029D000704780B598B000AFF860B9601346FB80CF
:1029E000BA68FB689A62FB68FA889A85FB680022DD
:1029F0005A64FB68222283F84220FB68DB6B3F4A63
:102A0000DA63FB68DB6B3E4A1A64FB68DB6B3D4AAA
:102A1000DA64FB68DB6B00221A6507F10803FB65CB
:102A2000FB68D86BFB681B6804331946FB6D1A689A
:102A3000FB8800F072FE00233B61FB681B681B688B
:102A40003B61FB681B685B683B613B69FB681B691A
:102A5000002B19D0FB681B680C333B643B6C53E8BC
:102A6000003FFB63FB6B43F48073BB65FB681B6833
:102A70000C33BA6DFA64BB64B96CFA6C41E800239C
:102A80007B647B6C002BE5D1FB681B681433FB6215
:102A9000FB6A53E8003FBB62BB6A43F001037B65FE
:102AA000FB681B6814337A6DBA637B63796BBA6B0E
:102AB00041E800233B633B6B002BE5D1FB681B68BF
:102AC0001433BB61BB6953E8003F7B617B6943F012
:102AD00040033B65FB681B6814333A6D7A623B62C6
:102AE000396A7A6A41E80023FB61FB69002BE5D172
:102AF000002318466037BD4680BD00BFBB260108D5
:102B0000E72701082328010880B489B000AF786066
:102B10007B681B680C33FB60FB6853E8003FBB60BD
:102B2000BB6823F0C003FB617B681B680C33FA6948
:102B3000BA617B617969BA6941E800233B613B690D
:102B4000002BE5D17B68202283F8412000BF243789
:102B5000BD4680BC704780B495B000AF78607B689C
:102B60001B680C337B637B6B53E8003F3B633B6B21
:102B700023F49073FB647B681B680C33FA6C3A6433
:102B8000FB63F96B3A6C41E80023BB63BB6B002B22
:102B9000E5D17B681B6814333B623B6A53E8003F16
:102BA000FB61FB6923F00103BB647B681B68143382
:102BB000BA6CFA62BB62B96AFA6A41E800237B62C6
:102BC0007B6A002BE5D17B681B6B012B19D17B68DD
:102BD0001B680C33FB60FB6853E8003FBB60BB68BD
:102BE00023F010037B647B681B680C337A6CBA613A
:102BF0007B617969BA6941E800233B613B69002B3D
:102C0000E5D17B68202283F842207B6800221A638A
:102C100000BF5437BD4680BC704780B584B000AF5C
:102C200078607B689B6BFB60FB680022DA85FB6841
:102C30000022DA84F868FFF771FB00BF1037BD4649
:102C400080BD80B584B000AF78607B689B6BFB6013
:102C5000FB689B6B00221A65FB68DB6B002B04D0C2
:102C6000FB68DB6B1B6D002B17D1FB680022DA843D
:102C7000FB680022DA85FB6800225A64FB68202288
:102C800083F84120FB68202283F84220FB68002261
:102C90001A63F868FFF74BFB00E000BF1037BD4632
:102CA00080BD80B584B000AF78607B689B6BFB60B3
:102CB000FB68DB6B00221A65FB689B6B002B04D062
:102CC000FB689B6B1B6D002B17D1FB680022DA841D
:102CD000FB680022DA85FB6800225A64FB68202228
:102CE00083F84120FB68202283F84220FB68002201
:102CF0001A63F868FFF71BFB00E000BF1037BD4602
:102D000080BD80B584B000AF78607B689B6BFB6052
:102D1000FB680022DA84FB68202283F84120F868EF
:102D2000FFF70EFB00BF1037BD4680BD80B584B0F5
:102D300000AF78607B689B6BFB60FB680022DA85E4
:102D4000FB68202283F84220FB6800221A63F8689F
:102D5000FFF7FFFA00BF1037BD4680BD80B485B0D5
:102D600000AF78607B6893F84130DBB2212B3ED115
:102D70007B689B68B3F5805F14D17B681B69002B6F
:102D800010D17B681B6AFB60FB681B881A467B6856
:102D90001B68C2F308025A607B681B6A9A1C7B6836
:102DA0001A6208E07B681B6A591C7A6811621A78FB
:102DB0007B681B685A607B68DB8C9BB2013B9BB2D3
:102DC0007A681946D184002B0FD17B681B68DA68BA
:102DD0007B681B6822F08002DA607B681B68DA6817
:102DE0007B681B6842F04002DA60002300E00223A7
:102DF00018461437BD4680BC704780B582B000AF1E
:102E000078607B681B68DA687B681B6822F0400288
:102E1000DA607B68202283F841207868FFF75AFA4D
:102E2000002318460837BD4680BD80B58CB000AF82
:102E300078607B6893F84230DBB2222B40F0AE80A2
:102E40007B689B68B3F5805F17D17B681B69002B9B
:102E500013D10023FB627B689B6ABB627B681B68A3
:102E60005B689BB2C3F308039AB2BB6A1A807B68A3
:102E70009B6A9A1C7B689A6226E07B689B6AFB626D
:102E80000023BB627B689B68B3F5805F07D07B68DB
:102E90009B68002B0AD17B681B69002B06D17B68DD
:102EA0001B685B68DAB2FB6A1A7008E07B681B6813
:102EB0005B68DBB203F07F03DAB2FB6A1A707B68EF
:102EC0009B6A5A1C7B689A627B68DB8D9BB2013BD4
:102ED0009BB27A681946D185002B5DD17B681B684F
:102EE000DA687B681B6822F02002DA607B681B6866
:102EF000DA687B681B6822F48072DA607B681B6882
:102F00005A697B681B6822F001025A617B682022A3
:102F100083F842207B6800225A637B681B6B012B7D
:102F200035D17B6800221A637B681B680C337B6198
:102F30007B6953E8003F3B613B6923F010037B62F0
:102F40007B681B680C337A6A3A62FB61F9693A6AFA
:102F500041E80023BB61BB69002BE5D17B681B689E
:102F60001B6803F01003102B0AD10023FB607B6861
:102F70001B681B68FB607B681B685B68FB60FB6809
:102F80007B689B8D19467868FFF7ECF902E078685A
:102F9000FFF7B2F9002302E0002300E00223184605
:102FA0003037BD4680BD2DE9B04FC0B000AFC7F887
:102FB000F400D7F8F4301B681B6923F44050D7F8AD
:102FC000F430D968D7F8F4301A6840EA0103136185
:102FD000D7F8F4309A68D7F8F4301B691A43D7F859
:102FE000F4305B691A43D7F8F430DB691343C7F850
:102FF000F830D7F8F4301B68DB6823F4164121F071
:103000000C01D7F8F4301A68D7F8F8300B43D360C6
:10301000D7F8F4301B685B6923F44070D7F8F430BC
:103020009969D7F8F4301A6840EA01035361D7F878
:10303000F4301A688E4B9A4205D0D7F8F4301A68EB
:103040008C4B9A4204D1F5F799FAC7F8FC0003E0DB
:10305000F5F780FAC7F8FC00D7F8F430DB69B3F570
:10306000004F40F00B81D7F8FC300022C7F8E83061
:10307000C7F8EC20D7E93A4522462B469118B965A6
:103080005B41FB65D7E91623214612EB010829466F
:1030900043EB01094FF000024FF000034FEAC90370
:1030A00043EA58734FEAC80290469946234618EB04
:1030B0000303C7F8E0302B4649EB0303C7F8E430BD
:1030C000D7F8F4305B680022C7F8D830C7F8DC20A6
:1030D000D7E936120B46DB183B65134642EB030378
:1030E0007B65D7E91423D7E9380108F041F9024696
:1030F0000B46614BA3FB02235B091C01D7F8FC3094
:103100000022C7F8D030C7F8D420D7E93489424626
:103110004B469118B9645B41FB64D7E912234146E1
:1031200012EB010A494643EB010B4FF000024FF04E
:1031300000034FEACB0343EA5A734FEACA029246AE
:103140009B4643461AEB0303C7F8C8304B464BEB8C
:103150000303C7F8CC30D7F8F4305B680022C7F817
:10316000C030C7F8C420D7E930120B46DB183B64E7
:10317000134642EB03037B64D7E91023D7E93201FE
:1031800008F0F6F802460B4611463B4BA3FB012321
:103190005B09642202FB03F3CB1ADB0003F132026A
:1031A000354BA3FB02235B095B0003F4F8731C445B
:1031B000D7F8FC300022C7F8B830C7F8BC20D7E9F0
:1031C0002E8942464B469118B9635B41FB63D7E9B0
:1031D0000E2341465118396349464B417B634FF0FA
:1031E00000024FF00003D7E90CAB5946CB00514623
:1031F00043EA51735146CA001046194603464246F7
:103200009B18C7F8B0304B460A4642EB0303C7F899
:10321000B430D7F8F4305B680022C7F8A830C7F89C
:10322000AC20D7E92A120B46DB18BB62134642EBEF
:103230000303FB62D7E90A23D7E92C0108F098F8C9
:1032400002460B460C4BA3FB02135B09642101FBF6
:1032500003F3D31ADB003233074AA2FB03235B09D3
:1032600003F00702D7F8F4301B6822449A6005E1A6
:1032700000100140001401401F85EB51D7F8FC30CD
:103280000022C7F8A030C7F8A420D7E92889424611
:103290004B46911839625B417B62D7E9082341466E
:1032A0005418494643EB01054FF000024FF000036C
:1032B000EB0043EA5473E20014461D464346E3180C
:1032C000C7F898304B4645EB0303C7F89C30D7F856
:1032D000F4305B680022C7F89030C7F894204FF0B4
:1032E00000024FF00003D7E9244529468B00214610
:1032F00043EA917321468A00D7E9260108F038F89D
:1033000002460B46604BA3FB02235B091C01D7F866
:10331000FC300022C7F88830C7F88C20D7E9228912
:1033200042464B469118B9615B41FB61D7E90623E0
:1033300041465118396149464B417B614FF00002CB
:103340004FF00003D7E904AB5946CB00514643EA9E
:1033500051735146CA0010461946034642469B180F
:10336000C7F880304B460A4642EB0303C7F8843067
:10337000D7F8F4305B680022BB67FA674FF00002B1
:103380004FF00003D7E91E8949468B00414643EAC6
:10339000917341468A00D7E9200107F0E9FF024610
:1033A0000B461146384BA3FB01235B09642202FB49
:1033B00003F3CB1A1B013233334AA2FB03235B090D
:1033C00003F0F0031C44D7F8FC3000223B677A6717
:1033D000D7E91C8942464B469118B9605B41FB60B6
:1033E000D7E9022341465118396049464B417B6079
:1033F0004FF000024FF00003D7E900AB5946CB0075
:10340000514643EA51735146CA00104619460346D5
:1034100042469B18BB664B460A4642EB0303FB66DB
:10342000D7F8F4305B6800223B667A664FF0000202
:103430004FF00003D7E9188949468B00414643EA1B
:10344000917341468A00D7E91A0107F091FF0246BD
:103450000B460D4BA3FB02135B09642101FB03F335
:10346000D31A1B013233084AA2FB03235B0903F082
:103470000F02D7F8F4301B6822449A6000BF07F5AA
:103480008077BD46BDE8B08F1F85EB5180B586B013
:1034900000AF786000237B61F2F704FB38617B6842
:1034A000002B01D1012399E07B68022283F83520AB
:1034B0007B68002283F834207B681B681A687B686D
:1034C0001B6822F001021A600FE0F2F7EBFA0246E5
:1034D0003B69D31A052B08D97B6820225A657B6883
:1034E000032283F83520032378E07B681B681B6880
:1034F00003F00103002BE8D17B681B681B687B612C
:103500007A69384B13407B617B685A687B689B689B
:103510001A437B68DB681A437B681B691A437B6824
:103520005B691A437B689B691A437B68DB691A43B2
:103530007B681B6A13437A6913437B617B685B6A10
:10354000042B07D17B68DA6A7B681B6B13437A69AB
:1035500013437B617B681B687A691A607B681B6810
:103560005B697B617B6923F007037B617B685B6A36
:103570007A6913437B617B685B6A042B17D17B6894
:103580009B6A7A6913437B617B68DB6A002B0ED0F0
:10359000786800F051FD0346002B08D07B6840227C
:1035A0005A657B68012283F83520012316E07B6889
:1035B0001B687A695A61786800F009FD0346FB6070
:1035C0007B68DB6D3F229A40FB689A607B68002233
:1035D0005A657B68012283F8352000231846183786
:1035E000BD4680BD3F8010F080B584B000AF7860EC
:1035F0007B68002B01D1012350E07B6893F83530C4
:10360000DBB2022B01D1022348E07B681B681A68F9
:103610007B681B6822F001021A607B681B6800222D
:103620001A607B681B6800225A607B681B68002256
:103630009A607B681B680022DA607B681B68002246
:103640001A617B681B6821225A61786800F0BFFC10
:103650000346FB607B680022DA637B6800221A6401
:103660007B6800225A647B6800229A647B6800228F
:10367000DA647B6800221A657B68DB6D3F229A4022
:10368000FB689A607B6800225A657B68002283F899
:1036900035207B68002283F8342000231846103739
:1036A000BD4680BD80B586B000AFF860B9607A6075
:1036B0003B600023FB75FB6893F83430012B01D18C
:1036C000022326E0FB68012283F83420FB6893F88C
:1036D0003530DBB2012B15D1FB68022283F835208F
:1036E000FB6800225A653B687A68B968F86800F0A0
:1036F00041FCFB681B681A68FB681B6842F001020A
:103700001A6005E0FB68002283F834200223FB7571
:10371000FB7D18461837BD4680BD80B586B000AF2A
:10372000F860B9607A603B600023FB75FB689B6DB5
:103730003B61FB6893F83430012B01D1022340E058
:10374000FB68012283F83420FB6893F83530DBB244
:10375000012B2FD1FB68022283F83520FB68002261
:103760005A653B687A68B968F86800F003FCFB6842
:10377000DB6D3F229A403B699A60FB681B681A68C0
:10378000FB681B6842F016021A60FB681B6C002B7A
:1037900007D0FB681B681A68FB681B6842F00802C8
:1037A0001A60FB681B681A68FB681B6842F001021C
:1037B0001A6005E0FB68002283F834200223FB75C1
:1037C000FB7D18461837BD4680BD80B584B000AF7C
:1037D00078607B689B6DFB60F2F764F9B8607B688A
:1037E00093F83530DBB2022B08D07B6880225A6513
:1037F0007B68002283F83420012352E07B681B6839
:103800001A687B681B6822F016021A607B681B68C6
:103810005A697B681B6822F080025A617B681B6CC6
:10382000002B03D17B689B6C002B07D07B681B6847
:103830001A687B681B6822F008021A607B681B68A4
:103840001A687B681B6822F001021A6013E0F2F725
:1038500029F90246BB68D31A052B0CD97B682022B4
:103860005A657B68032283F835207B68002283F841
:103870003420032315E07B681B681B6803F00103F9
:10388000002BE4D17B68DB6D3F229A40FB689A6095
:103890007B68012283F835207B68002283F834207E
:1038A000002318461037BD4680BD80B483B000AFFA
:1038B00078607B6893F83530DBB2022B04D07B68EC
:1038C00080225A6501230CE07B68052283F83520AD
:1038D0007B681B681A687B681B6822F001021A600B
:1038E000002318460C37BD4680BC704780B58AB0AF
:1038F00000AFF8600B467A60FB720023FB77F2F7AB
:10390000D1F8B861FB6893F83530DBB2022B08D0F0
:10391000FB6880225A65FB68002283F8342001236B
:10392000BFE0FB681B681B6803F48073002B05D0A5
:10393000FB684FF480725A650123B2E0FB7A002BDA
:1039400006D1FB68DB6D202202FA03F37B6205E0FF
:10395000FB68DB6D102202FA03F37B62FB689B6D50
:103960007B617B691B683B625AE07B68B3F1FF3F78
:1039700017D07B68002B07D0F2F794F80246BB699A
:10398000D31A7A689A420CD2FB6820225A65FB68E7
:10399000012283F83520FB68002283F834200323BA
:1039A0007FE07B691B683B62FB68DB6D08229A4005
:1039B0003B6A1340002B0BD0FB685B6D43F00102A8
:1039C000FB685A65FB68DB6D08229A407B699A6048
:1039D000FB68DB6D01229A403B6A1340002B0BD041
:1039E000FB685B6D43F00202FB685A65FB68DB6DA8
:1039F00001229A407B699A60FB68DB6D04229A4041
:103A00003B6A1340002B0BD0FB685B6D43F0040254
:103A1000FB685A65FB68DB6D04229A407B699A60FB
:103A20003A6A7B6A1340002B05D1FB685B6D03F09B
:103A30000103002B99D0FB685B6D002B18D0FB684D
:103A40005B6D03F00103002B12D0F868FFF7BDFE99
:103A5000FB68DB6D30229A407B699A60FB6801222B
:103A600083F83520FB68002283F83420012318E016
:103A7000FB7A002B0ED1FB68DB6D30229A407B690C
:103A80009A60FB68012283F83520FB68002283F8E6
:103A9000342005E0FB68DB6D10229A407B699A6058
:103AA000FB7F18462837BD4680BD80B586B000AF85
:103AB00078600023BB608E4B1B688E4AA2FB0323F9
:103AC0009B0A7B617B689B6D3B613B691B68FB606C
:103AD0007B68DB6D08229A40FB681340002B1AD0EC
:103AE0007B681B681B6803F00403002B13D07B6802
:103AF0001B681A687B681B6822F004021A607B68E6
:103B0000DB6D08229A403B699A607B685B6D43F0ED
:103B100001027B685A657B68DB6D01229A40FB6875
:103B20001340002B12D07B681B685B6903F0800395
:103B3000002B0BD07B68DB6D01229A403B699A60B9
:103B40007B685B6D43F002027B685A657B68DB6DC6
:103B500004229A40FB681340002B12D07B681B683C
:103B60001B6803F00203002B0BD07B68DB6D042283
:103B70009A403B699A607B685B6D43F004027B6806
:103B80005A657B68DB6D10229A40FB681340002B5E
:103B900043D07B681B681B6803F00803002B3CD0F4
:103BA0007B68DB6D10229A403B699A607B681B68DA
:103BB0001B6803F48023002B18D07B681B681B68EC
:103BC00003F40023002B08D17B681B6C002B24D04E
:103BD0007B681B6C786898471FE07B689B6C002BA8
:103BE0001BD07B689B6C7868984716E07B681B68E5
:103BF0001B6803F48073002B07D17B681B681A686D
:103C00007B681B6822F008021A607B681B6C002B23
:103C100003D07B681B6C786898477B68DB6D20223B
:103C20009A40FB681340002B00F08E807B681B6875
:103C30001B6803F01003002B00F086807B68DB6DAF
:103C400020229A403B699A607B6893F83530DBB25A
:103C5000052B36D17B681B681A687B681B6822F0CD
:103C600016021A607B681B685A697B681B6822F021
:103C700080025A617B681B6C002B03D17B689B6CB4
:103C8000002B07D07B681B681A687B681B6822F0D2
:103C900008021A607B68DB6D3F229A403B699A609C
:103CA0007B68012283F835207B68002283F834206A
:103CB0007B681B6D002B7DD07B681B6D78689847F7
:103CC00078E07B681B681B6803F48023002B1CD002
:103CD0007B681B681B6803F40023002B0CD17B68F6
:103CE0005B6C002B30D07B685B6C786898472BE06E
:103CF00004000020B5814E1B7B68DB6B002B23D0BA
:103D00007B68DB6B786898471EE07B681B681B68E4
:103D100003F48073002B0FD17B681B681A687B68E3
:103D20001B6822F010021A607B68012283F835209C
:103D30007B68002283F834207B68DB6B002B03D088
:103D40007B68DB6B786898477B685B6D002B32D0B3
:103D50007B685B6D03F00103002B22D07B6805229A
:103D600083F835207B681B681A687B681B6822F023
:103D700001021A60BB680133BB607A699A4207D3BB
:103D80007B681B681B6803F00103002BF2D100E085
:103D900000BF7B68012283F835207B68002283F80E
:103DA00034207B68DB6C002B05D07B68DB6C78688B
:103DB000984700E000BF1837BD4680BD80B487B08B
:103DC00000AFF8600B467A60FB720023FB75FB685E
:103DD00093F83430012B01D1022341E0FB6801222A
:103DE00083F83420FB6893F83530DBB2012B30D1F7
:103DF000FB7A052B26D0052B28DC042B1ED0042BA8
:103E000024DC032B16D0032B20DC022B0ED0022B3C
:103E10001CDC002B02D0012B04D017E0FB687A6871
:103E2000DA6318E0FB687A681A6414E0FB687A6861
:103E30005A6410E0FB687A689A640CE0FB687A6860
:103E4000DA6408E0FB687A681A6504E00123FB7510
:103E500001E00123FB75FB68002283F83420FB7D21
:103E600018461C37BD4680BC704780B485B000AF93
:103E700078600B46FB700023FB737B6893F834304B
:103E8000012B01D1022358E07B68012283F8342002
:103E90007B6893F83530DBB2012B47D1FB78062BDA
:103EA0002ED0062B3FDC052B26D0052B3BDC042B2C
:103EB0001ED0042B37DC032B16D0032B33DC022B54
:103EC0000ED0022B2FDC002B02D0012B04D02AE0D5
:103ED0007B680022DA632BE07B6800221A6427E00B
:103EE0007B6800225A6423E07B6800229A641FE00A
:103EF0007B680022DA641BE07B6800221A6517E009
:103F00007B680022DA637B6800221A647B680022E7
:103F10005A647B6800229A647B680022DA647B68BA
:103F200000221A6504E00123FB7301E00123FB7307
:103F30007B68002283F83420FB7B18461437BD468B
:103F400080BC704780B483B000AF78607B6893F822
:103F50003530DBB218460C37BD4680BC704780B4A4
:103F600083B000AF78607B685B6D18460C37BD4648
:103F700080BC704780B485B000AFF860B9607A60EB
:103F80003B60FB681B681A68FB681B6822F4802290
:103F90001A60FB681B683A685A60FB689B68402B94
:103FA00008D1FB681B687A689A60FB681B68BA686E
:103FB000DA6007E0FB681B68BA689A60FB681B68F8
:103FC0007A68DA6000BF1437BD4680BC704780B4A1
:103FD00085B000AF78607B681B68DBB2103B144A89
:103FE000A2FB03231B09FB60124AFB6813441B78E6
:103FF0001A467B68DA65FB68032B09D97B681B6866
:1040000023F47F7323F003031A1D7B689A6507E08E
:104010007B681B6823F47F7323F003037A6893653E
:104020007B689B6D18461437BD4680BC704700BF47
:10403000ABAAAAAAE0CC010880B485B000AF786032
:104040000023FB737B689B6ABB607B689B69002BCA
:1040500023D1BB68032B5FD0BB68032B5ED8BB6842
:10406000022B09D0BB68022B58D8BB68002B03D0A9
:10407000BB68012B09D051E07B68DB6A03F08073D9
:10408000002B4DD00123FB734AE07B68DB6AB3F160
:10409000C07F47D10123FB7344E07B689B69B3F584
:1040A000005F26D1BB68032B1BD0BB68032B3BD81A
:1040B000BB68022B09D0BB68022B35D8BB68002B2C
:1040C00003D0BB68012B03D02EE00123FB7332E049
:1040D0007B68DB6A03F08073002B27D00123FB731E
:1040E00024E07B68DB6AB3F1C07F21D10123FB733D
:1040F0001EE0BB68022B03D9BB68032B03D01AE078
:104100000123FB7317E07B68DB6A03F08073002BED
:1041100010D00123FB730DE000BF0CE000BF0AE0EC
:1041200000BF08E000BF06E000BF04E000BF02E0FF
:1041300000BF00E000BFFB7B18461437BD4680BCC3
:10414000704700BF80B584B000AF7860134A7B68C9
:1041500013600023FB6007F108031946F86800F0BC
:1041600017FE03460E4A13600D4B1B68002B04D14B
:104170000C4808F061F801230CE0BB6819460A48B6
:1041800007F0F2FF054B1B68054A12685A6100F000
:104190000DF8002318461037BD4680BD2C44002082
:1041A00030440020FCCC01081CCD010890B58FB034
:1041B00008AF804808F040F87F4B1B685B6800221E
:1041C0005A617E4B1B68184600F0C2F97A4B1B6897
:1041D0005B68184600F0ACFA774B1B68774A1168A9
:1041E0000022184600F068FF03461A46744B1A7006
:1041F000734B93F90030002B08D0714B93F90030CA
:104200001946704807F0B0FF0123CEE06E4B5B6C9F
:10421000BB606D4B9B6CFB606B4BDB6C3B616A4B1B
:104220001B6D7B61644B1868644B1B681A46634BBB
:104230001B68023307F1080100F06AFF03461A46C3
:104240005F4B1A705E4B93F90030002B08D05C4B2B
:1042500093F9003019465D4807F086FF0223A4E079
:10426000564B1A68554B1B6812785A7000237B60B6
:10427000514B1868564B1968504B1B685B783A1DB8
:1042800007920693002305934FF4FA7304934FF4B7
:104290007A7303934FF4FA73029342F2111301936A
:1042A000002300930B460022002100F05DFF03462F
:1042B0001A46434B1A70424B93F90030002B1AD028
:1042C0003F4B93F9003013F1130F14D03C4B93F98B
:1042D000003013F10C0F05D17B6819463D4807F0FB
:1042E00043FF06E0364B93F9003019463A4807F091
:1042F0003BFF032359E0304B18682F4B1B68D969EB
:10430000334B1A682D4B1B685C783B1D009323468A
:1043100001F06EF803461A46294B1A70284B93F9A0
:104320000030002B1AD0264B93F9003013F1130FF5
:1043300014D0234B93F9003013F10C0F05D17B6897
:104340001946244807F010FF06E01D4B93F9003092
:104350001946224807F008FF042326E0174B1B6884
:104360005B681846F4F73EFB134B1B681B68002B79
:1043700002D01B4807F060FF0F4B1B685B681846B4
:1043800000F0F6F8174807F057FF174B1B689B68BB
:10439000184607F011FEF1F785FB0346134A136038
:1043A000124B1B68124A1360002318461C37BD4687
:1043B00090BD00BF48CD0108304400202C440020AF
:1043C0003C44002070CD01081000002098CD010869
:1043D000EC030020C4CD0108ECCD010818CE010883
:1043E00040CE010868CE0108FC03002038440020BC
:1043F0003444002080B582B000AFF1F753FB034690
:104400002C4A13602B4B1A682B4B1B689A424CD0DA
:10441000284B1A68284B1B68D31A4FF47A7202FB98
:1044200003F37B60234B1B68234A1360234B1868FC
:1044300000237A68002101F0A3F80346FB701F4BAC
:104440001B689B6B5A7A1E4B1B68D209D2B25A74F6
:104450001A4B1B689B6B9A7A194B1B68D209D2B214
:104460001A74FB78012B18D1154B1B685B68184632
:10447000F4F726FB124B1B68184600F069F80F4B47
:104480001B68184600F0ABFD0E4807F0D5FE0C4B3C
:104490001B681846FFF756FE07E0FB78022B04D195
:1044A000094807F0C9FEF2F72AFF00BF0837BD46EA
:1044B00080BD00BF38440020344400203044002038
:1044C0002C44002084CE0108ACCE010880B584B015
:1044D00000AF1E4B1B685B68EFF310827A607A684E
:1044E0005A6372B600BF194B1B681B68002B20D1A2
:1044F000164B1B685B685B69002B1AD00023FB60BE
:104500004FF47A73BB60114B1B680022B9681846E0
:1045100001F039F9F8600D4B18680023BA68F968A2
:1045200001F074F9094B18680023BA68F96801F0C2
:10453000B2F9064B1B685B685B6B3B603B6883F3BF
:10454000108800BF00BF1037BD4680BD304400203A
:1045500080B582B000AF78607B68002B04D07B68A8
:104560009B681846F1F724FE00BF0837BD4680BDA2
:1045700080B582B000AF78607B681B68002B0BD0E1
:104580007B681B689B681846F1F7CEFD0346002B3D
:1045900002D17B6801225A6100BF0837BD4680BD49
:1045A00080B590B000AFF860B9607A607B80FB683E
:1045B000002B05D07B68002B02D0BB6C002B02D1F6
:1045C0004FF0FF33ABE0FB68BA681A60564AFB68ED
:1045D0001360FB687A685A60FB687A881A81FB6806
:1045E000BA6CDA60FB68B7F84C201A82FB680022CC
:1045F0005A82FB6800225A61FB6800229A61FB68BC
:104600000022DA61FB6801221A62FB6800229A84A8
:10461000FB6800229A620023FB872BE0FA8F134687
:104620005B0013449B001A467B68134400221A80E7
:10463000FA8F13465B0013449B001A467B681344B1
:104640004FF6FF725A80FA8F13465B0013449B00AB
:104650001A467B68134400225A60FA8F13465B00A7
:1046600013449B001A467B68134400229A60FB8F18
:104670000133FB87FA8F7B889A42CFD30023BB8715
:104680000CE0BA8F13465B001344DB001A46BB6C88
:10469000134400221A61BB8F0133BB87BA8FB7F86E
:1046A0004C309A42EDD3BB68DB689847FB681B68C7
:1046B0009B681B681D4A934202D10023BB6201E044
:1046C0000E23BB620023FB6201233B6300237B615B
:1046D0000023BB610023FB6100233B6200237B625C
:1046E00001237B630E23BB63BB689B6807F1140245
:1046F00011461846F1F738FC0346002B02D04FF064
:10470000FF330CE0BB689B6813211846F2F701F9F0
:104710000346002B02D04FF0FF3300E00023184681
:104720004037BD4680BD00BF4044002000640040CB
:1047300080B582B000AF78607B68002B09D07B68C1
:104740001B68002B05D07B681B689B681846F1F737
:104750002FFD00BF0837BD4680BD80B487B000AFD5
:10476000F860084611461A4603467B810B463B819A
:104770001346FB800023FB75FB68002B3CD07B6A53
:10478000002B39D0BB6A002B36D0FB681B897A8995
:104790009A4231D2FB6859687A8913465B00134408
:1047A0009B000B443B613B697A6A5A603B69BA6A79
:1047B0009A60B7F90830C3F30A031BB23A6A002AB9
:1047C00001D0134A00E0002213431BB29AB23B69A6
:1047D0001A80B7F90630C3F30A031BB26FEA4343EA
:1047E0006FEA53431BB29AB23B695A80FB689B69DC
:1047F000002B04D000BF02E0FF23FB7500E000BFE8
:1048000097F9173018461C37BD4680BC704700BF6B
:104810000080FFFF80B487B000AFF8607B600B467C
:104820007B8113463B8100237B61FB68002B24D0F6
:10483000FB681B8A7A899A421FD2FB68D9687A89F9
:1048400013465B001344DB000B447B613B89C3F3DD
:104850000A037A68002A02D04FF4004200E00022E6
:104860001A437B691A607B6997F820201A717B696B
:1048700000221A617B697A6A5A617B6918461C3783
:10488000BD4680BC704780B584B000AF78603960A9
:104890000023FB737B681B689B681846F1F766FE74
:1048A0000346002B28D0174B00225A60154B0022DC
:1048B0009A603B681B791A46124B1A613B681B6869
:1048C000C3F30A030F4A13603B681B689B0B03F09A
:1048D00002030C4AD3607B681B6898683B685A1DCA
:1048E00007F108030749F1F72EFD0346002B0CBF23
:1048F00001230023DBB2FB73FB7B18461037BD4658
:1049000080BD00BF4C44002080B586B000AF786009
:1049100039600023FB753B681B69002B0CD07B685A
:104920001B6A002B06D17B685B8A43F008039AB2AE
:104930007B685A82F723FB75EFF310833B613A697A
:104940007B68DA6272B600BF39687868FFF79BFF50
:104950000346002B04D03B685A697B68DA610DE09E
:104960003B681B69002B09D13B6801221A617B68F7
:104970009B8C9BB201339AB27B689A847B68DB6A1A
:10498000FB60FB6883F3108800BF97F91730184667
:104990001837BD4680BD80B489B000AF7860002371
:1049A000FB61EFF310833B613A697B68DA6272B6B0
:1049B00000BF7B68DB69002B04D07B680022DA61D2
:1049C0000123FB617B689B8C9BB2002B23D07B680F
:1049D000DB687B617B681B8A7B8319E07B691B69D1
:1049E000002B0FD07B695B69002B0BD07B69002209
:1049F0001A617B689B8C9BB2013B9AB27B689A845C
:104A00000223FB617B6918337B617B8B013B7B83DA
:104A10007B8B002BE2D17B68DB6AFB60FB6883F356
:104A2000108800BFFB69002B06D07B685B8A43F0CF
:104A300080039AB27B685A8200BF2437BD4680BC8F
:104A4000704780B485B000AF78600023BB607B689E
:104A50001B689B681B689B6903F00703BB607B684E
:104A60009B6ABA689A422ED07B685B8AFB817B681E
:104A7000BA689A62BB6803F00403002B04D0FB8978
:104A800043F00403FB811BE0FB8923F4417323F013
:104A90000303FB81BB6803F00103002B05D0FB89F6
:104AA00043F4807343F00103FB81BB6803F002030E
:104AB000002B05D0FB8943F4007343F00203FB8114
:104AC0007B68FA895A8200BF1437BD4680BC7047A4
:104AD00080B58CB000AFF860B9607A600023FB62EB
:104AE000002387F8293007F1140305332C4AB968ED
:104AF000F868F1F7C6FD0346002B4CD1284B1B6824
:104B0000274AD268022A02D14FF4004200E0002274
:104B100013437B61224B1B69DBB23B767B697B6273
:104B2000204B1B689B69002B01D000BE1FE01D4B72
:104B30001B685B68FB621B4B1B681B897B8513E052
:104B4000FB6A1B881A467B6A5340FA6A52881340F4
:104B5000002B03D1012387F8293008E07B8D013B2E
:104B60007B85FB6A0C33FB627B8D002BE8D197F8C9
:104B70002930002B10D0FB6A002B0DD0FB6A9B68FC
:104B8000002B09D0FB6A9B68FA6A526807F114018E
:104B90001046984700E000BF3037BD4680BD00BFDB
:104BA000644400204044002080B582B000AF7860AB
:104BB000002200217868FFF78BFF00BF0837BD4651
:104BC00080BD80B582B000AF786000220121786896
:104BD000FFF77EFF00BF0837BD4680BD80B586B0B9
:104BE00000AF786039607B6800221A627B6800221F
:104BF000DA617B689B8C9BB2002B39D07B68DB68C9
:104C00007B61EFF31083FB60FA687B68DA6272B64F
:104C100000BF7B681B8A7B821EE07B691B69002BBF
:104C200014D079697868FFF72EFE0346002B17D061
:104C30007B6900221A617B689B8C9BB2013B9AB214
:104C40007B689A847B695A697B68DA617B8A013B5D
:104C50007B827B6918337B617B8A002BDDD100E08E
:104C600000BF7B68DB6ABB60BB6883F3108800BF52
:104C700000BF1837BD4680BD80B582B000AF7860F8
:104C8000044B1B6801211846FFF7A8FF00BF083737
:104C9000BD4680BD4044002080B582B000AF786042
:104CA000044B1B6801211846FFF798FF00BF083727
:104CB000BD4680BD4044002080B582B000AF786022
:104CC000044B1B6801211846FFF788FF00BF083717
:104CD000BD4680BD4044002080B485B000AF786000
:104CE0000B46FB70FB78DB08FB73FB7803F00703D4
:104CF000012202FA03F3BB737B68002B0AD0FB7B13
:104D0000092B07D8FB7B7A68D25CBB7B1340DBB2F4
:104D1000002B01D0012300E0002318461437BD46C4
:104D200080BC704780B483B000AF78607B68002B94
:104D300007D07B68DB68002B03D07B68DB681B78BF
:104D400000E0002318460C37BD4680BC704780B495
:104D500083B000AF78607B68002B03D07B6893F949
:104D6000003000E0002318460C37BD4680BC704779
:104D700080B483B000AF78607B68002B02D07B6882
:104D80001B7C00E0002318460C37BD4680BC7047F2
:104D900080B586B000AF786039600023FB600023E7
:104DA0007B6100233B614021012006F08FFF034619
:104DB000FB60FB68002B00F001813B6940333B61E5
:104DC0002C21012006F082FF03461A46FB681A6177
:104DD000FB681B69002B00F0F1803B692C333B61C1
:104DE0000823FB723021012006F070FF03461A46AB
:104DF000FB685A61FB685B69002B00F0DF803B6950
:104E000030333B61FB7A1021184606F05FFF034602
:104E10001A46FB689A61FB689B69002B00F0CE8004
:104E2000FB7A1B013A6913443B615021012006F0D3
:104E30004DFF03461A46FB68DA61FB68DB69002B0D
:104E400000F0BC803B6950333B611123BB72BB7ADD
:104E5000012B12D9BB7A0821184606F037FF03460A
:104E60001A46FB681A62FB681B6A002B00F0A680DA
:104E7000BB7ADB003A6913443B61AC21012006F0A8
:104E800025FF03461A46FB685A62FB685B6A002BE3
:104E900000F094803B69AC333B612C21012006F08B
:104EA00015FF03461A46FB689A62FB689B6A002B53
:104EB00000F084803B692C333B615C21012006F0CB
:104EC00005FF03461A46FB68DA62FB68DB6A002BC3
:104ED00074D03B695C333B614FF4CA71042006F027
:104EE000F5FE03461A46FB681A63FB681B6B002B32
:104EF00064D03B6903F5CA633B614FF4C67104207B
:104F000006F0E4FE03461A46FB685A63FB685B6BD7
:104F1000002B53D03B6903F5C6633B610C21012094
:104F200006F0D4FE03461A46FB689A63FB689B6B47
:104F3000002B43D03B690C333B617421012006F008
:104F4000C5FE03461A46FB68DA63FB68DB6B002B81
:104F500034D03B6974333B613821012006F0B6FE42
:104F600003461A46FB685A60FB685B68002B25D035
:104F70003B6938333B610C21112006F0A7FE034644
:104F80001A46FB689A60FB689B68002B16D03B6949
:104F9000CC333B611821092006F098FE03461A46DF
:104FA000FB68DA60FB68DB68002B07D03B69D8330D
:104FB0003B61FB6801221A60FB687B617B69002B07
:104FC00002D1F86800F00BF83B68002B02D03B6878
:104FD0003A691A607B6918461837BD4680BD80B5AE
:104FE00082B000AF78607B68002B53D07B685B6831
:104FF0001846FFF79DFB7B68DB68184606F082FECB
:105000007B689B68184606F07DFE7B685B681846E7
:1050100006F078FE7B68DB6B184606F073FE7B6853
:105020009B6B184606F06EFE7B685B6B184606F0BD
:1050300069FE7B681B6B184606F064FE7B68DB6AC2
:10504000184606F05FFE7B689B6A184606F05AFE1B
:105050007B685B6A184606F055FE7B68DB6918467C
:1050600006F050FE7B681B6A184606F04BFE7B6814
:105070009B69184606F046FE7B685B69184606F099
:1050800041FE7B681B69184606F03CFE786806F016
:1050900039FE00E000BF0837BD4680BD80B485B052
:1050A00000AF78600023FB600123FB60FB681846BB
:1050B0001437BD4680BC704780B58AB004AFF86035
:1050C000B9601346FB80FB68002B02D14FF0FF3321
:1050D0001AE0FB685B6800225A61B868FFF738FA8B
:1050E000FB685868FB689968FB68DB68FA8802927D
:1050F00009220192009311230A46B968FFF750FA7A
:105100000346FB7597F9173018461837BD4680BD22
:1051100080B58CB006AFF860B9607A603B60FB6820
:10512000002B02D14FF0FF331AE0FB68D86BFB680D
:105130005B68FA68526840F2E471059108210491B5
:10514000039240F2E57202921022019200937B6872
:105150003A68B96805F0C4FE0346FB7597F9173045
:1051600018461837BD4680BDF0B591B00AAFF8605B
:10517000B9607A603B60FB68002B02D14FF0FF33CF
:105180002FE17B68002B02D1FB68DB697B60FB6849
:1051900000221A6097F84830FF2B03D1FB680122E8
:1051A0001A600AE097F84830002B03D097F948308E
:1051B000002B02DA4FF0FF3313E1FB689B6B1846BC
:1051C00005F098FB03467B7497F91130002B02D051
:1051D00097F9113005E1FB681B68002B02D06FF0D6
:1051E0001203FEE0FB68D869FB685C687F4B1B68B4
:1051F0005B6803F10C05FB681E6A7C4B1B685B68EF
:105200006C337A4A126852681832F96C059197F833
:1052100048100491039201220292019311230093FA
:1052200033462A46214600F0A3FC03467B7497F9D7
:105230001130002B02D097F91130D2E0FB681C69C5
:105240006A4B1B685B6803F19005FB685B68FA6852
:10525000526897F8481089B201F5E06189B297F871
:105260004860F86C0890079107210691059200228A
:1052700004920022039202933B8F0193BB8E009312
:1052800033467A682946204601F0EBFA03467B74E0
:1052900097F91130002B02D097F91130A1E0FB688B
:1052A0005869FB689C69514B1B685B688433FA68DA
:1052B0005268F96C0391082102910192009308232E
:1052C0002246796800F0DBFF03467B7497F91130C2
:1052D000002B02D097F9113083E0444B1B685B68C8
:1052E000B4337B6100237B822FE0FB685A6A7B8AA0
:1052F000AC2101FB03F3D518FB685B687A8A07329F
:1053000092B2F9684968788A063080B297F84860A6
:10531000FC6C05940490039102920193BB8F00935F
:1053200033467A693968284603F070FD03467B747A
:1053300097F91130002B02D097F9113051E07B69B9
:105340000C337B617B8A01337B827B8A002BCCD040
:10535000FB68986A254B1B685B6803F16001FB687A
:105360005A68FB6C0093022305F0D0F903467B7466
:1053700097F91130002B02D097F9113031E0FB681A
:10538000DD6A1A4B1B685B6803F12406174B1B6828
:105390005B6803F1300C154B1B685B683C33134AA8
:1053A00012685268A832F9684968F8684068FC6C6D
:1053B0000694002405940490012003900291019228
:1053C0000093634632467968284604F0E1FE0346BE
:1053D0007B7497F91130002B02D097F9113000E05F
:1053E000002318461C37BD46F0BD00BFEC0300206B
:1053F00090B593B006AFF860B9607A60FB70FB6857
:10540000002B02D14FF0FF33B4E0FB78002B07D024
:1054100097F90330002B03DBFB681B68002B09D0D6
:10542000FB681B68002B02D06FF01203A2E04FF064
:10543000FF339FE0514B1B685B68CC33FB624F4BE3
:105440001B685B68FC33BB620023FB843DE00023E8
:10545000BB84FB8C032B08D8FB8C02339BB21B0252
:105460009AB2FB789BB21344BB84FB681A6BFB8C2B
:105470004FF4CA7101FB03F3D018FB68DC6AFB68C8
:105480005B68FA8C033292B2396C059104920393F3
:10549000BB6A0293FB6A0193BB8C00932346BA68F4
:1054A000796802F06FFB0346BB7597F91630002B45
:1054B00002D097F916305DE0FB6A0C33FB62BB6AE1
:1054C0000C33BB62FB8C0133FB84FB8C032BBED9FA
:1054D0002A4B1B685B6803F596733B62274B1B687E
:1054E0005B6803F5AE73FB6100237B833EE0002322
:1054F0003B837B8B032B09D87B8B1B029AB2FB78F7
:105500009BB213449BB203F5C0733B83FB685A6B99
:105510007B8B4FF4C67101FB03F3D018FB68DC6A88
:10552000FB685B687A8B023292B2396C0591049207
:105530000393FB6902933B6A01933B8B00932346E1
:10554000BA68796802F008FF0346FB7597F91730CF
:10555000002B02D097F917300CE03B6A0C333B620A
:10556000FB690C33FB617B8B01337B837B8B032BD0
:10557000BDD9002318463437BD4690BDEC0300204A
:10558000F0B59DB008AFF861B9617A613B61002365
:1055900087F84F30FB691B691846FFF7D8FB0346B5
:1055A00087F8273097F927307F2B03D097F92730DA
:1055B000052B01D1012300E000233B64FB695B68FC
:1055C0001846FFF73EFAFB69DB6B184605F03AFD1B
:1055D0000346002B02D0012387F84F30FB691B687C
:1055E000FB63FB695B685B8A7B870023BB64FB69A9
:1055F000DB6B1846FFF7BCFB0346012B01D10123EF
:10560000BB64FB69DB6918211846FFF765FB78630B
:10561000FB69DB691B211846FFF75EFB3863FB69FA
:10562000DB691C211846FFF757FBF862FB69DB6951
:1056300017211846FFF750FBB862FB699B6BFB60B4
:10564000FB6B002B02D197F9276000E000267B8FCF
:1056500003F00403C3F38003DBB2BB607A8F40F234
:1056600003331340002B14BF01230023DBB27B6004
:10567000FB6B002B01D1BC6A00E00024FB6B002B0C
:1056800001D17D6B00E00025FB6B002B07D13B6B4C
:10569000002B02D1FB6A002B01D0012300E0002384
:1056A0003B60FB69DB691846FFF73CFB0346002BB8
:1056B00014BF01230023DBB21A463B690793002382
:1056C000069305923B680493039502947B680193CB
:1056D000BB680093BB6C32467969F86805F021F924
:1056E000FB691B68002B02D097F84F3047E0FB693D
:1056F000D8693B697A69396C00F01AFBFB69186953
:1057000007F127013B697A6901F068F9034687F8D8
:105710004F3097F927307F2B03D097F92730052B8F
:1057200001D1012300E000233B64002387F84730C8
:1057300011E0FB695A6A97F84730AC2101FB03F38B
:10574000D0183B697A69396C03F04AFE97F8473004
:10575000013387F8473097F84730002BE9D0FB69D1
:1057600058693B697A69396C00F0C8FEFB699B6A2D
:105770007A69396C184605F047F897F84F301846A3
:105780005437BD46F0BD80B588B000AFF860B96051
:105790007A600023FB61FB681B68002B31D1FB683A
:1057A0001B691846FFF7D3FA0346FB7697F91B30BF
:1057B0007F2B03D097F91B30052B01D1012300E08B
:1057C00000237B61FB68D86A7B68BA68796904F05A
:1057D00003FE0346FB74FB7C022B09D0022B0DDC7D
:1057E000002B0DD0012B00D008E00123FB6108E065
:1057F000FB685B681846FFF7CEF802E000BF00E0E8
:1058000000BFFB6918462037BD4680BD80B58AB011
:1058100002AFF860B9607A603B60FB681B68002BE0
:1058200035D1FB681B691846FFF791FA0346052B33
:105830000CBF01230023DBB2BB6100237B6100238B
:10584000FB8314E0FB681A6BFB8B4FF4CA7101FBFE
:1058500003F3D01807F11402BB680193BB690093EE
:105860003B68796802F0D0FAFB8B0133FB83FB8B3A
:10587000032BE7D97B69002B0AD1FB68D869002389
:10588000009300231722002100F091FB00E000BFED
:105890002037BD4680BD80B588B002AFF860B960E2
:1058A0007A603B60FB681B68002B24D1FB681B6996
:1058B0001846FFF74CFA0346052B0CBF01230023C3
:1058C000DBB23B610023FB8211E0FB685A6BFB8A71
:1058D0004FF4C67101FB03F3D018BB6800933B691A
:1058E0003A68796802F06CFFFB8A0133FB82FB8A1D
:1058F000032BEAD900E000BF1837BD4680BD00BFCA
:1059000080B485B000AF78607B681B78FB73FB7B4D
:1059100018461437BD4680BC704780B483B000AFD2
:1059200078600B46FB70FA787B681A700123184682
:105930000C37BD4680BC704780B483B000AF786040
:1059400039603A687B681A60042318460C37BD46F4
:1059500080BC704780B483B000AF78607B68002B58
:1059600002D07B681B8800E0002318460C37BD4638
:1059700080BC704780B483B000AF786039607B68CA
:10598000002B01D1052303E07B683A689A6000236D
:1059900018460C37BD4680BC704780B586B002AF54
:1059A000F8607A603B600B46FB72F97A3B680093C3
:1059B00004237A68F86801F085FB0346184610371F
:1059C000BD4680BD80B586B000AFF860B9607A6032
:1059D0003B60FB68002B0CD0FB681B7D002B08D1C3
:1059E000BB68002B05D07B68032B02D93B68002BDA
:1059F00001D109231BE0FB685B683B613B695B6A83
:105A0000002B02D000237B6102E04FF000437B615A
:105A10003B6993F8283080337A6913437B61796955
:105A2000B868FFF789FF3B6804221A600023184614
:105A30001837BD4680BD80B586B000AFF860B9604C
:105A40007A603B60FB68002B0FD0BB68002B0CD04A
:105A50003B68002B09D07B68032B03D8FB681B7DB8
:105A6000002B02D17B68002B01D109234CE0FB689D
:105A70005B683B613B691B7F012B01D8092343E035
:105A8000FB681B7D002B0BD13B6993F82030194636
:105A9000B868FFF742FF3B6801221A60002333E039
:105AA000FB681A7D3B6993F820309A422BD83B69FA
:105AB0005B7F1A46FB681B7DD31A9BB2FB82B7F94A
:105AC0001630002B07DA3B691B7F1A46FB8A13440A
:105AD0009BB2FB8207E0B7F916303A69127F934216
:105AE00001DB092310E03B699A69B7F91630DB0046
:105AF00013441B681946B868FFF71EFF3B68042271
:105B00001A60002300E0192318461837BD4680BDEF
:105B100080B586B000AFF860B9607A603B60FB6822
:105B2000002B0CD0FB681B7D002B08D1BB68002B21
:105B300005D07B68012B02D13B68002B01D10923E2
:105B400012E0B868FFF7DCFE0346002B01D00F23FC
:105B50000AE0FB685B687B617B69002283F8202098
:105B60003B6801221A60002318461837BD4680BDE5
:105B700080B588B002AFF860B9607A603B600023FE
:105B8000FB75FB68002B1AD07B68002B17D03B6895
:105B9000002B03D197F82030012B10D87B6A002B03
:105BA0000DD0BB68002B0AD097F83030002B06D000
:105BB00097F93030002B02DBFB6A002B02D14FF04B
:105BC000FF33A7E050220021F86806F02CFCFB68A8
:105BD000BA685A61002301220021786801F0ECFACA
:105BE0000246FB68DA60FB68DB68002B0CD17B6B3C
:105BF000002B06D07868FFF7ADFE03461A467B6B94
:105C00001A606FF00B0385E0FB68DB6800221A70F6
:105C1000FB683A689A61FB6897F820201A7707F1C9
:105C2000100201230021786AFFF7B7FE0346BB7517
:105C300097F91630002B04D13A69384B1340002BEA
:105C400010D07B6B002B06D0786AFFF783FE0346EB
:105C50001A467B6B1A6097F91630002B02D06FF052
:105C60000B0357E097F830309BB28033BB823B691F
:105C7000DB43DB0FDBB21A46FB685A62FB68FA684B
:105C80001A63FB68264A5A63FB68264A9A63FB68D4
:105C900030331946786AFFF76DFE0346BB7597F9F6
:105CA0001630002B0CD07B6B002B06D0786AFFF7E8
:105CB00051FE03461A467B6B1A606FF00B0329E016
:105CC000FB6897F8302083F82820BA8A398D0023A2
:105CD0000193082300930023B868FEF79BFD02465A
:105CE000FB68DA62FB68DB6A002B02D14FF0FF33FE
:105CF00010E0FB68FA681A64FB680B4A5A64FB6898
:105D00000A4A9A64FB6840331946F86AFFF732FE84
:105D100097F9173018461837BD4680BD00F8FF7F49
:105D2000C5590108BD6C0108375A0108115B01080B
:105D300080B588B002AFF860B9607A603B60FB68FC
:105D40005B695B8ABB82FB681B8ABA8A9A4200F055
:105D50009780FB681A8ABB8A53407B82FB68BA8AA9
:105D60001A827A8A40F201131340002B10D0BA8AAB
:105D700040F201131340002B14BF01230023DBB2B8
:105D800019460023009300230122F86800F00FF960
:105D90007B8A03F00203002B0ED0BB8A03F00203C0
:105DA000C3F34003DBB219460023009348F22013EB
:105DB0000722F86800F0FBF87B8A03F00403002B4D
:105DC0000ED0BB8A03F00403C3F38003DBB2194691
:105DD0000023009348F240131222F86800F0E7F81D
:105DE0007B8A03F00803002B0ED0BB8A03F0080364
:105DF000C3F3C003DBB219460023009348F210132B
:105E00001422F86800F0D3F87B8A03F08003002B9B
:105E10000ED0BB8A03F08003C3F3C013DBB2194674
:105E2000002300934FF401431522F86800F0BFF8F7
:105E30007B8A03F40073002B0ED0BB8A03F400733B
:105E4000C3F34023DBB219460023009348F220132A
:105E50000622F86800F0ABF87B8A03F40063002B9D
:105E60000ED0BB8A03F40063C3F3C023DBB2194630
:105E70000023009348F210131322F86800F097F8FB
:105E80000023FB75FB685B79002B03D0FB7D43F09F
:105E90000103FB75FB689B78002B03D1FB68DB7863
:105EA000002B03D0FB7D43F01003FB75FB681B7ACE
:105EB000002B03D1FB685B7A002B03D0FB7D63F0E2
:105EC0007F03FB75FB68DB68FA7D1A70BB68002BEB
:105ED00067D0FB681B7F012B65D9FB689B7F7B74B8
:105EE000FB68DB6A1B69002B5DD1FB685B7F7A7CFA
:105EF0009A4258D0FB689A697B7CDB00134419688E
:105F0000FB7D1A04FB6898697B7CDB0003440A4331
:105F10001A60FB68DB6A581DFB689A697B7CDB00B2
:105F200013440822194606F004FBFB685A69FB6813
:105F3000DB6A19461046FEF7E7FC7B7C01337B7475
:105F4000FB681B7F7A7C9A4201D27A7C00E00022B7
:105F5000FB689A77FB68DB7F012B0CD1FB68022280
:105F6000DA77002300934FF4805320220121F86850
:105F700000F01DF817E0FB68DB7F022B13D1FB68F4
:105F80009A7FFB685B7F9A420DD1FB680022DA772B
:105F900000230093002320220021F86800F007F876
:105FA00001E000BF00E000BF1837BD4680BD80B4EF
:105FB0008DB000AFF860B96011461A460B46FB7110
:105FC0001346BB80FB68002B00F0A680FB79DB0842
:105FD00087F82F30FB7903F00703012202FA03F35D
:105FE00087F82E3097F82F30092B0AD9052387F828
:105FF0002F30012387F82E304FF4C243BB80FB794A
:10600000BB6397F82F30FA681344BB62BB6A1A78F7
:1060100097F82E30134087F82730BB68002B04D048
:1060200097F82730002B06D079E097F82730002B1F
:1060300074D00023BB80FB791A06BB8813433B62F4
:10604000BB6BFB61FB685B69EFF310827A617A6975
:106050001A6372B600BFBB68002B08D0BB6A1A78FF
:1060600097F82E301343DAB2BB6A1A700BE0BB6AA2
:106070001B785AB297F92E30DB435BB213405BB208
:10608000DAB2BB6A1A70FB681B7F012B3CD9FB6834
:106090005B7FFB76FB7E013387F82D30FB681B7F2F
:1060A00097F82D209A4202D3002387F82D30FB6801
:1060B0009B7F97F82D209A4203D1FB680122DA7763
:1060C00022E0FB689A69FB7EDB0013443A6A1A609F
:1060D000FB689A69FB7EDB001344FA695A60FB682F
:1060E00097F82D205A77FB6893F820301A46FB6802
:1060F0001B7F013B9A4207D2FB6893F820300133A3
:10610000DAB2FB6883F82020FB685B691B6B3B619C
:106110003B6983F3108802E000BF00E000BF343722
:10612000BD4680BC704700BF80B485B000AF7860CA
:106130007B681B68FB60FB6818461437BD4680BC53
:10614000704780B483B000AF78607B68002B02D0CA
:106150007B681B8800E0002318460C37BD4680BCD6
:10616000704780B483B000AF786039607B68002BE3
:1061700001D1052303E07B683A689A600023184642
:106180000C37BD4680BC704780B586B002AFF86062
:106190007A603B600B46FB72F97A3B6800930423FC
:1061A0007A68F86800F08EFF034618461037BD463F
:1061B00080BD80B487B000AF786039607B687B6158
:1061C0003B681B79FB743B680533FB60FB7C012B50
:1061D00007D1FB681B785AB27B695A707B69012230
:1061E000DA6000BF1C37BD4680BC704780B588B000
:1061F00000AFF860B9607A603B60FB68002B01D1AA
:10620000092338E0FB685B68FB61BB68002B0FD09B
:10621000FB681B7D002B0BD0FB681A7DFB691B7A8A
:106220009A4205D87B68042B02D13B68002B01D130
:10623000092320E0B868FFF777FFB861BB691B0C42
:10624000FB75BB69BB82FB681B7D013BD9B2BB8A76
:10625000FA7DF86900F0BCF80346FB7497F9133037
:10626000002B01D0082306E03B687A68B968F8681B
:1062700000F024FD034618462037BD4680BD80B59A
:1062800088B000AFF860B9607A60FB70FB68002BE3
:106290000BD0BB68002B08D07B68002B05D0BB6AF5
:1062A000002B02D0FB6A002B02D14FF0FF3387E0B6
:1062B00030220021F86806F0B6F8FB68BA681A6068
:1062C000FB687A685A60FB68FA6A9A61FB683A8EE2
:1062D0009A83FA78BB6A9B78013B934228BF1346A6
:1062E000DAB2FB681A720023FB7741E0FB7F0133CF
:1062F000D9B207F114020123B86AFFF745FF03463C
:10630000BB7797F91E30002B0CD07B6B002B06D08F
:10631000B86AFFF716FF03461A467B6B1A606FF0E8
:106320000B034DE07B691B0C7B777B697B837B8B4D
:106330007A7FF97FF86800F04BF803467B7697F98F
:106340001930002B11D07B6B002B06D0B86AFFF7F9
:10635000F8FE03461A467B6B1A6097F9193013F161
:106360000C0F02D097F919302AE0FB7F0133FB773D
:10637000FB681B7AFA7F9A42B8D3FB68FA681A6204
:10638000FB68114A5A62FB68104A9A62FB68203324
:106390001946B86AFFF7E5FE0346BB7797F91E304A
:1063A000002B0CD07B6B002B06D0B86AFFF7C9FE20
:1063B00003461A467B6B1A606FF00B0300E0002364
:1063C00018462037BD4680BD0D6C0108ED610108FF
:1063D00090B58DB004AF7860084611461A46034662
:1063E000FB700B46BB7013463B800023FB777B683A
:1063F000002B04D07B681B7AFA789A4202D34FF0C4
:10640000FF3375E03B88002B24D0BB78002B21D0D4
:106410000023BB7719E07B685A68BB7F1B011344DC
:1064200007F108040FCB84E80F00FA78BB7F9A428B
:1064300008D03B69002B05D03B7ABA789A4201D14B
:10644000F423FB77BB7F0133BB777B681B7ABA7F72
:106450009A42E0D397F91F30002B47D17B685A68E6
:10646000FB781B011344BB61BB69BA781A703B8887
:106470004FF47A7203FB02F2BB699A60BB69FF2298
:106480005A70BB690022DA60BB691B78002B0CD004
:10649000BB699B68002B08D0BB691B7803F5E063E0
:1064A000BB83BB6901229A7007E00023BB83BB69F1
:1064B00000229A60BB6900229A707B6898697B68A9
:1064C0009A8BFB789BB2134499B27B685A68FB782D
:1064D0001B011344BA8B084C0294019300230093D0
:1064E00040F2FF73FEF739F90346FB7797F91F3047
:1064F00018462437BD4690BDB361010880B58EB003
:1065000002AFF860B9607A603B600123FB6201234F
:10651000BB62BB68002B77D0FB685B69002B73D034
:10652000002387F8273068E07B683B62FB685A6885
:1065300097F827301B011344BB61BB699B78002B84
:1065400055D0BB69DB68002B22D0BB6993F90130C1
:10655000002B12D1BB699B78022B0AD1FB6818680B
:1065600097F82730009348F230131C220121FFF7DF
:106570001EFDBB6901229A7007E0BB6902229A7076
:10658000BB6900225A6000233B62BB690022DA60CB
:10659000BB699B78022B1CD1BB695A683B6A1A44C1
:1065A000BB695A60BB695A68BB699B689A4210D341
:1065B000FB68186897F82730009348F230131B22C5
:1065C0000121FFF7F4FCBB69FF225A70BB6903226B
:1065D0009A70BB699B78022B01D00023FB62BB69D8
:1065E00093F90130052B03D00023BB6200E000BF0C
:1065F00097F82730013387F82730FB681B7A97F824
:1066000027209A4290D328E0BB68002B03D1FB6877
:106610005B69002B21D00023FB7715E0FB685A68EB
:10662000FB7F1B0113447B617B69FF225A707B69EE
:106630000022DA607B699B78002B02D07B69012203
:106640009A70FB7F0133FB77FB681B7AFA7F9A42D3
:10665000E4D30023FB620023BB62FB68DB68002BF2
:1066600014D1FB6A002B11D0FB681868002300933B
:1066700000231B220021FFF79AFCFB681868002307
:10668000009300231C220021FFF791FCFB68FA6AAB
:10669000DA60FB68BA6A1A61FB68BA685A6100BFBF
:1066A0003037BD4680BD00BF80B485B000AF786094
:1066B0007B681B889BB2FB81FB8918461437BD465B
:1066C00080BC704780B483B000AF78607B68002BDB
:1066D00002D07B681B8800E0002318460C37BD46BB
:1066E00080BC704780B483B000AF786039607B684D
:1066F000002B01D1052303E07B683A689A600023F0
:1067000018460C37BD4680BC704780B586B002AFD6
:10671000F8607A603B600B46FB72F97A3B68009345
:1067200002237A68F86800F0CDFC0346184610375B
:10673000BD4680BD80B485B000AF78600B46FB706D
:10674000FB78DB08FB73FB7803F00703012202FAF6
:1067500003F3BB737B68002B0AD0FB7B092B07D8A4
:10676000FB7B7A68D25CBB7B1340DBB2002B01D091
:10677000012300E0002318461437BD4680BC704753
:1067800080B483B000AF78607B68002B07D07B6853
:10679000DB68002B03D07B68DB681B7800E00023FC
:1067A00018460C37BD4680BC704780B487B000AF38
:1067B000786039603B681B79FB753B6805333B614A
:1067C0003B691B78FB733B6901331B78BB737B68A8
:1067D000BB60FB7D022B0AD1BB7B002B04D0BB68C6
:1067E000DB78BA7B9A4202D1BB68FA7B9A7000BF11
:1067F0001C37BD4680BC704780B586B000AFF860DE
:10680000B9607A603B60FB68002B0CD0FB681B7D95
:10681000002B08D1BB68002B05D07B68022B02D16E
:106820003B68002B01D1092317E0FB685B687B61A3
:10683000B868FFF739FF03461A464FF47A7303FB33
:1068400002F27B699A607B690022DA603B687A68B1
:10685000B968F86800F032FA034618461837BD46A2
:1068600080BD80B58AB004AFF860B9607A60FB7013
:106870000023FB75FB68002B0BD0BB68002B08D0F6
:106880007B68002B05D0BB6A002B02D07B6B002BF2
:1068900002D14FF0FF3397E02C220021F86805F079
:1068A000C2FDFB6800221A70FB6800225A70FB6868
:1068B000FA78DA70FB683A8C9A80FB687A681A6218
:1068C000BB8C4FF47A7203FB02F2FB68DA6007F1CB
:1068D000140201230021B868FFF717FF0346BB75B8
:1068E00097F91630002B0CD03B6C002B06D0B86803
:1068F000FFF7E8FE03461A463B6C1A606FF00B0385
:1069000062E0BB8A1A464FF47A7303FB02F2FB681B
:106910009A60FB68FA681A61FB682D4A5A61FB6845
:106920002C4A9A61FB6810331946B868FFF7DAFE03
:106930000346BB7597F91630002B0CD03B6C002B2F
:1069400006D0B868FFF7BEFE03461A463B6C1A60D5
:106950006FF00B0338E0FB68DA68FB689B689A42CB
:1069600003D9FB689A68FB68DA603A8EB98D1A4BD6
:106970000293FB6801930023009340F2FF73B86A0F
:10698000FDF7EBFE0346FB7597F91730002B02D09D
:1069900097F9173018E0FB687A6B5A62BA8F398F13
:1069A00000230193012300930023786BFDF732FF4E
:1069B0000246FB689A62FB689B6A002B02D14FF08B
:1069C000FF3301E097F9173018461837BD4680BDF0
:1069D0000D6C0108F9670108AB67010880B58EB03E
:1069E00000AFF860B9607A603B60FB681B7887F89D
:1069F0003730002387F8363097F93730002B0CBF3B
:106A000001230023DBB23B63FB68DB687A689A42B0
:106A100004D2FB68DA687B68D31A00E00023FA68C6
:106A2000D3603B6B002B0ED1FB689B68002B2DD0F5
:106A3000FB68DB68002B06D0FB6893F9013097F9FF
:106A400037209A4222D0FB689B6A97F837205A7108
:106A5000FB685A6AFB689B6A19461046FDF754FFAB
:106A600097F93730002B0DD1FB689B8803F48073B6
:106A7000002B03D0052387F8373007E07F2387F802
:106A8000373003E0FB689A68FB68DA60FB6897F8C8
:106A900037205A70FB689B78002B2AD0FB689B78C4
:106AA000822B1ED0822B20DC812B16D0812B1CDC6C
:106AB000802B0ED0802B18DC012B02D0022B04D0AF
:106AC00013E0052387F8373010E0042387F83730C8
:106AD0000CE07F2387F8373008E0022387F8363050
:106AE00004E0012387F8363000E000BFFB68002295
:106AF0009A70FB689B8803F48053C3F30033DBB2C6
:106B0000FB62FB681B6A12211846FFF713FEB8628E
:106B1000FB681B6A1B211846FFF70CFE7862FB68B6
:106B20001B6A1C211846FFF705FE3862FB6A002B22
:106B30000AD0BB6A002B05D17B6A002B02D13B6ACD
:106B4000002B01D0012300E00023FB61FB689B8840
:106B500003F40053C3F34033DBB2BB61FB681B6A31
:106B60001846FFF70DFE03461A46FB689B88DBB20A
:106B70001340DBB2002B14BF01230023DBB27B6187
:106B8000BB69002B04D07B69002B01D0012300E0FE
:106B900000233B6197F93730052B13D1FB69002B9C
:106BA00002D13B69002B0DD0FB689B8803F4804326
:106BB000002B03D0042387F8373015E07F2387F8B4
:106BC000373011E0FB689B881BB2002B0CDA97F979
:106BD00037307F2B08D1FB69002B05D13B69002B97
:106BE00002D1052387F83730FB6897F837201A70F1
:106BF000BB68002B03D0BB6897F837201A7097F852
:106C0000363018463837BD4680BD00BF80B588B0E5
:106C100000AFF860B9607A603B60FB68002B05D07C
:106C2000BB68002B02D03B68002B01D1092341E057
:106C3000FB689B68FB61FB681B68BB61BB69002B41
:106C400001D10E2336E00023FB75FB68DB68002BC7
:106C500003D1FA697B689A4222D9FB68DB68FA693A
:106C60009A4201D8092325E0FB68DB68FA69D31A48
:106C7000FB61FB68DB68BA691344BB61FA697B6836
:106C80009A420AD97B68FB61FB68DA68FB691A449F
:106C9000FB68DA60FF23FB7502E0FB680022DA6024
:106CA000FA69B969B86805F044FC3B68FA691A608A
:106CB00097F9173018462037BD4680BD80B588B09B
:106CC00000AFF860B9607A603B60FB68002B05D0CC
:106CD000BB68002B02D03B68002B01D1092356E092
:106CE000FB689B68FB61FB69BB61FB681B687B61A0
:106CF0007B69002B01D10E2349E00023FB74FB6864
:106D0000DB68002B03D1FA697B689A4224D9FB68BF
:106D1000DB68FA699A4201D8092338E0FB68DB682E
:106D2000FA69D31AFB61FB69BB61FB68DB687A69AE
:106D300013447B61FA697B689A420AD97B68FB61DC
:106D4000FB68DA68FB691A44FB68DA60FF23FB74AE
:106D500002E0FB680022DA60FA697B689A4201D29D
:106D60000C2314E0FA69BB699A420FD8FA697B6870
:106D70009A420BD8FA69B968786905F0DAFB00BF66
:106D80003B68FA691A6097F9133000E00923184646
:106D90002037BD4680BD80B485B000AFF860B960D3
:106DA0007A603B60022318461437BD4680BC7047AA
:106DB00080B485B000AFF860B9607A603B600223B0
:106DC00018461437BD4680BC704780B487B000AF0A
:106DD00078600B467B807B68002B03D07B681B8828
:106DE000002B01D1002346E00023FB827B681B8837
:106DF000013BBB8226E0FA8ABB8A13445B10FB810D
:106E00007B685968FA8913465B0013449B000B4466
:106E1000BB60BB681B887A889A4201D1BB682AE0B4
:106E2000BB681B887A889A4209D2FB89002B03D061
:106E3000FB89013BBB8205E0FB89BB8202E0FB8949
:106E40000133FB82FA8ABB8A9A42D4D3FA8ABB8A7C
:106E50009A420FD17B685968FA8A13465B00134443
:106E60009B000B443B613B691B887A889A4201D1A5
:106E70003B6900E0002318461C37BD4680BC7047C4
:106E800080B48DB000AFF8607A603B600B46FB7257
:106E9000FB68002B03D0FB685B68002B01D1052346
:106EA000E7E07B68002B01D10923E2E0002387F8AB
:106EB0002F307B683B62FB68DB7803F00F03032B0A
:106EC00055D0032B00F39380012B02D0022B17D057
:106ED0008DE0FB7A002B03D00E2387F82F308AE059
:106EE000FB685B683B613B691A793B6A1A743B69D2
:106EF0001A683B6A1A603B699A683B6A9A607AE052
:106F0000FB689B78FA7A9A4203D30E2387F82F30D6
:106F100071E0FB685B68BB61FB7A002B0BD1BB693E
:106F20001A7A3B6A1A74BB691A683B6A1A603B6A30
:106F300001229A605FE0BB695A7A3B6A1A74BB69A6
:106F40005B687B617B69002B09D0BB691B69FA7A9E
:106F5000013AD2B202FB03F37A69134400E07B6981
:106F60003A6A1360BB69DA683B6A9A6043E0FB687F
:106F70005B68FB610023BB62002387F827301CE0BD
:106F800097F8272013465B0013449B001A46FB69C1
:106F900013441B79FA7A9A420AD197F827201346AC
:106FA0005B0013449B001A46FB691344BB620AE072
:106FB00097F82730013387F82730FB689B7897F8DC
:106FC00027209A42DCD3BB6A002B03D10E2387F81B
:106FD0002F3010E0BB6A5A793B6A1A74BB6A1A6890
:106FE0003B6A1A60BB6A9A683B6A9A6003E00923AD
:106FF00087F82F3000BF97F92F30002B37D1FB686F
:107000009B68002B02D03B68002B09D07B681B4A91
:107010009A617B681A4ADA613B6A00225A601CE076
:10702000FB689B685B68002B03D0FB689B685B6810
:1070300000E0144B7A689361FB689B689B68002BA7
:1070400003D0FB689B689B6800E00F4B7A68D361B4
:10705000FB689B681A683B6A5A603B6A0022DA60E8
:10706000FB681A883B6A5A823B6AFA7A1A7597F962
:107070002F3018463437BD4680BC70470D6C010870
:10708000BD6C0108976D0108B16D010880B483B033
:1070900000AF0346FB7197F90730002B03DB97F92C
:1070A0000730192B02DD064B5B6A04E097F90730C5
:1070B000034A52F8233018460C37BD4680BC70474F
:1070C0006CD5010890B591B000AFF8607A603B6074
:1070D0000B46FB727B68002B01D109232BE007F1E3
:1070E000180320220021184605F09DF907F1180326
:1070F000FB6300237B6107F11802F97A3B6DF868A6
:10710000FFF7BEFE034687F83B3097F93B30002B74
:1071100002D097F93B300EE0FB6B9B683A689A42CD
:1071200001D00B2307E03C6B07F114033A68796840
:10713000F86BA047034618464437BD4690BD90B54E
:1071400091B000AFF8607A603B600B46FB727B68E1
:10715000002B01D109232BE007F118032022002185
:10716000184605F060F907F11803FB6300237B6103
:1071700007F11802F97A3B6DF868FFF781FE0346C4
:1071800087F83B3097F93B30002B02D097F93B3022
:107190000EE0FB6B9B683A689A4201D00B2307E034
:1071A0007C6B07F114033A687968F86BA0470346D3
:1071B00018464437BD4690BD80B58EB000AFF8602C
:1071C0007A603B600B46FB7207F110033B6307F1EB
:1071D0001002F97A0123F868FFF752FE034687F898
:1071E000373097F93730002B16D13B6B1B68002BDB
:1071F00003D03B6B9B68002B03D1092387F8373002
:107200000AE07B68002B07D03B6B9B687A689A4248
:1072100002D00B2387F837303B68002B03D03B6844
:1072200097F837201A7097F93730002B02D13B6B53
:107230001B6800E0002318463837BD4680BD00BFFC
:1072400080B485B000AF78607B681B78FB73FB7BF4
:1072500018461437BD4680BC704780B485B000AF77
:1072600078607B681B889BB2FB81FB8918461437CA
:10727000BD4680BC704780B485B000AF78607B6845
:107280001B68FB60FB6818461437BD4680BC70471E
:1072900080B483B000AF786039603A687B681A6068
:1072A000042318460C37BD4680BC704780B483B0B9
:1072B00000AF78607B68002B02D07B681B8800E001
:1072C000002318460C37BD4680BC704780B483B09D
:1072D00000AF786039607B68002B01D1052303E0A3
:1072E0007B683A689A60002318460C37BD4680BC1C
:1072F000704780B586B002AFF8607A603B600B469D
:10730000FB72F97A3B68009301237A68F868FFF70B
:10731000D9FE034618461037BD4680BD80B586B0FD
:1073200002AFF8607A603B600B46FB72F97A3B680B
:10733000009302237A68F868FFF7C4FE03461846F4
:107340001037BD4680BD80B586B002AFF8607A6068
:107350003B600B46FB72F97A3B68009304237A6822
:10736000F868FFF7AFFE034618461037BD4680BDEC
:1073700080B485B000AFF860B9607A603B603B686C
:10738000002B02D03B687A681A6000231846143735
:10739000BD4680BC704780B584B000AFF860B9606E
:1073A0007A603B60BB68002B05D0FB68002B02D0E5
:1073B0003B68002B01D1092310E0FB689B687A68C9
:1073C0009A4202D9FB689B687B607A680021B868A2
:1073D00005F029F83B687A681A60002318461037D0
:1073E000BD4680BDB0B592B000AFF860B9603B60FB
:1073F0001346FB71BB681B0CA7F84430BB681B0A23
:1074000087F84330BB6887F8423097F84230DB0892
:1074100087F84130FB795B011033FA681344FB6352
:1074200097F84130082B01D9072392E0B7F8443090
:107430001F2B1AD897F84330002B16D1FB6BBB6378
:1074400018220021B86B04F0EEFF97F84120BB6BC7
:107450009A6097F84120BB6BDA60FB6B3F4A9A61F8
:10746000FB6B3F4ADA61002373E0B7F844301946FA
:10747000B86DFFF7AAFC786307F1100297F8431084
:107480000023786BFFF7FCFC034687F8333097F94D
:107490003330002B02D097F933305AE03B68002B91
:1074A00003D0082387F8473002E0042387F84730E9
:1074B00097F8202097F847301340DBB2002B0AD012
:1074C00097F8423003F00703002B04D1BA6997F80C
:1074D00041309A4201D206233BE0FB6B1D4607F187
:1074E00010040FCC0FC594E80F0085E80F0097F843
:1074F0004120FB6BDA603B68002B29D197F84330C1
:107500001F2B1FD87B6B9B68002B1BD07B6B996854
:1075100097F84330DB08DBB2FA7908330B44191DC6
:10752000FB68443243F8221097F8433003F0070316
:1075300001229A40FB79D1B2FA6813440A4683F8D3
:10754000302105E0FA79FB684432002143F822102B
:10755000002318464837BD46B0BD00BF97730108E9
:107560007173010880B58CB002AFF860B9607A60C1
:107570003B6000237B620023FB7607F11B020123A3
:1075800000217868FFF7B5FE034687F8223097F9A7
:107590002230002B0CD03B6B002B06D07868FFF715
:1075A00085FE03461A023B6B1A606FF00B037FE007
:1075B000002387F823305BE097F823305B0110331A
:1075C000FA681344FB6100237B6197F82330013391
:1075D000D9B207F1140201237868FFF7B4FE03461D
:1075E00087F8223097F922300E2B3BD097F92230C2
:1075F000002B0FD03B6B002B09D07868FFF756FEAD
:1076000003461A0297F823301A433B6B1A606FF057
:107610000B034DE0796997F82320BB6800933B6822
:10762000F868FFF7DFFE034687F8223097F922302B
:10763000002B0CD0FB6900229A60FB69FF22DA6004
:107640007B6B1B68002B02D17A697B6B1A60FB7E17
:1076500097F823209A4206D2FB69DB687A6A1344C2
:107660007B6200E000BF97F82330013387F82330B6
:1076700097F82330072B9FD97B6A082B05D87B6AA4
:10768000002B09D1FB7E002B06D07B6B1B68002BE7
:1076900002D17B6B01221A607B6B1B68002B06D129
:1076A0007B6ADAB2FB681A73FA7EFB685A730023AE
:1076B00018462837BD4680BD80B58EB002AFF86051
:1076C000B9607A603B60FB68002B09D0BB68002B77
:1076D00006D03B68002B03D0FB681B7D082B01D92B
:1076E00009237EE0FB685B687B627B6A9B68002BFA
:1076F00007D17B6A5B7B002B05D0FB681B7D002BD1
:1077000001D002236DE0FB681B7D002B45D1B868DA
:10771000FFF796FD0346BB770023FB62BB7F082B78
:1077200001D907235DE0002387F82B301BE097F891
:107730002B305B0110337A6A1344BB61BB699B68D1
:107740007B61BB69DB683B613A697B699A4201D91D
:10775000062346E0FA6A3B691344FB6297F82B3034
:10776000013387F82B3097F82B20BB7F9A42DED36A
:10777000FB6A082B01D9072333E0FB6A002B04D1F5
:10778000BB7F002B01D00F232BE0FB6ADAB27B6AB0
:107790001A737B6ABA7F5A731CE0B868FFF76BFDF7
:1077A0003862FB681B7D013BDAB27B6AD3F8381183
:1077B0007B6AD3F83C3100930B46396A786AFFF74D
:1077C00011FE0346FB7797F91F30002B02D097F983
:1077D0001F3006E03B687A68B968F868FFF76EFA10
:1077E000034618463037BD4680BD80B588B000AF2F
:1077F000F860B9607A603B603B687A68B968F8689D
:10780000FFF704FA0346FB7697F91B30002B34D1BF
:10781000FB681B7D012B30D13B681B68042B2CD1EE
:10782000FB685B687B61B868FFF725FDF861FB6961
:107830009BB2C3F30A037B827B8A002B11D07A8A26
:107840007B69B3F8423119464FF680730B409A4278
:1078500007D1FB691B0C1B047A69B2F84221134360
:10786000FB617B699B68002B03D1FB6943F00043FC
:10787000FB61F969B868FFF70BFD97F91B301846F3
:107880002037BD4680BD80B588B000AF78603960D4
:107890007B68BB61BB697B613B681B79FB743B68A0
:1078A0000533FB60BB6993F88031FB777B699B688C
:1078B000002B3ED07B691B7BFA7C9A4234D37B69D8
:1078C0001B7BFA7C9A4205D1FB7F012B07D10B234E
:1078D000FB7704E0FB7F002B01D10D23FB77002316
:1078E000BB77BB69D3F88831002B0CD0BB69D3F8C8
:1078F0008431002B07D0BB69D3F88431DB68002BBF
:1079000001D00123BB77BB7F2E33DB00BA69134460
:107910000822F968184604F00CFEBA7FBB695A3297
:10792000012143F8221004E0FB7F002B01D10C233E
:10793000FB77BB69FA7F83F8802100BF2037BD4603
:1079400080BD80B592B004AFF860B9607A603B60EA
:10795000FB68002B08D0BB68002B05D03B68002BD0
:1079600002D07B68042B01D9092302E1FB685B6824
:107970003B633B6BFB6207F110037A68B9681846FA
:1079800004F0D7FDFB681B7D052B00F0D580052B8F
:1079900000F3E480012B03D0022B00F0A680DDE091
:1079A000B868FFF768FCF861FB699BB2C3F30A0390
:1079B000FB86FB69DB43DB0FDBB2BB61FA696F4B14
:1079C0001340002B3DD1BB69002B09D0FB6A9B689B
:1079D000002B05D0FB6AB3F84431FA8E9A4230D1BD
:1079E000BB69002B26D0FB8E7F2B2AD9FB8EB3F5EB
:1079F000807F03D9FB8EB3F5C07F22D9FB8EB3F510
:107A0000B06F03D9FB8EB3F5C06F1AD3FB8EB3F5FD
:107A1000C06F03D9FB8EB3F5D06F12D3FB8EB3F5D5
:107A2000DC6F03D3FB8EB3F5E06F0AD3FB8EB3F5A7
:107A3000E06F06D8BB69002B05D0FB6A5B7B002B8F
:107A400001D10F2395E0FB6A9B68BA699A4206D17F
:107A5000FB6AB3F84431FA8E9A4200F08180FB6AE7
:107A6000B3F84231FA8E9A4208D1FB6923F07F02C3
:107A700007F1100311461846FFF70AFCBB69002BFB
:107A800001D10023FB86FB6A5868FB6AB3F84011FA
:107A9000FA8E3B4B02933B6B01930023009340F221
:107AA000FF73FCF75AFE0346FB75BB69002B0BD036
:107AB00097F91730002B07D1FB6A01229A60FB6A05
:107AC000FA8EA3F844214BE0FB6A00229A603B6BDC
:107AD0000022C3F868213B6B0022C3F86C2197F9A0
:107AE0001730002B3CD0092343E0B868FFF7A8FB10
:107AF000034687F8273097F82730F02B05D997F8F9
:107B00002730FD2B01D80F2333E097F82730F02BD7
:107B100094BF01230023DBB23B623B6BD3F8883177
:107B20003A6A9A4203D03B6B0022C3F86C213B6B4C
:107B30003A6AC3F8882114E0B868FFF78EFB034661
:107B4000BB62BB6A4FF47A7203FB02F23B6BC3F871
:107B50008C213B6B0022C3F8902102E000BF00E0C3
:107B600000BF07F110013B687A68F868FFF7A6F8D4
:107B7000034618463837BD4680BD00BF00F8FF3FBA
:107B80008778010880B590B004AFF860B9607A607A
:107B90003B60FB687B62FB68002B0ED0BB68002B50
:107BA0000BD07B68002B08D0FB6B002B05D03B6C07
:107BB000002B02D07B6C002B02D14FF0FF3315E17C
:107BC0004FF4CA720021F86804F02DFC7B6A7A68D1
:107BD0001A607B6A7A6C5A600023FB6107F11C0310
:107BE0000193FB6C009301233A6CB968786AFFF744
:107BF000B9FC034687F8233097F92330002B02D0D5
:107C000097F92330F2E00023BB6107F1180201234A
:107C10000121F86BFFF797FB034687F8223097F9AD
:107C20002230002B0ED0FB6C002B08D0F86BFFF736
:107C30003DFB03461B0243F00102FB6C1A606FF030
:107C40000B03D3E0BB69DB43DB0FDBB2FB62BB6939
:107C50009BB2C3F30A037B85FB6A002B0DD07B6AC2
:107C60005B7B002B02D07B8D002B06D10023FB62B7
:107C7000FB69002B01D10123FB61FB69002B0ED0B6
:107C80007B6A1868FB69012B01D0FB6900E0BB69C6
:107C900000934FF402431A220121FEF788F9FB6A90
:107CA000002B01D100237B857B8D002B08D07A8DA2
:107CB000398F4FF680730B409A4201D13B8F7B8501
:107CC0007A8DB7F848104B4B0293FB680193002361
:107CD000009340F2FF73786CFCF73FFD034687F892
:107CE000233097F92330002B02D097F923307DE021
:107CF0007B6AFA6A9A60FE23FB7507F1170201237B
:107D00000221F86BFFF7F5FA034687F8223097F95E
:107D10002230002B0ED0FB6C002B08D0F86BFFF745
:107D2000C5FA03461B0243F00202FB6C1A606FF0B7
:107D30000B035BE0FB683A68C3F88421FB7DF02B02
:107D400094BF01230023DBB21A46FB68C3F88821E5
:107D50000023BB8207F1140201230521F86BFFF712
:107D6000DDFABB8A1A464FF47A7303FB02F2FB6812
:107D7000C3F88C217B6A0122C3F838217B6ABA6878
:107D8000C3F83C217B6AB7F84820A3F840217B6AFE
:107D90003A8FA3F842217B6A7A8DA3F844217B6A4B
:107DA000FA68C3F848217B6A134AC3F84C217B6AFE
:107DB000124AC3F850217B6AFA68C3F858217B6ADB
:107DC0000F4AC3F85C217B6A0E4AC3F860217B6AC4
:107DD00003F5A4731946F86BFFF778FA7B6A03F58D
:107DE000AC731946386CFFF771FA00231846303728
:107DF000BD4680BD87780108EB770108437901080B
:107E00000D6C0108B976010890B597B002AFF86023
:107E1000B9607A603B60FB683B633B6B9B68002BFF
:107E200000F029813B6E002B00F025817B6E002B3A
:107E300005D1FB68D3F88831002B40F01C81FB682A
:107E400093F880310A2B2BD9FB6893F880310B2BE8
:107E500014BF01230023DBB2FB62FB6893F880317F
:107E60000C2B04D148F21023A7F84E3003E048F25F
:107E70002023A7F84E303B6B18683B6B1B7B1A46E0
:107E8000B7F84E3000920422F96AFEF790F8FB6AC8
:107E9000002B01D0012200E00022FB6883F8802142
:107EA000002387F84D30FB68D3F88831002B0DD0C4
:107EB000FB68D3F88431002B08D0FB68D3F88431F9
:107EC000DB68002B02D1012387F84D300023BB640F
:107ED00083E00123BB6497F84D302E33DB00FA6852
:107EE00013447B6400233B6497F84D20FB685A32AF
:107EF000002143F82210002387F83F3050E097F824
:107F00003F305B0110333A6B1344BB62BB6A0C33E6
:107F10007B627B6A1B6887F8233097F823303A6CC2
:107F200013443B643B6C082B41D8BB6A9B68BB6322
:107F3000BB6B082B01D90823BB6397F82330BA6BBE
:107F40009A4212D907F1180308220021184604F0BA
:107F50006AFA97F8232007F11803796C184604F0A1
:107F6000E8FA07F118037B6301E07B6C7B637B6AB3
:107F700000221A60BB6ADC69B86A07F11403BA6BA5
:107F8000796BA04797F823207B6A1A6097F8233013
:107F90007A6C13447B6497F83F30013387F83F30A5
:107FA0003B6B5B7B97F83F209A42A8D300E000BF71
:107FB0003B6C082B05D83B6B1B7B1A463B6C9342F2
:107FC0000BD03B6B18683B6C43F4801300934FF469
:107FD000C2432C220121FDF7EAFF97F84D20FB68F0
:107FE0005A3253F82230002B7FF473AFFB68D3F87A
:107FF0008C31002B53D0BB6C002B04D0FB680122CA
:10800000C3F8902128E0FB68D3F89031002B23D0EF
:10801000FB68D3F89021FB68D3F88C319A421BD2CD
:10802000FB68D3F89021BB681A44FB68C3F8902121
:10803000FB68D3F89021FB68D3F88C319A420BD9B6
:108040003B6B1868FB68D3F89031009348F25023DB
:1080500017220121FDF7ABFF7B68002B1FD0FB68C7
:10806000D3F89021FB68D3F88C319A4217D97B68FA
:1080700001221A6013E03B6B9B68002B02D03B6E21
:10808000002B0DD1FB680022C3F86821FB68002299
:10809000C3F86C21FB680022C3F8902100E000BF08
:1080A00000BF5437BD4690BD90B593B002AFF860A5
:1080B000B9607A603B60FB68002B08D0BB68002B7E
:1080C00005D03B68002B02D07B68042B01D9092323
:1080D0003BE1FB685B68BB63BB6B7B6307F114032D
:1080E0007A68B968184604F024FAFB681B7D062BF1
:1080F00000F00A81062B00F31D81052B00F0F280B1
:10810000052B00F31781032B00F0D580032B00F320
:108110001181012B03D0022B00F09C800AE1B8688A
:10812000FFF7A9F838623B6A9BB2C3F30A03FB87E7
:108130003B6ADB43DB0FDBB2FB613A6A854B1340E2
:10814000002B3DD1FB69002B09D07B6B9B68002B7A
:1081500005D07B6BB3F84431FA8F9A4230D1FB697A
:10816000002B26D0FB8F7F2B2AD9FB8FB3F5807F86
:1081700003D9FB8FB3F5C07F22D9FB8FB3F5B06F66
:1081800003D9FB8FB3F5C06F1AD3FB8FB3F5C06F64
:1081900003D9FB8FB3F5D06F12D3FB8FB3F5DC6F30
:1081A00003D3FB8FB3F5E06F0AD3FB8FB3F5E06F1A
:1081B00006D8FB69002B05D07B6B5B7B002B01D1C4
:1081C0000F23C2E07B6B9B68FA699A4206D17B6BF6
:1081D000B3F84431FA8F9A4200F0AE807B6BB3F86B
:1081E0004231FA8F9A4208D13B6A23F07F0207F1AD
:1081F000140311461846FFF74BF8FB69002B01D119
:108200000023FB877B6B58687B6BB3F840117B6B5B
:108210001B7BBA6B92F86C21F02A94BF01220022DA
:10822000D2B21446FA8F019400930023FCF7F2FABD
:10823000B861BB69002B01D1092386E0BB6BBA6929
:10824000C3F868217B6BFA699A607B6BFA8FA3F89D
:10825000442171E0B868FEF7F3FF034687F8273042
:1082600097F82730F02B05D997F82730FD2B01D848
:108270000F236AE097F82730F02B94BF01230023E7
:10828000DAB2BB6BD3F868315A61BB6BFF2283F85B
:108290007921BB6B97F8272083F86C21BB6B0122F7
:1082A000C3F87021BB6B0022C3F88421BB6B002292
:1082B000C3F8882141E07B6B9B68002B01D00F2322
:1082C00043E0B868FEF7C9FF0346BB62BB6A64229D
:1082D00003FB02F2BB6BC3F87C21BB6B0022C3F82B
:1082E00084212AE0B868FEF7B8FF0346FB62FB6A08
:1082F0004FF47A7203FB02F2BB6BC3F88021BB6BB5
:108300000022C3F8882118E0B868FEF799FF0346F9
:1083100087F833307B6B9B68002B03D197F83330A1
:10832000F02B01D90F2310E0BB6B97F8332083F8B3
:10833000782102E000BF00E000BF07F114013B68B4
:108340007A68F868FEF7BAFC034618464437BD461B
:1083500090BD00BF00F8FF3F80B58EB002AFF8605F
:10836000B9607A603B60FB687B62FB68002B0ED0D3
:10837000BB68002B0BD07B68002B08D0FB6B002B5D
:1083800005D03B6C002B02D07B6C002B02D14FF050
:10839000FF3344E14FF4C6720021F86804F043F85B
:1083A0007B6A7A681A607B6A7A6C5A600023FB6188
:1083B00007F11C030193FB6C009300233A6CB9682E
:1083C000786AFFF7CFF8034687F8233097F9233010
:1083D000002B02D097F9233021E1FE23FB7607F131
:1083E0001B0201230221F86BFEF783FF034687F887
:1083F000223097F92230002B0ED0FB6C002B08D0D6
:10840000F86BFEF753FF03461B0243F00202FB6CBE
:108410001A606FF00B0302E1FB7EFD2B04D8FB7E9C
:10842000F02B01D9FE23FB76FA7EFB6883F86C21E2
:10843000FB680122C3F8702100237B6107F114025D
:1084400001230121F86BFEF77EFF034687F82230F7
:1084500097F92230002B0ED0FB6C002B08D0F86B64
:10846000FEF724FF03461B0243F00102FB6C1A6077
:108470006FF00B03D3E07B69DB43DB0FDBB2FB6206
:108480007B699BB2C3F30A037B85FB6A002B0DD08B
:108490007B6A5B7B002B02D07B8D002B06D10023F7
:1084A000FB62FB69002B01D10123FB61FB69002BFF
:1084B0000ED07B6A1868FB69012B01D0FB6900E0D4
:1084C0007B6900934FF402431A220121FDF76FFDEF
:1084D000FB6A002B01D100237B857B8D002B08D00C
:1084E0007A8D398F4FF680730B409A4201D13B8FC2
:1084F0007B857B6A1B7BFA6892F86C21F02A94BF1B
:1085000001220022D2B210467A8DB7F848100190AD
:1085100000930023786CFCF77DF90246FB68C3F8F2
:108520006821FB68D3F86831002B02D14FF0FF338C
:1085300075E07B6AFA6A9A6000237B8200233B82A3
:1085400007F1120201230321F86BFEF7E7FE07F1A2
:10855000100201230521F86BFEF7E0FE7B8A1A4624
:10856000642303FB02F2FB68C3F87C213B8A1A46B2
:108570004FF47A7303FB02F2FB68C3F88021FB68B7
:10858000002283F87821FB6803F5BC7201230621E1
:10859000F86BFEF7AEFEFB683A68C3F87421FB681F
:1085A000FF2283F879217B6A0022C3F838217B6A95
:1085B000BA68C3F83C217B6AB7F84820A3F8402189
:1085C0007B6A3A8FA3F842217B6A7A8DA3F8442113
:1085D0007B6AFA68C3F848217B6A134AC3F84C21C6
:1085E0007B6A124AC3F850217B6AFA68C3F85821A3
:1085F0007B6A0F4AC3F85C217B6A0E4AC3F860218C
:108600007B6A03F5A4731946F86BFEF75FFE7B6A7D
:1086100003F5AC731946386CFEF758FE0023184674
:108620003037BD4680BD00BFEB770108A980010847
:108630000D6C0108B976010890B593B002AF78606F
:108640007B68BB627B68D3F868310533FB6300232A
:10865000BB637B6893F86C31002B04D07B6893F884
:108660006C31FD2B01D9012300E000237B62002344
:1086700087F8373066E097F837305B011033BA6A15
:1086800013443B623B6AFB61FB69DB68FB76FB7E64
:10869000BA6B1344BB63BB6B082B5AD8FB699B684E
:1086A0003B633B6B082B01D908233B63FB7E3A6B92
:1086B0009A420AD907F10C0308220021184603F058
:1086C000B2FE07F10C03FB6201E0FB6BFB62FB698E
:1086D0000022DA603B6A9C6907F108033A6BF96A89
:1086E000F869A047FA7EFB69DA60FB7E3A6B9A4232
:1086F00006D9FA7E07F10C031946F86B03F019FF4F
:1087000097F83720BB6A443253F822307B617B698B
:10871000002B0ED07B6A002B0BD07B691A7897F860
:108720003730B96A0B4493F830311343DAB27B69BE
:108730001A70FB7EFA6B1344FB6397F837300133F2
:1087400087F83730BB6A5B7B97F837209A4292D321
:1087500000E000BFBB6B082B05D8BB6A1B7B1A4629
:10876000BB6B93420ED0BB6A1868BB6B43F400131B
:1087700000934FF4C2432C220121FDF718FC6FF047
:108780000C0319E07B680022C3F870217B68D3F8E2
:1087900080217B68C3F888217B68D3F87C217B68C3
:1087A000C3F88421BB6A5A687B68D3F868311946DC
:1087B0001046FCF7A9F8034618464437BD4690BD5D
:1087C00080B588B000AFF860B9607A603B60FB6844
:1087D000BB61BB699B68002B00F0DC803B68002B11
:1087E00000F0D880FB6893F86C31002B04D0FB6854
:1087F00093F86C31FD2B46D9FB68D3F88031002B00
:1088000018D0FB68D3F88831BA689A4205D2FB6861
:10881000D3F88821BB68D31A00E00023FA68C2F8B5
:108820008831FB68D3F88831002B03D1FB68012223
:10883000C3F87021FB68D3F87031002B23D10023DB
:10884000FB771BE0FA7FBB69443253F822307B612F
:108850007B69002B0FD07B691A78FB7FB9690B44C9
:1088600093F830311340DBB2002B04D1FB680122B6
:10887000C3F8702107E0FB7F0133FB77BB695B7BAB
:10888000FA7F9A42DED3FB6893F86C31FD2B1DD939
:10889000FB68D3F88431BA689A4205D2FB68D3F8F2
:1088A0008421BB68D31A00E00023FA68C2F884313F
:1088B000FB68D3F87031002B7DD0FB68D3F884318E
:1088C000002B78D1F868FFF7B7FE74E0FB68D3F8A7
:1088D0007431002B6FD0BB6A002B6CD0FB6893F80F
:1088E0006C31002B08D1FB68D3F87031002B62D0BB
:1088F000F868FFF7A1FE5EE0FB6893F87931FF2B83
:1089000019D1FB68D3F874315B7C002B09D0FB686C
:1089100093F87831002B04D0FB68FE2283F879218C
:1089200009E0FB6893F86C315B08DBB20133DAB223
:10893000FB6883F87921FB6893F87931FE2B12D11B
:10894000FB68D3F874319A7CFB6893F878319A42CB
:1089500031D1FB6893F86C21FB6883F87921F868C2
:10896000FFF76AFE27E0FB6893F87931013BDAB242
:10897000FB6883F87921FB6893F87931002B1AD1D1
:10898000FB6893F86C21FB6883F87921F868FFF79E
:1089900053FE10E0FB680122C3F87021FB6800223F
:1089A000C3F88421FB680022C3F88821FB68FF22FA
:1089B00083F8792100E000BF00BF2037BD4680BDAD
:1089C00080B485B000AF78607B681B78FB73FB7B5D
:1089D00018461437BD4680BC704780B485B000AFE0
:1089E00078607B681B68FB60FB6818461437BD46DF
:1089F00080BC704780B483B000AF78607B68002B88
:108A000002D07B681B8800E0002318460C37BD4667
:108A100080BC704780B483B000AF786039607B68F9
:108A2000002B01D1052303E07B683A689A6000239C
:108A300018460C37BD4680BC704780B586B002AF83
:108A4000F8607A603B600B46FB72F97A3B680093F2
:108A500001237A68F868FEF735FB0346184610379D
:108A6000BD4680BD80B586B002AFF8607A603B60DD
:108A70000B46FB72F97A3B68009304237A68F86826
:108A8000FEF720FB034618461037BD4680BD80B573
:108A900086B002AFF8607A603B600B46FB723A1D0D
:108AA000F97A3B6800930423F868FEF748FB034615
:108AB00018461037BD4680BD80B586B000AF7860DF
:108AC00039607B687B613B681B79FB743B680533CD
:108AD000FB60FB7C082B15D1FB681B78802B03D136
:108AE0007B6900221A750DE07B69DB6B002B09D1D5
:108AF0007B694033FA7CF968184603F01AFD7B69FC
:108B00000122DA6300BF1837BD4680BD80B58AB048
:108B100004AFF860B96011461A460B46FB80134655
:108B2000BB80FB681B6D3A6A9A4206D1FB685B6D9D
:108B30007A6A9A4201D100234EE0FB683A6A1A65CC
:108B4000FB687A6A5A653B6A002B02DB3B6AFB8250
:108B500001E00023FB827B6A002B02DB7B6ABB8285
:108B600001E00023BB82FB8A002B06D0BB8A002BCE
:108B700003D0FB6801221A6106E00023FB82002378
:108B8000BB82FB6800221A61FA8AF988144B0293AF
:108B9000FB6801930023009340F2FF73B868FBF772
:108BA000DCFD0346FB74FB681868BA8AB9880023A9
:108BB0000193082300930023FBF72CFE0246FB6879
:108BC0005A60FB685B68002B04D1FF23FB74FB68D1
:108BD00000221A6197F9133018461837BD4680BD38
:108BE000B98A010890B58FB002AFF860B9607A60B9
:108BF0003B60FB68002B05D0BB68002B02D03B68B4
:108C0000002B01D10923FAE0FB685B68FB62FB687B
:108C10001B7D032B00F0D480032B00F3E680022B96
:108C20006BD0022B00F3E180002B02D0012B02D08D
:108C3000DBE00423E3E0B868FFF7CFFEB861BB696F
:108C40009BB2C3F30A03FB82FB6A1B6D9BB2C3F3A7
:108C50000A03BB82BB69DB43DB0FDBB23B61BA6952
:108C6000694B1340002B34D13B69002B07D0FB6AC2
:108C70001B69002B03D0FA8ABB8A9A4229D13B692F
:108C8000002B28D0FB8A7F2B23D9FB8AB3F5807F6A
:108C900003D9FB8AB3F5C07F1BD9FB8AB3F5B06F4C
:108CA00003D9FB8AB3F5C06F13D3FB8AB3F5C06F4A
:108CB00003D9FB8AB3F5D06F0BD3FB8AB3F5DC6F16
:108CC00003D3FB8AB3F5E06F03D3FB8AB3F5E06F00
:108CD00001D90F2393E0FB6A996CFB6AB3F84C202F
:108CE000FB6AB3F84E00FB6A5B6D0193BB690093AE
:108CF0000346F86AFFF70AFF7AE0B868FFF76DFEEF
:108D000078627B6A9BB2C3F30A037B84FB6A5B6D68
:108D10009BB2C3F30A033B847B6ADB43DB0FDBB20A
:108D2000FB617A6A384B1340002B34D1FB69002B6E
:108D300007D0FB6A1B69002B03D07A8C3B8C9A42CC
:108D400029D1FB69002B28D07B8C7F2B23D97B8CEE
:108D5000B3F5807F03D97B8CB3F5C07F1BD97B8CA7
:108D6000B3F5B06F03D97B8CB3F5C06F13D37B8C95
:108D7000B3F5C06F03D97B8CB3F5D06F0BD37B8C6D
:108D8000B3F5DC6F03D37B8CB3F5E06F03D37B8C3F
:108D9000B3F5E06F01D90F2331E0FB6A996CFB6AF0
:108DA000B3F84C00FB6AB3F84E40FB6A1B6D7A6A5D
:108DB0000192009323460246F86AFFF7A7FE17E0E8
:108DC0007B68012B01D00B2319E0B868FFF7F8FD91
:108DD000034687F82B3097F82B30002B03D097F9F8
:108DE0002B30002B03DA0F2309E00E2307E000BF2E
:108DF0003B687A68B968F868FDF760FF0346184673
:108E00003437BD4690BD00BF00F8FF3F80B58CB041
:108E100002AFF860B9607A60FB70FB68002B08D085
:108E2000BB68002B05D07B6B002B02D0FB6B002BAB
:108E300002D14FF0FF33F5E0FB68BA689A60FB6837
:108E4000FA781A733B8E4FF47A7203FB02F2FB68D6
:108E50009A67FB6800221A757B68002B17D1FB7894
:108E6000002B03D097F90330002B02DA4FF0FF33C9
:108E7000D8E0FB789BB203F5C063FB84FB789BB220
:108E800003F5B063BB84FB6801221A61A4E0786833
:108E9000FFF7B0FD03467B847B8CB3F5905F23D155
:108EA000FB78002B03D097F90330002B02DA4FF048
:108EB000FF33B7E0FB789BB203F5C063FB84FB781C
:108EC0009BB203F5B063BB84FB6801221A61FA8C84
:108ED000012301217868FFF7DAFDBA8C0123022112
:108EE0007868FFF7D4FD77E07B8CB3F5905F6FD99E
:108EF0007B8CB3F5945F6BD207F11D020123002137
:108F00007868FFF79AFD034687F8213007F11802C9
:108F1000012301217868FFF7A5FD034687F820307B
:108F200007F11402012302217868FFF79BFD034635
:108F3000FB7797F92130002B0DD17B7F022B02D0DC
:108F40007B7F032B07D197F92030002B03D197F9B2
:108F50001F30002B08D07B6C002B02D07A8C7B6CEE
:108F60001A606FF00B035DE0BB69002B05DBBB698A
:108F70009BB2C3F30A03FB8401E00023FB847B69FB
:108F8000002B05DB7B699BB2C3F30A03BB8401E0C2
:108F90000023BB84FB68FA689A65FB68234ADA659C
:108FA000FB68234A1A66FB68583319467868FFF74E
:108FB00031FD0346BB7797F91E30002B0BD07B6C3D
:108FC000002B02D07A8C7B6C1A606FF00B0329E0C7
:108FD0004FF0FF3326E000BFFB680022DA63FB6836
:108FE0007A6B9A64FB683A8FA3F84C20FB68B7F859
:108FF0004020A3F84E20FB6800221A65FB6800227F
:109000005A65FB68FA6B1A60FB8CBA8CB7F84000A3
:10901000398F0192009303460A46796BF868FFF78F
:1090200075FD034618462837BD4680BD0D6C010806
:10903000E58B010890B58BB000AFF860B9601146C0
:109040001A460B46FB711346BB80FB68D3F8A4306D
:109050007B62FB685B6F002B00F08280FB689B6E7D
:10906000002B15D0FB68DA6EFB689B6E9A420FD01E
:10907000FB68DA6EFB689B6E9A4201D9734A00E086
:10908000734ABB681A60FB6801221A750023D8E096
:10909000FB681B6A3B62FB6893F828305BB2002BCD
:1090A00042DA3B6A002B04D0FB68DB6E3A6A9A42D4
:1090B0003AD9FB68D3F8A4300233202B34D8FB68AC
:1090C000D3F8A430FA681344002283F88020FB68A8
:1090D000D3F8A4305A1CFB68C3F8A420FB68DB6EED
:1090E0005A1CFB68DA663B6A002B04D0FB68DB6E17
:1090F0003A6A9A4213D9FB68D3F8A430FA68134449
:10910000002283F88020FB68D3F8A4305A1CFB6847
:10911000C3F8A420FB68DB6E5A1CFB68DA66FB68A8
:10912000DA6EFB681A622DE03B6A002B04D1FB6803
:10913000DA6EFB681A6225E0FB68DB6E3A6A9A42D7
:1091400020D0FB68DB6E3A6A9A4201D23F4A00E0C7
:109150003F4ABB681A60FB6801221A75002370E061
:10916000FB689B6E002B0DD0FB68DA6EFB689B6E74
:109170009A4207D9BB68354A1A60FB6801221A7502
:1091800000235EE000233B61FB681B68EFF3108265
:109190007A617A695A6372B600BFFB685C6BFB68E0
:1091A00003F11800FB6803F18001FB68D3F8A420E9
:1091B00007F11003A0470346FB77FB681B685B6B56
:1091C000BB61BB6983F3108800BFFB680022C3F852
:1091D000A42097F91F30002B11D097F91F30B3F15D
:1091E000FF3F0CD097F91F301846FDF74FFF02469E
:1091F000BB681A60FB6801221A75002321E0FB6836
:109200005B6F002B0CD097F91F30B3F1FF3F07D1F4
:10921000BB680F4A1A60FB6801221A75002310E030
:10922000FB685B6F002B0BD197F91F30002B07D128
:10923000BB68064A1A60FB6801221A75002300E029
:10924000012318462C37BD4690BD00BF120007060B
:109250001300070690B58DB000AFF860B9607A6072
:109260003B60FB68D3F8A420FB68D3F8A830D31A7E
:109270007B62FB685B6F002B40F0AB807A6A7B6897
:109280009A4280F0A680FB6803F18000FB6803F13E
:109290008002FB68D3F8A83013447A6A194603F0B9
:1092A000A9F8FB680022C3F8A820FB687A6AC3F813
:1092B000A4207B6AC3F120033B6200233B61FB686F
:1092C0001B68EFF310827A617A695A6372B600BF45
:1092D000FB681C6BFB6803F118007B6A8033FA683B
:1092E000D11807F110033A6AA047034687F82F30D8
:1092F000FB681B685B6BBB61BB6983F3108800BFB5
:1093000097F92F30002B11D097F92F30B3F1FF3F91
:109310000CD097F92F301846FDF7B8FE0246BB680F
:109320001A60FB6801221A75002353E03B697A6AD0
:109330001344FB613B69002B27D0FB6893F828306E
:109340005BB2002B21DAFA68FB69134480330022F8
:109350001A707B6A8033FA681344184602F0B2F937
:10936000B862BB6A002B01D10123BB623B69BA6AB8
:109370009A420AD2BB6A3B61002387F82F30FB6810
:10938000DA6E3B691A44FB681A623A697B6A1A44CE
:10939000FB68C3F8A420FB68D3F8A430002B04D0EA
:1093A00097F92F30B3F1FF3F10D1FB6800225A67C5
:1093B000FB68D3F8A4307A689A420AD9BB68074A96
:1093C0001A60FB6801221A75002303E0FB68012282
:1093D0005A67012318463437BD4690BD470004063E
:1093E00090B59BB000AFF860B9607A603B60FB68F5
:1093F000002B03D16FF0010300F0C4BC012387F8F8
:1094000067300023FB62FB68DB6B002B14BF01237A
:109410000023DBB27B65FB681B7DDBB2002B0AD12E
:10942000FB681B69002B06D07B6D002B03D100234A
:1094300087F86730B9E2BB68002B03D0FB681B6973
:10944000002B09D1FB6800221A75FB680022DA6341
:10945000002387F86730A8E27B6D002B00F0A5821F
:10946000FB681B7DDBB2002B40F0CD8000233B6608
:10947000FB6893F8403003F0F003202B03D1FB6826
:1094800011221A750FE0FB6893F84030402B05D18C
:1094900001233B66FB6821221A7504E09F4BFB62A7
:1094A000FB6801221A75FB6A002B63D1FB6893F8F5
:1094B00042301BB21B021AB2FB6893F841301BB258
:1094C00013431BB29AB2FB681A87FB6893F84320D8
:1094D000FB6883F83A20FB689A68FB681B8F194683
:1094E0001046FDF772FCFB6893F83A10FB6803F135
:1094F00018020023FDF7C4FC034687F8533097F9A0
:109500005330002B0AD097F953301846FDF7BEFDB3
:109510000346FB62FB6801221A752BE0FB6893F897
:10952000283003F00303002B05D17D4BFB62FB6861
:1095300001221A751EE03B6E002B0CD0FB6893F8DD
:10954000283003F00103002B05D1764BFB62FB684A
:1095500001221A750EE03B6E002B0BD1FB6893F8CD
:10956000283003F00203002B04D16F4BFB62FB6831
:1095700001221A753B6E002B45D0FB6A002B42D1AD
:10958000FB680022C3F8A820FB680022C3F8A420CF
:10959000FB680022DA66FB6800225A6707F12C019B
:1095A00000230722F868FFF755FE0346002B2AD058
:1095B000FB685B6F002B1AD0FB681A6AFB689A661F
:1095C000FB689B6E002B05D1FB68D3F8A420FB68D9
:1095D0009A6618E0FB689A6EFB68D3F8A4309A424A
:1095E00011D0524BFB62FB6801221A750BE0FB683D
:1095F00093F828305BB2002B02DBFB681B6A00E0AB
:109600000023FA689366FB681B7DDBB2002B14BF56
:109610000123002387F85230FB681B7DDBB2012B4E
:1096200005D097F85230002B01D0012300E0002331
:1096300087F8523097F8523003F0010387F8523020
:1096400097F85230002B00F0A881FB681B7DDBB23D
:10965000232B00F06D81232B00F38F81212B00F051
:109660006381212B00F38981112B03D0132B00F090
:10967000E78082E1FB6893F8403003F00203002B9F
:1096800000F0A480FB681B6A7B640423FB65FB6815
:1096900093F8403003F00103002B0AD0FB6893F8E5
:1096A00040309B08DBB203F00303FA6DD31AFB656D
:1096B00007E07B6C002B04D07B6C032B01D87B6C08
:1096C000FB6507F1240300221A609A80FB6803F10E
:1096D000440107F12403FA6D184602F02AFFFB68E3
:1096E00093F828305BB2002B22DA7B6C002B03D07E
:1096F000FA6D7B6C9A421BD27A6CFB6DD31A3B6479
:109700003B6C012B01D1012300E00223FA6D1344CD
:10971000FB65FB68FA6D1A6221E000BF01000405D9
:1097200000000106010001060200010647000406D0
:109730007B6C002B03D1FB68FA6D1A620FE0FA6DA7
:109740007B6C9A420BD0FA6D7B6C9A4201D98E4B9E
:1097500000E08E4BFB62FB6801221A751DE10023BD
:109760003B62FB681B68EFF310827A637A6B5A6383
:1097700072B600BFFB685C6BFB6803F1180007F171
:10978000200307F12401FA6DA047034687F83F3014
:10979000FB681B685B6B3B633B6B83F3108800BF0C
:1097A00097F93F30002B0AD097F93F301846FDF764
:1097B0006DFC0346FB62FB6801221A75EDE0FB6855
:1097C00012221A75FB6801225A67E6E0FB6893F8DB
:1097D000403003F00103002B28D0FB681B6ABB64F8
:1097E000FB6844331B68FB61FA69FB689A66BB6CD3
:1097F000002B1ED0FB689B6EBA6C9A4205D2624B5E
:10980000FB62FB6801221A75C7E0FB689B6EBA6CAD
:109810009A420ED9FB6893F828305BB2002B08DB24
:109820005A4BFB62FB6801221A75B6E0FB68002206
:109830009A66FB6812221A75FB6800225A67ACE030
:10984000FB6893F8403003F0E003002B66D1FB681F
:1098500093F8403003F00102FB685A67FB6893F805
:10986000403003F0100387F85030FB6893F87030F5
:1098700097F850209A4205D0454BFB62FB680122C5
:109880001A758AE0FB6893F840305B08DBB2DB4373
:1098900003F00703FB64FB6803F18002FB68D3F865
:1098A000A430D018FB684133FA6C194602F041FE2F
:1098B000FB68D3F8A420FB6C1A44FB68C3F8A4200F
:1098C000FB68DA6EFB6C1A44FB68DA66FB681B6A9D
:1098D000002B0BD0FB68DA6EFB681B6A9A4205D935
:1098E000294BFB62FB6801221A7556E0FB685B6F2F
:1098F000002B05D1FB68D3F8A430183B082B09D8FE
:1099000007F12C0100230022F868FFF793FB0346C0
:10991000002B41D0FB6814221A753EE01D4BFB6200
:10992000FB6801221A7538E0FB6822221A7534E0C0
:10993000FB6893F8403003F0EF03602B17D1FB680E
:1099400093F8403003F0100387F85130FB6893F828
:10995000703097F851209A4205D00D4BFB62FB689E
:1099600001221A7519E0FB6824221A7515E0094BCB
:10997000FB62FB6801221A750FE0064BFB62FB6875
:1099800001221A7509E000BF12000706130007063E
:10999000000003050100040500BFFB680022DA6730
:1099A00000237B60FB680022DA6397F96730012BA4
:1099B0001ED1FB68DA6FFB689B6F9A4205D2FB6889
:1099C000DA6F7B681A44FB68DA67FB68DA6FFB685A
:1099D0009B6F9A4204D38D4BFB62FB6801221A7580
:1099E000FB685B681B69002B02D0042387F8673093
:1099F00097F96730012B40F08D81FB685B68053378
:109A000008220021184602F00EFDFB681B7DDBB228
:109A1000242B00F0E380242B00F37981222B76D0D5
:109A2000222B00F37481122B02D0142B41D06EE153
:109A3000FB685B6860225A71FB681A8FFB685B6881
:109A4000D2B29A71FB681B8F1B0A9AB2FB685B68E3
:109A5000D2B2DA71FB685B68FA6892F83A201A723F
:109A6000FB680022DA67FB681A68FB685B681946C6
:109A70001046FAF749FFFB685B6F002B06D0FB68C6
:109A800000221A75002387F8673043E1FB68002243
:109A900083F87020FB680022DA66FB680022C3F8B6
:109AA000A420FB680022C3F8A820FB6813221A75C3
:109AB00030E1FB6893F87020FB685B6842F020029D
:109AC000D2B25A71FB6893F87030002B01D110228A
:109AD00000E00022FB6883F87020FB680022DA6750
:109AE000FB681A68FB685B6819461046FAF70CFFBA
:109AF000FB685B6F002B06D0FB6800221A75002301
:109B000087F8673006E1FB6813221A7502E1FB68EB
:109B10009B6E002B24D0FB689B6E042B20D8FB6827
:109B20009B6EDBB2C3F10403DBB29B00DAB2FB68CD
:109B30005B6842F04302D2B25A71FB685B6803F182
:109B40000900FB6803F18001FB689B6E1A4602F076
:109B5000F0FCFB6800221A75002387F8673020E0CC
:109B6000FB689B6E002B0ED0FB689B6EBB63BB6BD0
:109B7000BB61FB685B6841225A71FB685B68093313
:109B8000BA691A6003E0FB685B6840225A71FB689F
:109B9000002283F87020FB680022DA67FB6823222A
:109BA0001A75FB681A8FFB685B68D2B29A71FB6802
:109BB0001B8F1B0A9AB2FB685B68D2B2DA71FB6832
:109BC0005B68FA6892F83A201A72FB681A68FB68B8
:109BD0005B6819461046FAF797FE9BE007F12C01E7
:109BE00000230722F868FFF735FB0346002B00F03F
:109BF0009080FB685B68FA6892F870205A71FB6885
:109C000093F87030002B03D1102202E0000004050D
:109C10000022FB6883F87020FB68D3F8A420FB685F
:109C2000D3F8A830D31ABB65BB6D062B06D9FB68E9
:109C30005B6F002B1BD0BB6D072B18D1FB685B68DB
:109C40005A79BB6DDBB2C3F10703DBB25B00DBB259
:109C50001343DAB2FB685B6842F00102D2B25A7178
:109C6000FB6800221A75002387F8673007E0FB685D
:109C70000022DA67FB6823221A750723BB65FB689D
:109C80005B68981DFB6803F18002FB68D3F8A8307D
:109C90001344BA6D194602F04CFCFB68D3F8A820B7
:109CA000BB6D1A44FB68C3F8A820FB68DA6EBB6D75
:109CB0001A44FB68DA66FB689B6E002B1ED0FB68BB
:109CC000DA6EFB689B6E9A4205D9304BFB62FB68EB
:109CD00001221A751EE097F96730002B0ED1FB6840
:109CE000DA6EFB689B6E9A4208D2294BFB62012315
:109CF00087F86730FB6801221A750BE0FB681A6869
:109D0000FB685B6819461046FAF7FEFD02E000BFEB
:109D100000E000BF97F96730012B31D1FB681B7D54
:109D2000DBB2012B2CD1FB6A7B61FB685B68802274
:109D30005A71FB681A8FFB685B68D2B29A71FB6834
:109D40001B8F1B0A9AB2FB685B68D2B2DA71FB68A0
:109D50005B68FA6892F83A201A72FB685B6809330C
:109D60007A691A60FB681A68FB685B6819461046D6
:109D7000FAF7CAFDFB6800221A75F62387F86730E8
:109D800097F9673018466C37BD4690BD120007063C
:109D90001300070680B485B000AF78607B681B783D
:109DA000FB73FB7B18461437BD4680BC704780B4FC
:109DB00085B000AF78607B681B68FB60FB68184665
:109DC0001437BD4680BC704780B483B000AF786064
:109DD0007B68002B02D07B681B8800E000231846BC
:109DE0000C37BD4680BC704780B483B000AF78604C
:109DF00039607B68002B01D1052303E07B683A685A
:109E00009A60002318460C37BD4680BC704780B569
:109E100086B002AFF8607A603B600B46FB72F97A5D
:109E20003B68009301237A68F868FDF74BF9034615
:109E300018461037BD4680BD80B586B002AFF860C9
:109E40007A603B600B46FB72F97A3B68009304230F
:109E50007A68F868FDF736F9034618461037BD46AC
:109E600080BD80B582B000AF78607B689B7C013399
:109E7000DAB27B689A747B689A7C7B685B7C9A42D6
:109E800002D97B6801229A747B6800229A617B6800
:109E9000DB68002B0CBF01230023DBB21A467B6872
:109EA000DA607B68DB6A7A68927C5A717B689A6AAE
:109EB0007B68DB6A19461046FAF726FD034618460A
:109EC0000837BD4680BD80B487B000AF7860396088
:109ED0007B683B613B681B79FB7300237B613B69BB
:109EE0005B7C002B0CD1FB7B002B02D101237B611F
:109EF00019E0FB7B43F04003DAB23B691A7212E0CF
:109F0000FB7B012B09D13B680533BB60BB681A782A
:109F10003B699A7401237B6105E0FB7B63F07F035F
:109F2000DAB23B691A727B69002B0CD03B69DB68A3
:109F3000002B0CBF01230023DBB21A463B69DA6019
:109F40003B6901225A6000BF1C37BD4680BC704788
:109F500090B58FB004AFF860B9607A603B60FB6881
:109F6000002B0CD0FB681B7D002B08D1BB68002B9D
:109F700005D07B68042B02D13B68002B01D109235B
:109F8000A0E0FB685B687B62B868FFF710FF38628F
:109F90003B6A9BB2C3F30A03FB833B6A03F0804333
:109FA000C3F38073DBB2BB613A6A484B1340002BAA
:109FB00033D1FB8B7F2B30D9FB8BB3F5807F03D95B
:109FC000FB8BB3F5C07F28D9FB8BB3F5B06F03D9FA
:109FD000FB8BB3F5C06F20D3FB8BB3F5C06F03D9F8
:109FE000FB8BB3F5D06F18D3FB8BB3F5DC6F03D3CA
:109FF000FB8BB3F5E06F10D3FB8BB3F5E06F0CD8A0
:10A000007B6A5B6A002B0AD0BB69002B07D07B6A96
:10A01000B3F84830FA8B9A4201D00F2352E07B6AA2
:10A02000B3F84830FA8B9A4239D07B6A186B7B6A56
:10A03000998EFA8B264B02937B6A0193002300933F
:10A0400040F2FF73FAF789FB0346FB7597F9173067
:10A05000002B01D0092335E07B6A986A7B6AB3F84C
:10A060004A107B6A5B7C002B01D0012300E00023B7
:10A07000FA8B0024019400930023FAF7CBFB0246ED
:10A080007B6ADA627B6ADB6A002B04D17B6A00227E
:10A090005A62092316E07B6AFA8BA3F848207B6A90
:10A0A000BA695A62BB69002B05D07B6A00229A7498
:10A0B0007B6A00229A613B687A68B968F868FCF7A5
:10A0C000FDFD034618462C37BD4690BD00F8FFBF86
:10A0D000C79E010890B589B002AFF860B9607A6098
:10A0E0003B60FB68002B0CD0FB681B7D002B08D16C
:10A0F000BB68002B05D07B68012B02D13B68002B8D
:10A1000001D1092340E0FB685B687B61B868FFF719
:10A1100041FE0346FB74FB7C012B02D0FB7CF02B41
:10A1200001D90F2330E07B69DB691B68002B01D06C
:10A13000172329E07B69986A7B69B3F84A107B6929
:10A14000B3F84820FB7C002B01D0012300E0002362
:10A150000024019400930023FAF75CFB02467B691C
:10A16000DA627B69DB6A002B04D17B6900225A62C8
:10A17000092309E07B69FA7C5A743B687A68B968FC
:10A18000F868FCF79BFD034618461C37BD4690BD9A
:10A1900080B58CB004AFF860B9607A603B60FB6852
:10A1A000002B0ED0BB68002B0BD07B68002B08D097
:10A1B0003B68002B05D0BB6B002B02D03B6B002B08
:10A1C00002D14FF0FF33FBE05C220021F86802F07F
:10A1D0002AF98023BB6107F1180201230021786866
:10A1E000FFF72AFE0346FB7797F91F30002B0CD0B0
:10A1F0003B6C002B06D07868FFF7E6FD03461A4655
:10A200003B6C1A606FF00B03DAE0FB68FA689A6344
:10A21000FB686D4ADA63FB686C4A1A64FB68383382
:10A2200019467868FFF7E0FD002304220021386812
:10A23000FCF7C2FF0246FB68DA61FB68DB69002BB2
:10A240000CD13B6C002B06D03868FFF7BDFD0346F0
:10A250001A463B6C1A606FF00B03B1E00023042236
:10A260000021B86AFCF7A8FF0246FB681A62BB6AC5
:10A27000002B10D0FB681B6A002B0CD13B6C002B11
:10A2800006D0B86AFFF7A0FD03461A463B6C1A6079
:10A290006FF00B0394E00023FB75FB6A002B33D0B7
:10A2A00007F1170201230021F86AFFF7B0FD03460A
:10A2B000FB7797F91F30002B0CD03B6C002B06D09E
:10A2C000F86AFFF781FD03461A463B6C1A606FF08F
:10A2D0000B0375E0FB7D012B02D10223FB7504E02B
:10A2E000FB7DF02B01D9F023FB75FB68FA68DA647B
:10A2F000FB68354A1A65FB68354A5A65FB684C337A
:10A300001946F86AFFF770FDFA7DFB685A74FB681E
:10A31000BA681A60BB6903F08043C3F38073DBB291
:10A320001A46FB685A62FB68BA6B9A62BB699BB2B9
:10A33000C3F30A039AB2FB68A3F84820FB683A6BA0
:10A340001A63FB68BA8E9A86FB68BA8FA3F84A2014
:10A35000BB699BB2C3F30A039AB2B98E1D4B029339
:10A36000FB6801930023009340F2FF73386BFAF708
:10A37000F4F90346BB7797F91E30002B02D097F90A
:10A380001E301DE0BB699BB2C3F30A039AB2FB7D8A
:10A39000002B01D0012300E00023B98F00200190A1
:10A3A00000930023B86BFAF735FA0246FB68DA62CD
:10A3B000FB68DB6A002B02D14FF0FF3300E0002383
:10A3C00018462037BD4680BD0D6C0108519F01081D
:10A3D000D5A00108C79E010880B58AB002AFF86019
:10A3E000B9607A603B600023FB77BB68002B00F00C
:10A3F0008980FB689B697A6813443B61FB689B69B1
:10A400003A699A4202D9FB683A699A61FB685B68CB
:10A41000002B07D0FB6800229A610123FB77FB68C1
:10A4200000225A60FB68DB69002B04D0FB68DB6903
:10A430001B68BB6101E00023BB61BB69002B31D00D
:10A44000FB685B6A002B0AD0FB689B69BA699A4279
:10A4500028D80123FB77F868FFF703FD22E0FB68AB
:10A460001B7C012B1ED1BB695B08BA6913447B615D
:10A470007A69BB699A4202D24FF0FF337B61FB6875
:10A480009B697A699A420DD2FB681868FB689B69E0
:10A4900000934FF4014318220121FBF788FDFB686C
:10A4A00002221A74FB681B6A002B15D0FB681B6A1A
:10A4B0001B68002B10D0FB689A69FB681B6A1B683D
:10A4C0009A4209D9FB685B69002B01D10223FB7713
:10A4D000FB6801225A6102E0FB6800225A61FB68B6
:10A4E0001B7A002B1AD0FB681868FB681B7A009354
:10A4F00048F2402319220121FBF759FDFB68002295
:10A500001A720BE0FB6800225A60FB6800221A7284
:10A51000FB6800229A74FB6800229A61FB7F012B82
:10A520000FD1FB681B7C022B08D1FB681868002345
:10A530000093002318220021FBF739FDFB6801225C
:10A540001A74FB7F18462037BD4680BD80B485B0A5
:10A5500000AF78607B681B889BB2FB81FB89184643
:10A560001437BD4680BC704780B485B000AF7860BA
:10A570007B681B68FB60FB6818461437BD4680BCCF
:10A58000704780B483B000AF78607B68002B02D046
:10A590007B681B8800E0002318460C37BD4680BC52
:10A5A000704780B483B000AF786039607B68002B5F
:10A5B00001D1052303E07B683A689A6000231846BE
:10A5C0000C37BD4680BC704780B586B002AFF860DE
:10A5D0007A603B600B46FB72F97A3B680093042378
:10A5E0007A68F868FCF76EFD034618461037BD46DA
:10A5F00080BD80B586B000AF786039607B687B61D4
:10A600003B681B79FB743B680533FB60FB7C062BC6
:10A6100008D17B690622F968184601F08AFF7B6938
:10A6200001229A6100BF1837BD4680BD80B588B051
:10A6300000AFF860B9607A603B60FB68002B0CD01B
:10A64000FB681B7D002B08D1BB68002B05D07B6805
:10A65000042B02D13B68002B01D109234FE0FB689A
:10A660005B68FB61B868FFF77FFFB861BB699BB2AD
:10A67000C3F30A03FB82BA69234B1340002B26D194
:10A68000FB8A7F2B23D9FB8AB3F5807F03D9FB8A12
:10A69000B3F5C07F1BD9FB8AB3F5B06F03D9FB8A32
:10A6A000B3F5C06F13D3FB8AB3F5C06F03D9FB8A30
:10A6B000B3F5D06F0BD3FB8AB3F5DC6F03D3FB8A02
:10A6C000B3F5E06F03D3FB8AB3F5E06F01D90F2335
:10A6D00015E0BB69DB0FDBB21A46FB691A61BB6987
:10A6E00003F08043C3F38073DBB21A46FB695A61FF
:10A6F0003B687A68B968F868FCF7E0FA03461846E0
:10A700002037BD4680BD00BF00F8FF3F80B58CB04C
:10A7100004AFF860B9607A607B80FB68002B05D0DD
:10A72000BB68002B02D07B68002B02D14FF0FF33B7
:10A730005FE02C220021F86801F075FE07F1140299
:10A7400001230021B868FFF73FFF0346FB7797F925
:10A750001F30002B0CD0BB6A002B06D0B868FFF767
:10A7600010FF03461A46BB6A1A606FF00B0340E005
:10A77000FB68FA68DA61FB68204A1A62FB68204AC3
:10A780005A62FB681C331946B868FFF70AFF7B69F9
:10A790009BB2C3F30A03BB837B69DB0FDBB21A46B0
:10A7A000FB681A617B6903F08043C3F38073DBB2FB
:10A7B0001A46FB685A61FB6800229A61FB681B69B4
:10A7C000002B15D0BA8B79880E4B0293FB6801934E
:10A7D0000023009340F2FF737868F9F7BEFF034649
:10A7E000FB7697F91B30002B02D097F91B3000E065
:10A7F000002318462037BD4680BD00BF0D6C010800
:10A800002DA60108F3A5010880B58AB000AFF86055
:10A81000B9607A6000237B62BB68002B24D0FB68A0
:10A820001B69002B20D0FB689B69002B1FD0FB68A5
:10A830001846FFF799FE3862FB6804331846FFF7A5
:10A8400085FE0346FB833B6A23F07042FB689A60F7
:10A85000FB68FA8B9A81FB680022DA8101237B6214
:10A86000FB6800229A6102E0FB6800229A610023E3
:10A87000BB617B6A002B32D17B68002B2FD0FB6839
:10A88000DB891A467B6813447B617B69164AA2FB0D
:10A8900003239B09BB617A69134BA3FB02139B093A
:10A8A0004FF47A7101FB03F3D31A9AB2FB68DA8191
:10A8B000FB689A68BB691A44FB689A60FB689B68EE
:10A8C0000A4A93420BD9FB689A68094B1344FA6809
:10A8D0009360FB689B8901339AB2FB689A817B6A1B
:10A8E00018462837BD4680BDD34D6210FF5B260554
:10A8F00000A4D9FA80B584B000AF78600023FB7360
:10A900007B68002B02D14FF0FF3306E00C220021C0
:10A91000786801F088FD97F90F3018461037BD466A
:10A9200080BD80B489B000AFF860B9603B60134669
:10A93000FB710023FB770023BB770023BB61FB681F
:10A940001A68BB681A44FB681A60F6E0FB685B7A19
:10A95000DB4303F001033B610123BB61FB681B6820
:10A96000A3F54343503BFA681360FB681B7901333E
:10A97000DAB2FB681A71FB681B79032B40F2C580C1
:10A98000FB6800221A710023FB770023BB77FB686A
:10A990005B7A03F00203002B04D1FB7F43F0020338
:10A9A000FB7703E0BB7F43F00203BB77FB685B7977
:10A9B0000133DAB2FB685A71FB685B79062B10D061
:10A9C000062B12DC012B02D0022B05D00DE0FB7F01
:10A9D00043F00403FB7709E0BB7F43F00403BB773C
:10A9E00004E0FB6800225A7100E000BFFB689B791D
:10A9F0000133DAB2FB689A71FB689B79082B18D097
:10AA0000082B1ADC042B0FD0042B16DC032B06D0EA
:10AA1000032B12DC012B02D0022B05D00DE0FB7FB3
:10AA200043F00803FB7709E0BB7F43F00803BB77E3
:10AA300004E0FB6800229A7100E000BFFB68DB794C
:10AA40000133DAB2FB68DA71FB68DB790A2B20D0BC
:10AA50000A2B22DC062B17D0062B1EDC052B0ED072
:10AA6000052B1ADC042B0FD0042B16DC032B06D08D
:10AA7000032B12DC012B02D0022B05D00DE0FB7F53
:10AA800043F01003FB7709E0BB7F43F01003BB7773
:10AA900004E0FB680022DA7100E000BFFB681B7A6B
:10AAA0000133DAB2FB681A72FB681B7A0C2B28D0D0
:10AAB0000C2B35DC082B1FD0082B31DC072B16D0D4
:10AAC000072B2DDC062B17D0062B29DC052B0ED0EF
:10AAD000052B25DC042B0FD0042B21DC032B06D007
:10AAE000032B1DDC012B02D0022B05D018E0FB7FCD
:10AAF00043F02003FB7714E0BB7F43F02003BB77D8
:10AB00000FE0FB6800221A720BE0FB685B7A03F02F
:10AB10007E03FB77FB689B7A03F07E03BB7700E044
:10AB200000BF3B69002B04D0FB7F43F00103FB77A0
:10AB300003E0BB7F43F00103BB77FB681B684CF26B
:10AB40004F3293423FF602AFBB69002B77D0BB6A0E
:10AB5000002B02D00123FB7532E097F90730002B60
:10AB600004D1FB7F03F00103FB7529E03B6B002B55
:10AB700004D0FB7F03F02003FB7521E07B6B002BEF
:10AB800004D0FB7F03F01003FB7519E0BB6B002BB7
:10AB900004D0FB7F03F00803FB7511E0FB6A002B78
:10ABA00004D0FB7F03F00403FB7509E0FB6B002B73
:10ABB00004D0FB7F03F00203FB7501E00023FB756B
:10ABC0003B68002B04D0BB7F03F00103BB7522E080
:10ABD0003B6C002B04D0BB7F03F01003BB751AE065
:10ABE00097F90730042B04D1BB7F03F00403BB7536
:10ABF00011E097F907307F2B04D1BB7F03F00203EC
:10AC0000BB7508E097F90730052B02D10123BB750E
:10AC100001E00023BB75FB7D002B03D0FB7F63F0BD
:10AC20007F03FB77BB7D002B03D0BB7F63F07F03EB
:10AC3000BB77FB68FA7F5A72FB68BA7F9A7200BFD3
:10AC40002437BD4680BC704780B590B000AF7860B7
:10AC500039607B687B633B681B7987F8333097F8F2
:10AC60003330082B40F038817B6B5B6C002B40F05D
:10AC700033810023FB633B680533FB62FB6A1B786F
:10AC800087F82B3097F82B30042B2DD1FB6A01333A
:10AC90001B78FB77FB7F002B02D0012B20D015E126
:10ACA0007B6B1B7C012B10D17B6B93F84030FF2B0F
:10ACB0000BD17B6BDB6B1B78FF2B06D07B6B97F884
:10ACC0002B2083F848200123FB637B6B00221A743E
:10ACD0007B6B143310220021184601F0A4FBF5E031
:10ACE0007B6B01221A74F1E07B6B1B7C002B40F024
:10ACF000D98097F82B30512B57D0512B00F3E1809E
:10AD0000432B24D0432B00F3DC80422B17D0422B63
:10AD100000F3D780402B02D0412B08D0D1E0FB6A52
:10AD200001331B68BB61BA697B6B5A61CEE0FB6A79
:10AD300001331B687B617A697B6B9A61C6E0FB6AB1
:10AD400001331B683B613A697B6BDA61BEE0FB6AE9
:10AD500001331B68FB60FA687B6B1A627B6B5A6875
:10AD60007B6B9B699A4240F0AE807B6B9A687B6BF1
:10AD7000DB699A4240F0A7807B6BDA687B6B1B6AC9
:10AD80009A4240F0A0807B6B1A687B6B5B699A42A9
:10AD900040F099807B6B01221A747B6B97F82B2013
:10ADA00083F848200123FB638DE07B6BDB6B1B7812
:10ADB000FF2B40F08A807B6B93F84030FF2B40F0F4
:10ADC0008480FB6A05331B7887F82A30FB6A0633D8
:10ADD0001B7887F82930FB6A07331B7887F82830FF
:10ADE00097F82A301F2B03D997F82A30802B6DD182
:10ADF00097F82930032B69D897F82830032B65D8AA
:10AE0000FB6A01331B68BB60BB687B620023BB63CA
:10AE100097F82A30802B0DD10123BB637B6B002276
:10AE200083F834207B6B243310220021184601F074
:10AE3000FAFA2CE07B6B93F8343097F829209A4289
:10AE400025D197F82A304FF0FF3202FA03F33B6224
:10AE500097F829207B6B53F822207B6A5A403B6A83
:10AE60001340002B13D10123BB637B6B97F8282081
:10AE700083F8342097F82A30002B08D197F828203F
:10AE800097F829309A4202D27B6B01221A74BB6B6D
:10AE9000002B1AD07B6B97F82B2083F848200123D6
:10AEA000FB6312E07B6B49330822F96A184601F014
:10AEB00040FB7B6B97F82B2083F848200123FB6332
:10AEC00004E000BF02E000BF00E000BFFB6B002B0E
:10AED00002D07B6B01225A6400BF4037BD4680BD63
:10AEE00080B58AB004AFF860B9607A603B60002337
:10AEF000FB75FB68002B18D07B68002B15D03B68D6
:10AF0000002B12D03B6A002B0FD0FB6A002B0CD019
:10AF10003B681B78002B04D03B681B785BB2002B8E
:10AF200006DA3B681B78FF2B02D04FF0FF3346E078
:10AF300074220021F86801F076FAFB681022B968E3
:10AF4000184601F0F6FAFB6800221A74FB6800222A
:10AF500083F83420FB687A689A63FB683A68DA639E
:10AF60003B681A78FB6883F84020FB6800225A642B
:10AF70003A8DB98C144B0293FB6801930023009324
:10AF800040F2FF73386AF9F7E8FB0346FB75FB688C
:10AF9000FA6ADA66BA8E398E002301930823009389
:10AFA0000023F86AF9F736FC0246FB681A67FB686B
:10AFB0001B6F002B01D1FF23FB7597F91730184643
:10AFC0001837BD4680BD00BF49AC010880B485B0CC
:10AFD00000AFF860B9607A60FB68002B05D0FB68B1
:10AFE000BA689A65FB687A685A6500BF1437BD462F
:10AFF00080BC704780B485B000AFF860B9607A60FB
:10B00000FB68002B05D0FB68BA681A66FB687A6893
:10B01000DA6500BF1437BD4680BC704780B485B088
:10B0200000AFF860B9607A60FB68002B05D0FB6860
:10B03000BA689A66FB687A685A6600BF1437BD46DC
:10B0400080BC704780B58CB000AF78600023FB6295
:10B050007B685B6C002B00F0838100237B627B6844
:10B060001B6F053308220021184601F0DCF97B68CC
:10B0700093F848305E2B00F048815E2B00F35B8133
:10B080005D2B00F031815D2B00F355815C2B00F0CE
:10B090001A815C2B00F34F815B2B00F003815B2B4B
:10B0A00000F349815A2B00F0EC805A2B00F34381C6
:10B0B000512B00F03981512B00F33D81432B1BD0E4
:10B0C000432B00F33881172B00F0B080172B00F3CF
:10B0D0003281152B00F08C80152B00F32C81132B63
:10B0E00038D0132B00F32781042B02D0112B0AD068
:10B0F00021E10123FB6225E17B681B6F44225A7129
:10B1000001237B621EE17B6893F84A30FB740023C5
:10B1100087F82B30FB7C002B03D097F91330002BE2
:10B1200002DAFB7CFF2B04D17B68DB6BFA7C1A70A4
:10B1300002E0012387F82B307B681B6F7A6892F856
:10B1400048205A717B681B6F97F82B209A71012356
:10B150007B62F7E07B685B6D002B00F0EE807B6824
:10B1600093F84A307B777B6893F84B303B7700232A
:10B1700087F82B30002387F82A307B7F002B21D1E2
:10B180003B7F052B1ED03B7F092B1BD83B7F774A8B
:10B1900032F813307B837B685B6D7A68926D798BB4
:10B1A0001046984778617B69002B04D07B689B6BC5
:10B1B0007A8B1A8009E0FF2387F82B30012387F868
:10B1C0002A3002E0012387F82B307B681B6F7A68F6
:10B1D00092F848205A717B681B6F97F82B209A7160
:10B1E0007B681B6F97F82A20DA7101237B62A9E044
:10B1F0007B685B6D002B00F0A2807B68DB6D002B11
:10B2000000F09F807B6893F84B301B02FB837B68C8
:10B2100093F84A301A46FB8B1343FB837B68DB6D44
:10B220007A68126EF98B104698478AE0002387F8F7
:10B230002B307B685B6E002B03D1012387F82B300A
:10B2400011E07B685B6E7A68906E7A68D26B1178D9
:10B250007A68926B1288984738623B6A002B02D159
:10B26000022387F82B307B681B6F7A6892F848209E
:10B270005A717B681B6F97F82B209A7101237B62B0
:10B2800060E07B681B6F7A6892F848205A717B688F
:10B290001B68FB607B681B6F0633FA681A6001232A
:10B2A0007B624FE07B681B6F7A6892F848205A7186
:10B2B0007B685B68FB607B681B6F0633FA681A600B
:10B2C00001237B623EE07B681B6F7A6892F848201E
:10B2D0005A717B689B68FB607B681B6F0633FA685A
:10B2E0001A6001237B622DE07B681B6F7A6892F8FD
:10B2F00048205A717B68DB68FB607B681B6F0633F4
:10B30000FA681A6001237B621CE07B681B6F7A6815
:10B3100092F848205A717B681B6F7A6892F8402037
:10B320009A7101237B620DE07B681B6F4F225A717B
:10B3300001237B6206E000BF04E000BF02E000BF23
:10B3400000E000BF7B6A002B07D07B68DA6E7B6869
:10B350001B6F19461046F9F7D7FA7B6800225A642A
:10B36000FB6A18463037BD4680BD00BFD4D5010802
:10B3700053B94AB9002908BF00281CBF4FF0FF315C
:10B380004FF0FF3000F09CB9ADF1080C6DE904CE30
:10B3900000F006F8DDF804E0DDE9022304B07047B0
:10B3A0002DE9F04782B00646DDF828E00846B446AD
:10B3B0000D46002B4ED18A4214466DD9B2FA82F264
:10B3C00042B1C2F12003954026FA03F394401D4395
:10B3D00006FA02FC260CA7B2B5FBF6F14FEA1C43B5
:10B3E00006FB115543EA054301FB07F0984209D9D2
:10B3F000E31801F1FF3580F00381984240F20081AB
:10B40000023923441B1A1FFA8CFCB3FBF6F006FB2F
:10B4100010334CEA034C00FB07F363450AD914EBE5
:10B420000C0C00F1FF3580F0ED80634540F2EA80BE
:10B43000A444023840EA0140ACEB030C0021BEF109
:10B44000000F04D02CFA02F30022CEE9003202B041
:10B45000BDE8F0878B4209D9BEF1000F01D0CEE9DB
:10B4600000610021084602B0BDE8F087B3FA83F11D
:10B47000174600294DD1834202D3B24200F20F8118
:10B48000B6EB070C60EB030301201D46BEF1000F75
:10B49000DDD0CEE900C5DAE7002A00F098801A4630
:10B4A000B4FA84F3002B40F0AF800B1B270CA6B23C
:10B4B0000121B3FBF7F54FEA1C4007FB153340EAC7
:10B4C000034306FB05F8984507D9E31805F1FF305B
:10B4D00002D2984500F2E8800546A3EB08031FFA64
:10B4E0008CFCB3FBF7F007FB10334CEA034C06FB74
:10B4F00000F3634508D914EB0C0C00F1FF3602D2BF
:10B50000634500F2CE803046ACEB030C40EA0540C8
:10B5100095E7C1F120058B4022FA05FC4CEA030CAB
:10B5200000FA01F426FA05F3E84002FA01F943EAC9
:10B5300004084FEA1C4206FA01FAB0FBF2F71FFAC0
:10B540008CF602FB17004FEA184444EA004407FB5C
:10B5500006F0A0420AD91CEB040407F1FF3380F087
:10B560009C80A04240F29980023F6444241A1FFA52
:10B5700088F3B4FBF2F002FB104443EA044300FBFF
:10B5800006F69E4209D91CEB030300F1FF3480F05C
:10B5900082809E427FD90238634440EA0740A0FB84
:10B5A00009749B1BA3423E46A04664D361D0BEF102
:10B5B000000F0AD0BAEB060263EB080303FA05F5A5
:10B5C000CA401543CB40CEE9005300213FE7730842
:10B5D00043EAC1734A08190C41EA02414FEAC67CAA
:10B5E0009BB2B2FBF4F02646A04627461F2243EA50
:10B5F0000143B1FBF4F1A3EB080341EA004158E732
:10B600002946FFE6284615E71A46C3F120019C406B
:10B6100026FA01F320FA01F190400343270C06FAC1
:10B6200002FCB1FBF7F0A6B207FB1015190C41EABA
:10B63000054100FB06F58D423BD9611801D28D42D0
:10B6400020D8491B0138B1FBF7F5019505FB06F839
:10B65000019D9BB207FB151143EA0143434526D2E6
:10B66000E31805F1FF31C6D24345C4D2A91E2344D5
:10B67000C1E7BA459BD2B7EB090664EB0C0401386D
:10B68000A04694E7651B29440238B1FBF7F5019504
:10B6900005FB06F8DCE720467FE71F4666E708461D
:10B6A000F4E6A44402382FE7023D234415E701994C
:10B6B000A1E7491BB1FBF7F5019505FB06F8C7E7C4
:10B6C000704700BF034613F8012B002AFBD1181A5C
:10B6D000013870470000000000000000000000007A
:10B6E00001F0FF01102A2BDB10F0070F08D010F833
:10B6F000013B013A8B422DD010F0070F42B3F6D137
:10B70000F0B441EA012141EA014122F007047FF04F
:10B7100000070023F0E80256083C85EA010586EAA6
:10B72000010685FA47F5A3FA87F586FA47F6A5FAE2
:10B7300087F68EB9EED1F0BC01F0FF0102F00702EE
:10B7400032B110F8013B013A83EA010313B1F8D199
:10B750000020704701387047002D06BF354603387A
:10B76000073815F0010F07D1013015F4807F02BFB3
:10B77000013015F4C03F0130F0BC0138704700BF04
:10B7800000B583B01048F8F7DDFCE5F77FFC0190C9
:10B79000012101A8E4F736FFF8F72CFE0A4D2A7CB8
:10B7A0000A4CB2FA82F252094FF480612046ECF75B
:10B7B00060F96A7CB2FA82F252094FF400712046B5
:10B7C000ECF757F9E4E700BF804400200014024082
:10B7D00000B583B00B4B0C4A9A600C4ADA600C4AF5
:10B7E0005A6001221A70FA225A8000230193032220
:10B7F00000924FF4007207490748E4F70DFD03B0CB
:10B8000000BD00BF8044002098440020A5B9010875
:10B8100008450020E8D5010881B7010808B5EAF716
:10B820002FF908BD08B5054B984200D008BD044B60
:10B830005B69002BFAD0F8F749FEF7E708450020CE
:10B840008044002010B594B008AC3022002120467E
:10B8500000F0E9FD002303930493059306930793F7
:10B860000193224A116C41F080511164126C02F074
:10B8700080520192019A02931D4B1A6842F4804251
:10B880001A601B6803F480430293029B0123089310
:10B890004FF48033099302230E934FF480020F92EA
:10B8A000082210924FF4A87211921293042313935A
:10B8B0002046ECF760F990B90F2303930223049319
:10B8C000002305934FF4A05306934FF4805307933E
:10B8D000052103A8ECF7C8FB20B914B010BD00F097
:10B8E0009BF8E9E700F098F8F7E700BF003802405E
:10B8F0000070004000B587B001A9002301934B60A0
:10B900008B60CB600B610093094B1A6B42F02002F5
:10B910001A631B6B03F020030093009B4FF4C0637A
:10B920000193012302930348EBF7F8FD07B000BD34
:10B93000003802400014024008B50B480B4B03606E
:10B94000532343600023836040F2E732C260036107
:10B950008361ECF705FF18B90348EDF743F808BD1C
:10B9600000F05AF8F8E700BF084500200014004036
:10B9700008B50A480A4B03604FF4E13343600023E3
:10B980008360C36003610C2242618361C361F4F789
:10B99000CFFE00B908BD00F03FF8FBE7C04400202F
:10B9A0000010014008B50F480F4B03600C234360A3
:10B9B000002383604FF08072C2604FF40022026166
:10B9C0004FF4401242610376012242768376C376B9
:10B9D00002774277EAF798F900B908BD00F01CF841
:10B9E000FBE700BF984400200064004008B5E9F779
:10B9F000BBFFFFF727FFFFF77DFFFFF79DFFFFF777
:10BA0000B7FFFFF7CFFF08BD08B5FFF7EFFFFFF760
:10BA1000DFFEE5F7C7F9FEE772B6FEE702680E4BF8
:10BA20009A4200D0704700B583B00022019203F51E
:10BA30000933196C41F0200119641B6C03F02003D9
:10BA40000193019B02213720EBF721FC3720EBF714
:10BA50003AFC03B000BD00BF0014004000B589B03F
:10BA6000002303930493059306930793026803F15D
:10BA7000804303F588339A4201D009B000BD00210C
:10BA8000019103F594335A6C42F010025A645A6CD7
:10BA900002F010020192019A02911A6B42F0010227
:10BAA0001A631B6B03F001030293029B4FF4C06304
:10BAB000039302230493012305930323069307238F
:10BAC000079303A90148EBF729FDD6E700000240E0
:10BAD00010B588B00023039304930593069307934E
:10BAE0000268254B9A4201D008B010BD0024019491
:10BAF00003F5EA331A6C42F000721A641A6C02F011
:10BB000000720192019A02941A6B42F001021A63C8
:10BB10001B6B03F001030293029B4FF4C05303938A
:10BB200002230493032306930923079303A91348CD
:10BB3000EBF7F4FC224621461320EBF7A8FB132079
:10BB4000EBF7C1FB224621461420EBF7A0FB1420A3
:10BB5000EBF7B9FB224621461520EBF798FB1520A1
:10BB6000EBF7B1FB224621461620EBF790FB16209F
:10BB7000EBF7A9FBB8E700BF0064004000000240FB
:10BB80007047FEE7FEE7FEE7FEE7704708B50248AC
:10BB9000F0F7F3FA08BD00BF0845002008B50248D9
:10BBA000EAF702FF08BD00BF9844002008B502482C
:10BBB000EAF7FAFE08BD00BF9844002008B5024825
:10BBC000EAF7F2FE08BD00BF9844002008B502481D
:10BBD000EAF7EAFE08BD00BF9844002010B582B025
:10BBE00004468DF807004FF0FF3301220DF10701E5
:10BBF0000248F4F765FF204602B010BDC0440020A3
:10BC000070B50E461546002406E0AFF300803146BD
:10BC100001F8010B01340E46AC42F6DB284670BD3C
:10BC200070B50C461646002504E014F8010BFFF72A
:10BC3000D5FF0135B542F8DB304670BD0346064AF4
:10BC4000126822B1044A1068034413607047024A24
:10BC500002491160F6E700BF50450020A0460020D1
:10BC60004FF0FF3070474FF400534B600020704797
:10BC70000120704700207047DFF834D0E8F71CF946
:10BC80000C480D490D4A002302E0D458C450043337
:10BC9000C4188C42F9D30A4A0A4C002301E013600D
:10BCA0000432A242FBD300F01DFCFFF7ADFE70474B
:10BCB00000000220000000204C04002034D60108BF
:10BCC0004C040020A0460020FEE70000024B0A467C
:10BCD0000146186800F002B8FC03002070B5A1FB13
:10BCE000026535B9314600F037F8044628B92046D8
:10BCF00070BD0C2303600024F9E73246294600F0AA
:10BD000092FBF4E7024B0146186800F021BC00BF2B
:10BD1000FC03002070B50F4C0E462168054611B992
:10BD200000F0BEFB20603146284600F0B9FB431C02
:10BD300003D14FF0FF34204670BDC41C24F003042F
:10BD4000A042F8D0211A284600F0AAFB0130F2D117
:10BD5000EFE700BF544500202DE9F843CD1C25F046
:10BD6000030508350C2D38BF0C25002D064601DBD8
:10BD7000A94204D90C2333600020BDE8F883334F77
:10BD800000F066F83B681C463CBB29463046FFF78E
:10BD9000C1FF431C044656D13C68A046B8F1000FD1
:10BDA00040D1002C49D023684146304604EB0309BA
:10BDB00000F076FB814540D121686D1A2946304656
:10BDC000FFF7A8FF013038D023682B4423603B687D
:10BDD0005A685ABBC7F800800EE02268521B1ED476
:10BDE0000B2A16D96119A342256018BF59606368F0
:10BDF00008BF396062514B60304600F02FF804F103
:10BE00000B00231D20F00700C21A1CBF1B1AA350F1
:10BE1000B3E76268A3420CBF3A605A60ECE723467E
:10BE20006468B1E74446D8F80480B7E71A465B680F
:10BE3000A342FBD100235360DEE70C23336030467E
:10BE400000F00CF898E70560D6E700BF58450020E1
:10BE5000014800F06CBB00BF9C460020014800F088
:10BE600067BB00BF9C460020B1F90C202DE9F041D2
:10BE7000160705460C4651D44B68002B02DC0B6CB0
:10BE8000002B49DDE66A002E46D0002312F48052D2
:10BE90002F682B6031D0626DA389590705D563687F
:10BEA000D21A636B0BB1236CD21A0023E66A216AA3
:10BEB0002846B047421CB4F90C3006D129681D2928
:10BEC00045D8284ACA40D60741D500226260D90425
:10BED0002269226004D5421C01D12B6803B9606538
:10BEE000616B2F60C1B104F14403994202D028462E
:10BEF00000F02EFB002363630EE0216A0123284635
:10BF0000B0470246501CC7D12B68002BC4D01D2B54
:10BF100001D0162B1AD12F6000201DE00F69002FD1
:10BF2000FAD093070E6808BF4B690F6018BF002353
:10BF3000A6EB07088B60B8F1000FEDDD216AA66A59
:10BF400043463A462846B047002807DCA38943F019
:10BF50004003A3814FF0FF30BDE8F0810744A8EB18
:10BF60000008E8E70100402038B50B6905460C469B
:10BF700013B91D46284638BD18B1036A0BB900F045
:10BF8000BDF8B4F90C30002BF3D0626ED00704D4A6
:10BF9000990502D4A06D00F0CAFA28462146FFF7A1
:10BFA00063FF636EDA070546E4D4A3899B05E1D4F9
:10BFB000A06D00F0BDFADDE7014620B9044A05494D
:10BFC000054800F0B3B8054B1868FFF7CDBF00BFB8
:10BFD000F003002069BF010800040020FC030020DA
:10BFE000002310B50446C0E90033C0E90433836080
:10BFF00081814366C2818361194608225C3000F06A
:10C0000012FA0D4B63620D4BA3620D4BE3620D4BB5
:10C0100023630D4B24629C4206D003F168029442D4
:10C0200002D0D0339C4205D104F15800BDE8104045
:10C0300000F07CBA10BD00BF49C201086BC2010804
:10C04000A3C20108C9C201085C450020024A034995
:10C05000034800F06BB800BFF003002069BF01087F
:10C060000004002041680C4B994210B5044601D0F1
:10C07000FFF77AFFA168094B994202D02046FFF7EB
:10C0800073FFE168064B994204D02046BDE810409A
:10C09000FFF76ABF10BD00BF5C450020C44500200B
:10C0A0002C46002010B50A4B0A4A1A600A480022A2
:10C0B0000421FFF795FF094801220921FFF790FFAE
:10C0C000BDE81040064802221221FFF789BF00BFD9
:10C0D000944600204DC001085C450020C445002066
:10C0E0002C460020014800F022BA00BF9D460020E7
:10C0F000014800F01DBA00BF9D46002010B504465F
:10C10000FFF7F0FF236A1BB1BDE81040FFF7F0BF57
:10C11000044B2362044B1B68002BF5D1FFF7C2FFD1
:10C12000F2E700BF65C00108944600202DE9F843FE
:10C130008046894614460026D4E90175013F05D59D
:10C140002468002CF8D13046BDE8F883AB89012B78
:10C1500007D9B5F90E30013303D029464046C84708
:10C1600006436835EAE700000FB407B5064904AB9B
:10C17000086853F8042B8168019300F05DFA03B05E
:10C180005DF804EB04B07047FC030020036A70B54F
:10C19000846805460E460BB9FFF7B0FF636EDB07F8
:10C1A00005D4A389980502D4A06D00F0C0F9A38935
:10C1B000190702D52369002B35D12146284600F006
:10C1C000C5F880B34FF0FF35636EDA0705D4A38955
:10C1D0009B0502D4A06D00F0ABF9284670BD002B82
:10C1E00004DAA269934217DB0A2915D023685A1C86
:10C1F00022601970A36816F8011F013BA360002993
:10C20000EDD18B4211DA22460A21284600F060F86F
:10C210000130D7D00A25D7E72246284600F058F843
:10C220000130E7D1CEE7013EE4E723685A1C2260E3
:10C230000A221A70EEE70000024B01461868FFF769
:10C24000A5BF00BFFC03002010B50C46B1F90E10CD
:10C2500000F014F90028ABBF636DA3891B1823F409
:10C260008053ACBF6365A38110BD2DE9F0411F462B
:10C270008B89DB0505460C46164605D5B1F90E102F
:10C280000223002200F0E8F8A389B4F90E1023F489
:10C290008053A38132463B462846BDE8F04100F07A
:10C2A0000FB910B50C46B1F90E1000F0D5F8B4F97D
:10C2B0000C30421C0BBF23F4805343F48053A38102
:10C2C000A38118BF606510BDB1F90E1000F0B4B8BD
:10C2D000F8B505460F46144618B1036A0BB9FFF7C7
:10C2E0000DFFA369A360A3891A0701D5236943B988
:10C2F0002146284600F02AF818B14FF0FF363046A4
:10C30000F8BD23692068C01A6369834205DC2146B1
:10C310002846FFF729FE0028EFD1A368013BA36060
:10C3200023685A1C22601F70636901308342FEB289
:10C3300004D0A389DB07E2D50A2EE0D121462846A6
:10C34000FFF712FE0028DAD0D7E7000038B5284BF7
:10C35000054618680C4618B1036A0BB9FFF7CEFE04
:10C36000B4F90C30190720D4DA0607D409222A6060
:10C3700043F04003A3814FF0FF3031E0580711D55F
:10C38000616B41B104F14403994202D0284600F0A8
:10C39000DFF8002363630022A389626022692260C0
:10C3A00023F0240343F00803A38123694BB9A38935
:10C3B00003F42073B3F5007F03D02146284600F034
:10C3C0000DFCB4F90C3013F001020AD00022A26077
:10C3D00062695242A261226942B913F08000C7D15A
:10C3E00038BD990758BF6269A260F4E70020F7E7FB
:10C3F000FC030020884210B501EB020402D98442FC
:10C40000234607D8431EA14207D011F8012B03F899
:10C41000012FF8E70244824200D110BD13F8011D3C
:10C4200002F8011DF7E702440346934200D170472A
:10C4300003F8011BF9E7000038B5064C0023054658
:10C4400008462360FFF70CFC431C02D1236803B1AC
:10C450002B6038BD9846002038B5074C0546084685
:10C460001146002222601A46FFF704FC431C02D149
:10C47000236803B12B6038BD9846002038B5074CBF
:10C48000054608461146002222601A46FFF7B8FB0F
:10C49000431C02D1236803B12B6038BD98460020AD
:10C4A00038B5064C0023054608462360FFF7C6FB57
:10C4B000431C02D1236803B12B6038BD984600208D
:10C4C00038B5074C054608461146002222601A4638
:10C4D000FFF7A6FB431C02D1236803B12B6038BDD4
:10C4E0009846002070B50D4B0D4C00261D1BB6EB79
:10C4F000A50F09D100F0CEFB0A4C0B4B00261D1BEB
:10C50000B6EBA50F05D170BD54F8043B9847013632
:10C51000EDE754F8043B98470136F1E72CD60108C3
:10C520002CD601082CD6010830D601087047704778
:10C5300070470A44914200F1FF3300D1704710B5B3
:10C5400011F8014B03F8014F9142F9D110BD0000E1
:10C5500037B5002944D051F8043C0190002BA1F1DB
:10C560000404B8BFE418FFF773FC1E4A019813686F
:10C5700033B96360146003B0BDE83040FFF76EBCB0
:10C58000A34208D9256861198B4201BF19685B680D
:10C5900049192160EDE71A465B680BB1A342FAD94D
:10C5A00011685518A5420BD1246821445418A342A0
:10C5B0001160E0D11C685B6853600C441460DAE7DA
:10C5C00002D90C230360D6E7256861198B4204BFAA
:10C5D00019685B68636004BF491921605460CAE749
:10C5E00003B030BD584500209368013B002B10B4C8
:10C5F000936007DA9469A34201DB0A2902D110BCD7
:10C60000FFF766BE1368581C10601970084610BC0E
:10C610007047F8B506460F461446D518AC4201D10E
:10C62000002007E014F8011B3A463046FFF7DCFF14
:10C63000431CF3D1F8BD00002DE9F04F80469DB0BA
:10C640000D4614461E4618B1036A0BB9FFF756FD96
:10C650006B6ED90705D4AB899A0502D4A86DFFF794
:10C6600066FFAB891B0701D52B699BB9294640465C
:10C67000FFF76CFE70B16B6EDC0704D54FF0FF3036
:10C680001DB0BDE8F08FAB899805F7D4A86DFFF712
:10C690004FFFF3E70023099320238DF82930DFF8BB
:10C6A000A091039630238DF82A304FF0010A2346DB
:10C6B0001A781E461AB1252A03F10103F8D1B6EB08
:10C6C000040B0BD05B46224629464046FFF7A1FFEC
:10C6D000013000F09C80099A5A4409923378002B6B
:10C6E00000F0958000234FF0FF32CDE9052301369D
:10C6F000049307938DF853301A933446504814F836
:10C70000011B0522FEF7ECFF049BB0B9D90644BF1C
:10C7100020228DF853201A0744BF2B228DF8532076
:10C7200032782A2A11D0079A00210A203378303B28
:10C73000092B344648D971B914E0A0EB09000AFA74
:10C7400000F0184304902646D7E7039A111D12689B
:10C750000391002A01DB079204E0524243F00203F6
:10C760000792049323782E2B0AD163782A2B30D199
:10C77000039B1A1D1B68039243EAE373023405937B
:10C78000304E217803223046FEF7AAFF30B1049BD9
:10C79000801B4022824013430134049321782A48AD
:10C7A0008DF828100622FEF79BFF00283ED0274B6D
:10C7B00013BB039B073323F0070308330393099B41
:10C7C0003B440134099372E7013600FB0232012138
:10C7D000ACE700230593611C18460A260A78303A14
:10C7E000092A0C4603D9002BCAD00590C8E70131AD
:10C7F00006FB00200123F1E703AB00932A46144B0C
:10C8000004A94046AFF300800746781CD7D16B6E71
:10C81000D90705D4AB899A0502D4A86DFFF788FE25
:10C82000AB895B063FF52AAF099829E703AB009374
:10C830002A46074B04A9404600F082F8E4E700BF0F
:10C84000F0D50108F6D50108FAD50108000000006E
:10C8500013C601082DE9F047914698468A680B698E
:10C86000089E9342B8BF1346C9F8003091F84320A0
:10C8700007460C4612B10133C9F800302368990607
:10C8800042BFD9F800300233C9F80030256815F0EE
:10C89000060507D104F1190AE368D9F800209B1AAC
:10C8A000AB4229DC94F843302268003B18BF0123D7
:10C8B00092062ED404F1430241463846B047013077
:10C8C00021D02368A168226903F00603042B01BF6D
:10C8D000E568D9F80030ED1A25EAE57518BF00259E
:10C8E0008B1A2B449142C8BF1D464FF000091A34E1
:10C8F0004D451AD1002008E00123524641463846F2
:10C90000B047013003D14FF0FF30BDE8F08701356B
:10C91000C2E7E1185A1C302081F84300224494F801
:10C92000451082F843100233C4E7012322464146F2
:10C930003846B0470130E6D009F10109D8E70000D8
:10C940002DE9F04398460B7E85B0782B17460646B6
:10C950000C9A0C4609D8622B01F1430108D8002B30
:10C9600000F0DC80582B00F0BD8004F1420539E076
:10C97000A3F163001528F8D801A555F820F000BFF1
:10C98000D9C90108EDC901086BC901086BC90108C3
:10C990006BC901086BC90108EDC901086BC9010821
:10C9A0006BC901086BC901086BC90108FDCA010800
:10C9B00019CA0108ABCA01086BC901086BC9010893
:10C9C00025CB01086BC9010819CA01086BC9010808
:10C9D0006BC90108B3CA01081368191D1B681160EF
:10C9E00004F1420584F842300123A8E01368256869
:10C9F000181D1060280601D51B6803E06A06FBD5E8
:10CA0000B3F90030002B03DA2D225B4284F8432077
:10CA1000DFF878C10A2213E02568106815F0800F4E
:10CA200050F8043B02D16D0648BF9BB21060227ED5
:10CA3000DFF858C16F2A5DD10822002084F8430036
:10CA40006568A560002D05DB20681D4320F004000B
:10CA5000206051D00D46B3FBF2F002FB103E9A422B
:10CA60001CF80EE005F801ED0346F4D9082A0BD1B5
:10CA70002368DA0708D5236962689A42DEBF30234B
:10CA800005F8013C05F1FF35491B2161CDF8008017
:10CA90003B4603AA21463046FFF7DCFE013053D166
:10CAA0004FF0FF3005B0BDE8F083236843F020036A
:10CAB0002360DFF8DCC0782384F8453020681568EF
:10CAC00010F0800F55F8043B03D110F0400F18BF51
:10CAD0009BB21560C50744BF40F02000206023B121
:10CAE0001022AAE7DFF8A4C0E6E7226822F02002BD
:10CAF0002260F5E70A22A0E70D46B7E71368D4F8ED
:10CB000000C060691D1D15601CF0800F1B6801D0FE
:10CB1000186003E01CF0400FFAD018800023236156
:10CB20000D46B3E71368191D11601D686268002186
:10CB30002846FEF7D5FD08B1401B6060636823619D
:10CB4000002384F84330A1E723692A46394630465A
:10CB5000C0470130A4D023689B0714D4E068039B2E
:10CB60009842B8BF18469DE7012304F119023946DF
:10CB70003046C047013093D00135E36803995B1A12
:10CB8000AB42F1DCEAE70025F7E700BF01D6010878
:10CB900012D6010870B50E46B1F90E10002996B0F4
:10CBA00014461D460ADAB28912F0800213D14FF4FE
:10CBB000806100202A60216016B070BD6A4600F0D6
:10CBC00047F80028EFDB019A02F47042A2F5005307
:10CBD0005A425A41EBE700224021EAE78B8973B5BC
:10CBE0009E0705460C4607D504F1470323602361E1
:10CBF0000123636102B070BD01AB6A46FFF7CAFF53
:10CC0000009E28463146FFF7A7F8B4F90C3038B932
:10CC10009A05EFD423F0030343F00203A381E3E773
:10CC200043F08003A381019B2060C4E90406002B2C
:10CC3000E0D0B4F90E10284600F01CF80028D9D036
:10CC4000A38923F0030343F00103A381D2E700008B
:10CC500038B5074C00230546084611462360FFF708
:10CC600002F8431C02D1236803B12B6038BD00BF1A
:10CC70009846002038B5064C002305460846236038
:10CC8000FEF7F6FF431C02D1236803B12B6038BDC9
:10CC900098460020F8B500BFF8BC08BC9E46704717
:0CCCA000F8B500BFF8BC08BC9E46704709
:10CCAC001F00000049444C4500000000546D7220E8
:10CCBC0053766300546D72510000000000000000B8
:10CCCC000000000001020304060708090000000030
:10CCDC00010203040006101600061016E8032003D8
:10CCEC00F401FA007D000000320014000A0000007C
:10CCFC004572726F723A2043616E277420616C6CBE
:10CD0C006F63617465206D656D6F72790000000052
:10CD1C00416C6C6F636174656420256C752062795D
:10CD2C0074657320666F722043414E6F70656E2080
:10CD3C006F626A656374730A0000000043414E6FB2
:10CD4C0070656E4E6F6465202D205265736574207E
:10CD5C00636F6D6D756E69636174696F6E2E2E2EC7
:10CD6C00000000004572726F723A2043414E2069F8
:10CD7C006E697469616C697A6174696F6E20666141
:10CD8C00696C65643A2025640A0000004572726F74
:10CD9C00723A204C535320736C61766520696E692E
:10CDAC007469616C697A6174696F6E206661696C13
:10CDBC0065643A2025640A004572726F723A204FFE
:10CDCC00626A6563742044696374696F6E61727919
:10CDDC0020656E747279203078256C780A0000001A
:10CDEC004572726F723A2043414E6F70656E2069C6
:10CDFC006E697469616C697A6174696F6E206661C1
:10CE0C00696C65643A2025640A0000004572726FF3
:10CE1C00723A2050444F20696E697469616C697A6A
:10CE2C006174696F6E206661696C65643A20256473
:10CE3C000A00000043414E6F70656E4E6F646520B2
:10CE4C002D204E6F64652D6964206E6F7420696EA1
:10CE5C00697469616C697A656400000043414E6FC6
:10CE6C0070656E4E6F6465202D2052756E6E696E06
:10CE7C00672E2E2E0000000043414E6F70656E4EE3
:10CE8C006F646520526573657420436F6D6D756EAC
:10CE9C0069636174696F6E20726571756573740076
:10CEAC0043414E6F70656E4E6F64652044657669C4
:10CEBC00636520526573657400000000100000204B
:10CECC0041000000040000000802002005000000E2
:10CEDC000100000000000000000000000341000001
:10CEEC0004000000040000001400002043000000B7
:10CEFC0004000000180000204300000004000000A3
:10CF0C001C00002043000000040000000902002067
:10CF1C000C0200200143000004000000040000008B
:10CF2C001C0200202002002001430000040000002D
:10CF3C00040000002000002043000000040000005A
:10CF4C002400002043000000040000002800002002
:10CF5C0043000000020000002A0000202C000020EA
:10CF6C000143000004000000040000004C000020FD
:10CF7C0043000000020000005000002000010000EF
:10CF8C0001000000540000200141000004000000DA
:10CF9C005800002002410000040000005C0000204A
:10CFAC000341000004000000600000200441000068
:10CFBC0004000000640000200300000001000000D9
:10CFCC0030020020000100000100000034020020AB
:10CFDC00014500000400000038020020024500005A
:10CFEC0004000000680000200001000001000000A7
:10CFFC006C000020014F00000400000070000020B5
:10D00C00024F000004000000740000200303000025
:10D01C000100000078000020000100000100000069
:10D02C007C00002001430000040000008000002070
:10D03C0002030000010000008200002005430000F4
:10D04C00020000008400002000010000010000002C
:10D05C008800002001430000040000008C00002028
:10D06C0002030000010000008E00002005430000B8
:10D07C0002000000900000200001000001000000F0
:10D08C0094000020014300000400000098000020E0
:10D09C0002030000010000009A000020054300007C
:10D0AC00020000009C0000200001000001000000B4
:10D0BC00A00000200143000004000000A400002098
:10D0CC000203000001000000A60000200543000040
:10D0DC0002000000A8000020000300000100000076
:10D0EC00AC0000200143000004000000B000002050
:10D0FC000243000004000000B400002003430000C1
:10D10C0004000000B80000200443000004000000EC
:10D11C00BC0000200543000004000000C0000020FB
:10D12C000643000004000000C40000200743000078
:10D13C0004000000C80000200843000004000000A8
:10D14C00CC0000200003000001000000D0000020F3
:10D15C000143000004000000D40000200243000042
:10D16C0004000000D800002003430000040000006D
:10D17C00DC0000200443000004000000E00000205C
:10D18C000543000004000000E400002006430000FA
:10D19C0004000000E8000020074300000400000029
:10D1AC00EC0000200843000004000000F000002008
:10D1BC000003000001000000F40000200143000007
:10D1CC0004000000F80000200243000004000000EE
:10D1DC00FC000020034300000400000000010020BC
:10D1EC00044300000400000004010020054300007B
:10D1FC0004000000080100200643000004000000A9
:10D20C000C01002007430000040000001001002066
:10D21C00084300000400000014010020000300007B
:10D22C000100000018010020014300000400000070
:10D23C001C0100200243000004000000200100201B
:10D24C0003430000040000002401002004430000FC
:10D25C000400000028010020054300000400000029
:10D26C002C010020064300000400000030010020C7
:10D27C0007430000040000003401002008430000B4
:10D28C000400000038010020000100000100000033
:10D29C003C0100200143000004000000400100207C
:10D2AC0002030000010000004201002003430000C3
:10D2BC0002000000440100200543000002000000B1
:10D2CC004601002006030000010000004801002078
:10D2DC0000010000010000004C010020014300008F
:10D2EC0004000000500100200203000001000000B7
:10D2FC0052010020034300000200000054010020F2
:10D30C000543000002000000560100200603000047
:10D31C000100000058010020000100000100000085
:10D32C005C010020014300000400000060010020AB
:10D33C000203000001000000620100200343000012
:10D34C000200000064010020054300000200000000
:10D35C0066010020060300000100000068010020A7
:10D36C0000010000010000006C01002001430000DE
:10D37C000400000070010020020300000100000006
:10D38C007201002003430000020000007401002021
:10D39C000543000002000000760100200603000097
:10D3AC0001000000780100200003000001000000D3
:10D3BC007C010020014300000400000080010020DB
:10D3CC00024300000400000084010020034300001D
:10D3DC000400000088010020044300000400000049
:10D3EC008C01002005430000040000009001002087
:10D3FC0006430000040000009401002007430000D5
:10D40C000400000098010020084300000400000004
:10D41C009C0100200003000001000000A00100207E
:10D42C000143000004000000A4010020024300009E
:10D43C0004000000A80100200343000004000000C9
:10D44C00AC0100200443000004000000B0010020E7
:10D45C000543000004000000B40100200643000056
:10D46C0004000000B8010020074300000400000085
:10D47C00BC0100200843000004000000C001002093
:10D48C000003000001000000C40100200143000063
:10D49C0004000000C801002002430000040000004A
:10D4AC00CC0100200343000004000000D001002048
:10D4BC000443000004000000D401002005430000D8
:10D4CC0004000000D8010020064300000400000006
:10D4DC00DC0100200743000004000000E0010020F4
:10D4EC000843000004000000E401002000030000D9
:10D4FC0001000000E80100200143000004000000CE
:10D50C00EC0100200243000004000000F0010020A8
:10D51C000343000004000000F40100200443000059
:10D52C0004000000F8010020054300000400000086
:10D53C00FC01002006430000040000000002002053
:10D54C000743000004000000040200200843000010
:10D55C00040000003C0200204B000000040000000E
:10D56C000000000005000405000001060100010692
:10D57C0002000106000002064100040642000406F7
:10D58C0043000406470004060000060610000706C8
:10D59C0012000706130007061100090630000906E1
:10D5AC0031000906320009063600090623000A0676
:10D5BC0000000008200000082100000822000008DC
:10D5CC002300000824000008E8032003F401FA00FB
:10D5DC007D000000320014000A00000043414E6F31
:10D5EC0070656E00232D302B2000686C4C00656636
:10D5FC006745464700303132333435363738394198
:10D60C0042434445460030313233343536373839AD
:08D61C006162636465660000B1
:08D624007CDDFF7F0100000026
:04D62C00F9010008F8
:04D63000D10100081C
:10D63400AAAAAAAA0024F400100000000100000015
:10D644000000000080000000000000000000000056
:10D65400000100008000000000000800000000003D
:10D6640000000000000000000000000000000000B6
:10D67400000000000000000000000000E8030000BB
:10D684000400000000000000000000000000000092
:10D694000000000000000000030000000000008003
:10D6A400000000800100000005000000000200806E
:10D6B400FE0000000500000000030080FE000000E2
:10D6C4000500000000040080FE00000005000000CA
:10D6D40000050080FE0000000000000000000000C3
:10D6E4000000000000000000000000000000000036
:10D6F4000000000000000000000000000000000026
:10D704000000000000000000000000000000000015
:10D714000000000000000000000000000000000005
:10D7240000000000000000000000000000000000F5
:10D7340000000000000000000000000000000000E5
:10D7440000000000000000000000000000000000D5
:10D7540000000000000000000000000000000000C5
:10D76400000000000000000006000000800100C06E
:10D77400FE0000000000000006000000800200C05F
:10D78400FE0000000000000006000000800300C04E
:10D79400FE0000000000000006000000800400C03D
:10D7A400FE00000000000000000000000000000077
:10D7B4000000000000000000000000000000000065
:10D7C4000000000000000000000000000000000055
:10D7D4000000000000000000000000000000000045
:10D7E4000000000000000000000000000000000035
:10D7F4000000000000000000000000000000000025
:10D804000000000000000000000000000000000014
:10D814000000000000000000000000000000000004
:10D8240000000000000000000000000000000000F4
:10D8340000000000000000000004000001000000DF
:10D8440001000000010000000100000004000000CD
:10D8540001000000010000000100000001000000C0
:10D864000200000000060000800500000000000027
:10D8740000100101C8CE01080000000001100101E0
:10D88400D4CE01080000000003101102E0CE01080C
:10D894000000000005100101F4CE010800000000A2
:10D8A4000610010100CF010800000000071001016B
:10D8B4000CCF0108000000001010050218CF010869
:10D8C40000000000111005022CCF01080000000028
:10D8D4001210010140CF01080000000014100101E2
:10D8E4004CCF0108000000001510010158CF0108B9
:10D8F400000000001610090264CF010800000000B7
:10D904001710010178CF010800000000181005036A
:10D9140084CF01080000000019100101C0CF0108E4
:10D924000000000000120303CCCF01080000000037
:10D9340080120403F0CF0108000000000014040367
:10D9440020D00108000000000114040350D0010895
:10D95400000000000214040380D00108000000004D
:10D9640003140403B0D001080000000000160903EA
:10D97400E0D0010800000000011609034CD10108A1
:10D984000000000002160903B8D1010800000000DD
:10D994000316090324D2010800000000001806033E
:10D9A40090D201080000000001180603D8D2010833
:10D9B400000000000218060320D301080000000044
:10D9C4000318060368D3010800000000001A0903C5
:10D9D400B0D3010800000000011A09031CD4010897
:10D9E40000000000021A090388D4010800000000A6
:10D9F400031A0903F4D401080000000000600101C7
:10DA040060D50108000000000000000000000000D4
:10DA1400000000002200000040020020E403002077
:10DA240000000000030000005C450020000400200A
:10DA3400000000005C450020C44500202C46002066
:10DA440000000000000000000000000000000000D2
:10DA540000000000000000000000000000000000C2
:10DA640000000000000000000000000000000000B2
:0CDA7400000000000000000000000000A6
:040000050801BC79B9
:00000001FF
